{
  "type": "FeatureCollection",
  "features": [
    {
      "type": "Feature",
      "properties": {
        "uid": "a1XVI00000FBBVz2AP",
        "name": "Snuggles"
      },
      "geometry": {
        "type": "Point",
        "coordinates": [
          -119.217385,
          40.794046
        ]
      }
    },
    {
      "type": "Feature",
      "properties": {
        "uid": "a1XVI00000FBFj32AH",
        "name": "The Airship"
      },
      "geometry": {
        "type": "Point",
        "coordinates": [
          -119.208332,
          40.772658
        ]
      }
    },
    {
      "type": "Feature",
      "properties": {
        "uid": "a1XVI00000FBH052AH",
        "name": "Down Low Club"
      },
      "geometry": {
        "type": "Point",
        "coordinates": [
          -119.221713,
          40.782551
        ]
      }
    },
    {
      "type": "Feature",
      "properties": {
        "uid": "a1XVI00000FBHw92AH",
        "name": "Camp Gotalotgoinon"
      },
      "geometry": {
        "type": "Point",
        "coordinates": [
          -119.214148,
          40.771441
        ]
      }
    },
    {
      "type": "Feature",
      "properties": {
        "uid": "a1XVI00000FBIU12AP",
        "name": "CAMP JUICY"
      },
      "geometry": {
        "type": "Point",
        "coordinates": [
          -119.208986,
          40.775542
        ]
      }
    },
    {
      "type": "Feature",
      "properties": {
        "uid": "a1XVI00000FBIXF2A5",
        "name": "Camp Pull My Finger"
      },
      "geometry": {
        "type": "Point",
        "coordinates": [
          -119.220994,
          40.778708
        ]
      }
    },
    {
      "type": "Feature",
      "properties": {
        "uid": "a1XVI00000FBJ3V2AX",
        "name": "Orphan Asylum"
      },
      "geometry": {
        "type": "Point",
        "coordinates": [
          -119.211064,
          40.791256
        ]
      }
    },
    {
      "type": "Feature",
      "properties": {
        "uid": "a1XVI00000FBJ6j2AH",
        "name": "Feed tHE ARTists"
      },
      "geometry": {
        "type": "Point",
        "coordinates": [
          -119.212173,
          40.792881
        ]
      }
    },
    {
      "type": "Feature",
      "properties": {
        "uid": "a1XVI00000FBJ8L2AX",
        "name": "The Shuttle Home"
      },
      "geometry": {
        "type": "Point",
        "coordinates": [
          -119.216646,
          40.793577
        ]
      }
    },
    {
      "type": "Feature",
      "properties": {
        "uid": "a1XVI00000FBJGP2A5",
        "name": "Bike Gods"
      },
      "geometry": {
        "type": "Point",
        "coordinates": [
          -119.217426,
          40.79107
        ]
      }
    },
    {
      "type": "Feature",
      "properties": {
        "uid": "a1XVI00000FBJMr2AP",
        "name": "FELANGY"
      },
      "geometry": {
        "type": "Point",
        "coordinates": [
          -119.219608,
          40.78448
        ]
      }
    },
    {
      "type": "Feature",
      "properties": {
        "uid": "a1XVI00000FBJZl2AP",
        "name": "Zeta zone"
      },
      "geometry": {
        "type": "Point",
        "coordinates": [
          -119.221694,
          40.784124
        ]
      }
    },
    {
      "type": "Feature",
      "properties": {
        "uid": "a1XVI00000FBJcz2AH",
        "name": "Hello Mom!"
      },
      "geometry": {
        "type": "Point",
        "coordinates": [
          -119.198311,
          40.775088
        ]
      }
    },
    {
      "type": "Feature",
      "properties": {
        "uid": "a1XVI00000FBJeb2AH",
        "name": "Kuker Camp"
      },
      "geometry": {
        "type": "Point",
        "coordinates": [
          -119.222571,
          40.775673
        ]
      }
    },
    {
      "type": "Feature",
      "properties": {
        "uid": "a1XVI00000FBKFh2AP",
        "name": "Squeeze the Day"
      },
      "geometry": {
        "type": "Point",
        "coordinates": [
          -119.202574,
          40.775185
        ]
      }
    },
    {
      "type": "Feature",
      "properties": {
        "uid": "a1XVI00000FBKHJ2A5",
        "name": "Black Rock City Pickleball Club"
      },
      "geometry": {
        "type": "Point",
        "coordinates": [
          -119.219195,
          40.785888
        ]
      }
    },
    {
      "type": "Feature",
      "properties": {
        "uid": "a1XVI00000FBKcH2AX",
        "name": "Tabernacle"
      },
      "geometry": {
        "type": "Point",
        "coordinates": [
          -119.212263,
          40.794076
        ]
      }
    },
    {
      "type": "Feature",
      "properties": {
        "uid": "a1XVI00000FBMJ72AP",
        "name": "Camp Balagan"
      },
      "geometry": {
        "type": "Point",
        "coordinates": [
          -119.215772,
          40.79294
        ]
      }
    },
    {
      "type": "Feature",
      "properties": {
        "uid": "a1XVI00000FBQQ12AP",
        "name": "Dusty Speakeasy and Sanctuary"
      },
      "geometry": {
        "type": "Point",
        "coordinates": [
          -119.211327,
          40.774196
        ]
      }
    },
    {
      "type": "Feature",
      "properties": {
        "uid": "a1XVI00000FBVCj2AP",
        "name": "Chicago Handshake"
      },
      "geometry": {
        "type": "Point",
        "coordinates": [
          -119.197392,
          40.776439
        ]
      }
    },
    {
      "type": "Feature",
      "properties": {
        "uid": "a1XVI00000FBWTl2AP",
        "name": "Camp Pendant"
      },
      "geometry": {
        "type": "Point",
        "coordinates": [
          -119.220476,
          40.781684
        ]
      }
    },
    {
      "type": "Feature",
      "properties": {
        "uid": "a1XVI00000FBbBh2AL",
        "name": "NORSE CODE"
      },
      "geometry": {
        "type": "Point",
        "coordinates": [
          -119.219458,
          40.790819
        ]
      }
    },
    {
      "type": "Feature",
      "properties": {
        "uid": "a1XVI00000FBeRJ2A1",
        "name": "Blue CATerpillar"
      },
      "geometry": {
        "type": "Point",
        "coordinates": [
          -119.214385,
          40.791251
        ]
      }
    },
    {
      "type": "Feature",
      "properties": {
        "uid": "a1XVI00000FBf2P2AT",
        "name": "Wild Free Spirit"
      },
      "geometry": {
        "type": "Point",
        "coordinates": [
          -119.215972,
          40.788269
        ]
      }
    },
    {
      "type": "Feature",
      "properties": {
        "uid": "a1XVI00000FBfiL2AT",
        "name": "Knot Sure"
      },
      "geometry": {
        "type": "Point",
        "coordinates": [
          -119.217424,
          40.775597
        ]
      }
    },
    {
      "type": "Feature",
      "properties": {
        "uid": "a1XVI00000FBg6X2AT",
        "name": "Joyism MVSC"
      },
      "geometry": {
        "type": "Point",
        "coordinates": [
          -119.204945,
          40.772514
        ]
      }
    },
    {
      "type": "Feature",
      "properties": {
        "uid": "a1XVI00000FBhSP2A1",
        "name": "The Glorious Wet Spot"
      },
      "geometry": {
        "type": "Point",
        "coordinates": [
          -119.197434,
          40.77393
        ]
      }
    },
    {
      "type": "Feature",
      "properties": {
        "uid": "a1XVI00000FBhdh2AD",
        "name": "Camp Why is My Mouth Tingling"
      },
      "geometry": {
        "type": "Point",
        "coordinates": [
          -119.20632,
          40.769866
        ]
      }
    },
    {
      "type": "Feature",
      "properties": {
        "uid": "a1XVI00000FBhvR2AT",
        "name": "noMADart"
      },
      "geometry": {
        "type": "Point",
        "coordinates": [
          -119.220086,
          40.7863
        ]
      }
    },
    {
      "type": "Feature",
      "properties": {
        "uid": "a1XVI00000FBhx32AD",
        "name": "Camp Elephant Toe"
      },
      "geometry": {
        "type": "Point",
        "coordinates": [
          -119.222623,
          40.776525
        ]
      }
    },
    {
      "type": "Feature",
      "properties": {
        "uid": "a1XVI00000FBwCv2AL",
        "name": "Fokaround"
      },
      "geometry": {
        "type": "Point",
        "coordinates": [
          -119.217813,
          40.793395
        ]
      }
    },
    {
      "type": "Feature",
      "properties": {
        "uid": "a1XVI00000FBxtl2AD",
        "name": "Pussy Day Spa"
      },
      "geometry": {
        "type": "Point",
        "coordinates": [
          -119.21731,
          40.787146
        ]
      }
    },
    {
      "type": "Feature",
      "properties": {
        "uid": "a1XVI00000FBzp72AD",
        "name": "Guano Loco Lounge"
      },
      "geometry": {
        "type": "Point",
        "coordinates": [
          -119.197019,
          40.779628
        ]
      }
    },
    {
      "type": "Feature",
      "properties": {
        "uid": "a1XVI00000FC1Cb2AL",
        "name": "Khaleeya"
      },
      "geometry": {
        "type": "Point",
        "coordinates": [
          -119.217174,
          40.791609
        ]
      }
    },
    {
      "type": "Feature",
      "properties": {
        "uid": "a1XVI00000FC31V2AT",
        "name": "Bad Idea"
      },
      "geometry": {
        "type": "Point",
        "coordinates": [
          -119.205981,
          40.772381
        ]
      }
    },
    {
      "type": "Feature",
      "properties": {
        "uid": "a1XVI00000FC6Vd2AL",
        "name": "Wally's Cowboy Kitchen"
      },
      "geometry": {
        "type": "Point",
        "coordinates": [
          -119.216538,
          40.778307
        ]
      }
    },
    {
      "type": "Feature",
      "properties": {
        "uid": "a1XVI00000FC6sD2AT",
        "name": "Pussy Avalanche"
      },
      "geometry": {
        "type": "Point",
        "coordinates": [
          -119.203807,
          40.770684
        ]
      }
    },
    {
      "type": "Feature",
      "properties": {
        "uid": "a1XVI00000FC7GP2A1",
        "name": "tiny camp"
      },
      "geometry": {
        "type": "Point",
        "coordinates": [
          -119.221927,
          40.794509
        ]
      }
    },
    {
      "type": "Feature",
      "properties": {
        "uid": "a1XVI00000FC7Rh2AL",
        "name": "YOUniversal Teahouse"
      },
      "geometry": {
        "type": "Point",
        "coordinates": [
          -119.210432,
          40.772737
        ]
      }
    },
    {
      "type": "Feature",
      "properties": {
        "uid": "a1XVI00000FC7uj2AD",
        "name": "Black Karma"
      },
      "geometry": {
        "type": "Point",
        "coordinates": [
          -119.218585,
          40.776543
        ]
      }
    },
    {
      "type": "Feature",
      "properties": {
        "uid": "a1XVI00000FC7xx2AD",
        "name": "Hug cabana camp"
      },
      "geometry": {
        "type": "Point",
        "coordinates": [
          -119.210457,
          40.773736
        ]
      }
    },
    {
      "type": "Feature",
      "properties": {
        "uid": "a1XVI00000FC89F2AT",
        "name": "Send Noods"
      },
      "geometry": {
        "type": "Point",
        "coordinates": [
          -119.208882,
          40.773496
        ]
      }
    },
    {
      "type": "Feature",
      "properties": {
        "uid": "a1XVI00000FCDqT2AX",
        "name": "Bag o' Dicks"
      },
      "geometry": {
        "type": "Point",
        "coordinates": [
          -119.198545,
          40.777631
        ]
      }
    },
    {
      "type": "Feature",
      "properties": {
        "uid": "a1XVI00000FCEBR2A5",
        "name": "Camp Zoombox"
      },
      "geometry": {
        "type": "Point",
        "coordinates": [
          -119.192666,
          40.778252
        ]
      }
    },
    {
      "type": "Feature",
      "properties": {
        "uid": "a1XVI00000FCEhh2AH",
        "name": "Foreskin"
      },
      "geometry": {
        "type": "Point",
        "coordinates": [
          -119.198191,
          40.777418
        ]
      }
    },
    {
      "type": "Feature",
      "properties": {
        "uid": "a1XVI00000FCFCL2A5",
        "name": "WrongoWrongo"
      },
      "geometry": {
        "type": "Point",
        "coordinates": [
          -119.205304,
          40.770387
        ]
      }
    },
    {
      "type": "Feature",
      "properties": {
        "uid": "a1XVI00000FCG0L2AX",
        "name": "ASTRO SHACK JaVa JoINt"
      },
      "geometry": {
        "type": "Point",
        "coordinates": [
          -119.217357,
          40.787633
        ]
      }
    },
    {
      "type": "Feature",
      "properties": {
        "uid": "a1XVI00000FCGRl2AP",
        "name": "Crepiphany"
      },
      "geometry": {
        "type": "Point",
        "coordinates": [
          -119.216818,
          40.775937
        ]
      }
    },
    {
      "type": "Feature",
      "properties": {
        "uid": "a1XVI00000FCGbR2AX",
        "name": "The Crusty Swan"
      },
      "geometry": {
        "type": "Point",
        "coordinates": [
          -119.219325,
          40.774148
        ]
      }
    },
    {
      "type": "Feature",
      "properties": {
        "uid": "a1XVI00000FCGrZ2AX",
        "name": "Scorpion Walks"
      },
      "geometry": {
        "type": "Point",
        "coordinates": [
          -119.196352,
          40.776713
        ]
      }
    },
    {
      "type": "Feature",
      "properties": {
        "uid": "a1XVI00000FCKyP2AX",
        "name": "French Fruits"
      },
      "geometry": {
        "type": "Point",
        "coordinates": [
          -119.220996,
          40.785614
        ]
      }
    },
    {
      "type": "Feature",
      "properties": {
        "uid": "a1XVI00000FCL3F2AX",
        "name": "Camp Cosmo"
      },
      "geometry": {
        "type": "Point",
        "coordinates": [
          -119.22158,
          40.781224
        ]
      }
    },
    {
      "type": "Feature",
      "properties": {
        "uid": "a1XVI00000FCL9h2AH",
        "name": "Silver City"
      },
      "geometry": {
        "type": "Point",
        "coordinates": [
          -119.208328,
          40.771357
        ]
      }
    },
    {
      "type": "Feature",
      "properties": {
        "uid": "a1XVI00000FCLEX2A5",
        "name": "Playa Choir"
      },
      "geometry": {
        "type": "Point",
        "coordinates": [
          -119.218078,
          40.775968
        ]
      }
    },
    {
      "type": "Feature",
      "properties": {
        "uid": "a1XVI00000FCLHl2AP",
        "name": "Cheshire Alley"
      },
      "geometry": {
        "type": "Point",
        "coordinates": [
          -119.207182,
          40.770183
        ]
      }
    },
    {
      "type": "Feature",
      "properties": {
        "uid": "a1XVI00000FCLMb2AP",
        "name": "Vamp Camp"
      },
      "geometry": {
        "type": "Point",
        "coordinates": [
          -119.212836,
          40.792332
        ]
      }
    },
    {
      "type": "Feature",
      "properties": {
        "uid": "a1XVI00000FCMIf2AP",
        "name": "Camp Elektra"
      },
      "geometry": {
        "type": "Point",
        "coordinates": [
          -119.221641,
          40.79471
        ]
      }
    },
    {
      "type": "Feature",
      "properties": {
        "uid": "a1XVI00000FCMqX2AX",
        "name": "Alter Ego"
      },
      "geometry": {
        "type": "Point",
        "coordinates": [
          -119.205251,
          40.775037
        ]
      }
    },
    {
      "type": "Feature",
      "properties": {
        "uid": "a1XVI00000FCNUr2AP",
        "name": "Dacha"
      },
      "geometry": {
        "type": "Point",
        "coordinates": [
          -119.214897,
          40.791915
        ]
      }
    },
    {
      "type": "Feature",
      "properties": {
        "uid": "a1XVI00000FCaWv2AL",
        "name": "Chariot Project"
      },
      "geometry": {
        "type": "Point",
        "coordinates": [
          -119.217383,
          40.779292
        ]
      }
    },
    {
      "type": "Feature",
      "properties": {
        "uid": "a1XVI00000FCjqL2AT",
        "name": "Dusty Taint"
      },
      "geometry": {
        "type": "Point",
        "coordinates": [
          -119.199292,
          40.777506
        ]
      }
    },
    {
      "type": "Feature",
      "properties": {
        "uid": "a1XVI00000FCxy92AD",
        "name": "GlouGlou Art"
      },
      "geometry": {
        "type": "Point",
        "coordinates": [
          -119.215227,
          40.776596
        ]
      }
    },
    {
      "type": "Feature",
      "properties": {
        "uid": "a1XVI00000FCzof2AD",
        "name": "Deep Playa Simulator"
      },
      "geometry": {
        "type": "Point",
        "coordinates": [
          -119.213548,
          40.793033
        ]
      }
    },
    {
      "type": "Feature",
      "properties": {
        "uid": "a1XVI00000FD03B2AT",
        "name": "Pops and Drops"
      },
      "geometry": {
        "type": "Point",
        "coordinates": [
          -119.201913,
          40.774579
        ]
      }
    },
    {
      "type": "Feature",
      "properties": {
        "uid": "a1XVI00000FD1Yj2AL",
        "name": "Snow Chance"
      },
      "geometry": {
        "type": "Point",
        "coordinates": [
          -119.218421,
          40.787635
        ]
      }
    },
    {
      "type": "Feature",
      "properties": {
        "uid": "a1XVI00000FD2BR2A1",
        "name": "Temple Oasis"
      },
      "geometry": {
        "type": "Point",
        "coordinates": [
          -119.212188,
          40.775688
        ]
      }
    },
    {
      "type": "Feature",
      "properties": {
        "uid": "a1XVI00000FDOyL2AX",
        "name": "Pretty Pickle"
      },
      "geometry": {
        "type": "Point",
        "coordinates": [
          -119.218606,
          40.7836
        ]
      }
    },
    {
      "type": "Feature",
      "properties": {
        "uid": "a1XVI00000FDQs52AH",
        "name": "Gypsy Monkey Carnival"
      },
      "geometry": {
        "type": "Point",
        "coordinates": [
          -119.196291,
          40.774746
        ]
      }
    },
    {
      "type": "Feature",
      "properties": {
        "uid": "a1XVI00000FDWcX2AX",
        "name": "Mystikal Misfits"
      },
      "geometry": {
        "type": "Point",
        "coordinates": [
          -119.215988,
          40.787132
        ]
      }
    },
    {
      "type": "Feature",
      "properties": {
        "uid": "a1XVI00000FDcWf2AL",
        "name": "Groundhaus"
      },
      "geometry": {
        "type": "Point",
        "coordinates": [
          -119.211974,
          40.772338
        ]
      }
    },
    {
      "type": "Feature",
      "properties": {
        "uid": "a1XVI00000FDczh2AD",
        "name": "Shanty Town"
      },
      "geometry": {
        "type": "Point",
        "coordinates": [
          -119.216711,
          40.775584
        ]
      }
    },
    {
      "type": "Feature",
      "properties": {
        "uid": "a1XVI00000FDd1J2AT",
        "name": "machinedom - the experience"
      },
      "geometry": {
        "type": "Point",
        "coordinates": [
          -119.220742,
          40.772955
        ]
      }
    },
    {
      "type": "Feature",
      "properties": {
        "uid": "a1XVI00000FDdFp2AL",
        "name": "Lost and Sound"
      },
      "geometry": {
        "type": "Point",
        "coordinates": [
          -119.195467,
          40.774796
        ]
      }
    },
    {
      "type": "Feature",
      "properties": {
        "uid": "a1XVI00000FDdKf2AL",
        "name": "Jitters & Bitters"
      },
      "geometry": {
        "type": "Point",
        "coordinates": [
          -119.196912,
          40.776126
        ]
      }
    },
    {
      "type": "Feature",
      "properties": {
        "uid": "a1XVI00000FDejl2AD",
        "name": "Side Boob"
      },
      "geometry": {
        "type": "Point",
        "coordinates": [
          -119.205628,
          40.771338
        ]
      }
    },
    {
      "type": "Feature",
      "properties": {
        "uid": "a1XVI00000FDelN2AT",
        "name": "Mist Connections"
      },
      "geometry": {
        "type": "Point",
        "coordinates": [
          -119.203887,
          40.77514
        ]
      }
    },
    {
      "type": "Feature",
      "properties": {
        "uid": "a1XVI00000FDemz2AD",
        "name": "SomeDay Isle ..."
      },
      "geometry": {
        "type": "Point",
        "coordinates": [
          -119.219666,
          40.785356
        ]
      }
    },
    {
      "type": "Feature",
      "properties": {
        "uid": "a1XVI00000FDoG52AL",
        "name": "SYMBIO"
      },
      "geometry": {
        "type": "Point",
        "coordinates": [
          -119.193698,
          40.777755
        ]
      }
    },
    {
      "type": "Feature",
      "properties": {
        "uid": "a1XVI00000FE7PB2A1",
        "name": "Avant Garden"
      },
      "geometry": {
        "type": "Point",
        "coordinates": [
          -119.218081,
          40.772284
        ]
      }
    },
    {
      "type": "Feature",
      "properties": {
        "uid": "a1XVI00000FEEiP2AX",
        "name": "Elixai Dust Tribe"
      },
      "geometry": {
        "type": "Point",
        "coordinates": [
          -119.212715,
          40.796153
        ]
      }
    },
    {
      "type": "Feature",
      "properties": {
        "uid": "a1XVI00000FEGp32AH",
        "name": "Lands Beyond"
      },
      "geometry": {
        "type": "Point",
        "coordinates": [
          -119.220389,
          40.790821
        ]
      }
    },
    {
      "type": "Feature",
      "properties": {
        "uid": "a1XVI00000FEHef2AH",
        "name": "Cheezy Oasis"
      },
      "geometry": {
        "type": "Point",
        "coordinates": [
          -119.221858,
          40.780591
        ]
      }
    },
    {
      "type": "Feature",
      "properties": {
        "uid": "a1XVI00000FEKJB2A5",
        "name": "ANTIIX"
      },
      "geometry": {
        "type": "Point",
        "coordinates": [
          -119.222093,
          40.785022
        ]
      }
    },
    {
      "type": "Feature",
      "properties": {
        "uid": "a1XVI00000FEbVJ2A1",
        "name": "Three of Cups"
      },
      "geometry": {
        "type": "Point",
        "coordinates": [
          -119.21905,
          40.784857
        ]
      }
    },
    {
      "type": "Feature",
      "properties": {
        "uid": "a1XVI00000FEccf2AD",
        "name": "Cult of the Magic Lady"
      },
      "geometry": {
        "type": "Point",
        "coordinates": [
          -119.218601,
          40.782088
        ]
      }
    },
    {
      "type": "Feature",
      "properties": {
        "uid": "a1XVI00000FEl852AD",
        "name": "Unicorner"
      },
      "geometry": {
        "type": "Point",
        "coordinates": [
          -119.202372,
          40.775592
        ]
      }
    },
    {
      "type": "Feature",
      "properties": {
        "uid": "a1XVI00000FEn8H2AT",
        "name": "InfiniTea"
      },
      "geometry": {
        "type": "Point",
        "coordinates": [
          -119.222397,
          40.777817
        ]
      }
    },
    {
      "type": "Feature",
      "properties": {
        "uid": "a1XVI00000FEphx2AD",
        "name": "Axis of Stillness"
      },
      "geometry": {
        "type": "Point",
        "coordinates": [
          -119.209155,
          40.770621
        ]
      }
    },
    {
      "type": "Feature",
      "properties": {
        "uid": "a1XVI00000FEr0b2AD",
        "name": "Patsy's Hangout"
      },
      "geometry": {
        "type": "Point",
        "coordinates": [
          -119.221738,
          40.782969
        ]
      }
    },
    {
      "type": "Feature",
      "properties": {
        "uid": "a1XVI00000FErVF2A1",
        "name": "Off the Dome"
      },
      "geometry": {
        "type": "Point",
        "coordinates": [
          -119.217476,
          40.782503
        ]
      }
    },
    {
      "type": "Feature",
      "properties": {
        "uid": "a1XVI00000FEs1V2AT",
        "name": "Grateful Burners"
      },
      "geometry": {
        "type": "Point",
        "coordinates": [
          -119.201894,
          40.775802
        ]
      }
    },
    {
      "type": "Feature",
      "properties": {
        "uid": "a1XVI00000FEsaz2AD",
        "name": "Fantastic Sams"
      },
      "geometry": {
        "type": "Point",
        "coordinates": [
          -119.221183,
          40.779041
        ]
      }
    },
    {
      "type": "Feature",
      "properties": {
        "uid": "a1XVI00000FF3Hv2AL",
        "name": "Après-Ski"
      },
      "geometry": {
        "type": "Point",
        "coordinates": [
          -119.218719,
          40.787032
        ]
      }
    },
    {
      "type": "Feature",
      "properties": {
        "uid": "a1XVI00000FF70X2AT",
        "name": "Lily Pad Lounge"
      },
      "geometry": {
        "type": "Point",
        "coordinates": [
          -119.204169,
          40.7709
        ]
      }
    },
    {
      "type": "Feature",
      "properties": {
        "uid": "a1XVI00000FFFkT2AX",
        "name": "Airstreameri and What Not"
      },
      "geometry": {
        "type": "Point",
        "coordinates": [
          -119.204011,
          40.773918
        ]
      }
    },
    {
      "type": "Feature",
      "properties": {
        "uid": "a1XVI00000FFWGf2AP",
        "name": "No Holes Barred Comedy Club"
      },
      "geometry": {
        "type": "Point",
        "coordinates": [
          -119.224802,
          40.782931
        ]
      }
    },
    {
      "type": "Feature",
      "properties": {
        "uid": "a1XVI00000FFWN72AP",
        "name": "More Is More"
      },
      "geometry": {
        "type": "Point",
        "coordinates": [
          -119.22064,
          40.791366
        ]
      }
    },
    {
      "type": "Feature",
      "properties": {
        "uid": "a1XVI00000FFWTZ2A5",
        "name": "Knotty Peckers"
      },
      "geometry": {
        "type": "Point",
        "coordinates": [
          -119.209543,
          40.773549
        ]
      }
    },
    {
      "type": "Feature",
      "properties": {
        "uid": "a1XVI00000FFaSL2A1",
        "name": "Stoop"
      },
      "geometry": {
        "type": "Point",
        "coordinates": [
          -119.208127,
          40.772219
        ]
      }
    },
    {
      "type": "Feature",
      "properties": {
        "uid": "a1XVI00000FFaTx2AL",
        "name": "SIZE DOESN'T MATTER"
      },
      "geometry": {
        "type": "Point",
        "coordinates": [
          -119.198818,
          40.77476
        ]
      }
    },
    {
      "type": "Feature",
      "properties": {
        "uid": "a1XVI00000FFac12AD",
        "name": "Red Rooster Ranch"
      },
      "geometry": {
        "type": "Point",
        "coordinates": [
          -119.201402,
          40.772188
        ]
      }
    },
    {
      "type": "Feature",
      "properties": {
        "uid": "a1XVI00000FFas92AD",
        "name": "Camp Codename"
      },
      "geometry": {
        "type": "Point",
        "coordinates": [
          -119.206842,
          40.772381
        ]
      }
    },
    {
      "type": "Feature",
      "properties": {
        "uid": "a1XVI00000FFawz2AD",
        "name": "BLACK ROCK ADVENTURES BUS STOP!"
      },
      "geometry": {
        "type": "Point",
        "coordinates": [
          -119.202811,
          40.774644
        ]
      }
    },
    {
      "type": "Feature",
      "properties": {
        "uid": "a1XVI00000FFb532AD",
        "name": "DJ University"
      },
      "geometry": {
        "type": "Point",
        "coordinates": [
          -119.219219,
          40.789941
        ]
      }
    },
    {
      "type": "Feature",
      "properties": {
        "uid": "a1XVI00000FFh8r2AD",
        "name": "The Hand Lovers Lounge"
      },
      "geometry": {
        "type": "Point",
        "coordinates": [
          -119.220038,
          40.777474
        ]
      }
    },
    {
      "type": "Feature",
      "properties": {
        "uid": "a1XVI00000FFhf72AD",
        "name": "Aurora"
      },
      "geometry": {
        "type": "Point",
        "coordinates": [
          -119.206873,
          40.772725
        ]
      }
    },
    {
      "type": "Feature",
      "properties": {
        "uid": "a1XVI00000FFnRB2A1",
        "name": "Irrelephant Bird Camp"
      },
      "geometry": {
        "type": "Point",
        "coordinates": [
          -119.220049,
          40.778193
        ]
      }
    },
    {
      "type": "Feature",
      "properties": {
        "uid": "a1XVI00000FFnxR2AT",
        "name": "Phantasmagoria Camp"
      },
      "geometry": {
        "type": "Point",
        "coordinates": [
          -119.204861,
          40.77612
        ]
      }
    },
    {
      "type": "Feature",
      "properties": {
        "uid": "a1XVI00000FFrY12AL",
        "name": "Simian Akademy"
      },
      "geometry": {
        "type": "Point",
        "coordinates": [
          -119.221454,
          40.785012
        ]
      }
    },
    {
      "type": "Feature",
      "properties": {
        "uid": "a1XVI00000FFsYv2AL",
        "name": "Joyism"
      },
      "geometry": {
        "type": "Point",
        "coordinates": [
          -119.205414,
          40.772446
        ]
      }
    },
    {
      "type": "Feature",
      "properties": {
        "uid": "a1XVI00000FFsdl2AD",
        "name": "DraKasha"
      },
      "geometry": {
        "type": "Point",
        "coordinates": [
          -119.216644,
          40.796737
        ]
      }
    },
    {
      "type": "Feature",
      "properties": {
        "uid": "a1XVI00000FFstt2AD",
        "name": "7 Sirens Cove"
      },
      "geometry": {
        "type": "Point",
        "coordinates": [
          -119.218534,
          40.781425
        ]
      }
    },
    {
      "type": "Feature",
      "properties": {
        "uid": "a1XVI00000FG0rR2AT",
        "name": "Synapse Conduit"
      },
      "geometry": {
        "type": "Point",
        "coordinates": [
          -119.212483,
          40.774945
        ]
      }
    },
    {
      "type": "Feature",
      "properties": {
        "uid": "a1XVI00000FG2GX2A1",
        "name": "Duane's Whirld"
      },
      "geometry": {
        "type": "Point",
        "coordinates": [
          -119.218825,
          40.796346
        ]
      }
    },
    {
      "type": "Feature",
      "properties": {
        "uid": "a1XVI00000FG34X2AT",
        "name": "Black Hole Literary Society"
      },
      "geometry": {
        "type": "Point",
        "coordinates": [
          -119.21759,
          40.78774
        ]
      }
    },
    {
      "type": "Feature",
      "properties": {
        "uid": "a1XVI00000FG39N2AT",
        "name": "Metal Detected"
      },
      "geometry": {
        "type": "Point",
        "coordinates": [
          -119.214313,
          40.775195
        ]
      }
    },
    {
      "type": "Feature",
      "properties": {
        "uid": "a1XVI00000FG3vl2AD",
        "name": "Camp Do Nothing"
      },
      "geometry": {
        "type": "Point",
        "coordinates": [
          -119.198582,
          40.775899
        ]
      }
    },
    {
      "type": "Feature",
      "properties": {
        "uid": "a1XVI00000FG4Jx2AL",
        "name": "Stars And Bikes"
      },
      "geometry": {
        "type": "Point",
        "coordinates": [
          -119.197017,
          40.778006
        ]
      }
    },
    {
      "type": "Feature",
      "properties": {
        "uid": "a1XVI00000FG62P2AT",
        "name": "T.B.C."
      },
      "geometry": {
        "type": "Point",
        "coordinates": [
          -119.193131,
          40.778691
        ]
      }
    },
    {
      "type": "Feature",
      "properties": {
        "uid": "a1XVI00000FG6C52AL",
        "name": "DragonCamp Armory"
      },
      "geometry": {
        "type": "Point",
        "coordinates": [
          -119.224429,
          40.7835
        ]
      }
    },
    {
      "type": "Feature",
      "properties": {
        "uid": "a1XVI00000FG8c52AD",
        "name": "SAHARAA CAMP"
      },
      "geometry": {
        "type": "Point",
        "coordinates": [
          -119.221055,
          40.7951
        ]
      }
    },
    {
      "type": "Feature",
      "properties": {
        "uid": "a1XVI00000FG91t2AD",
        "name": "PolyParadise"
      },
      "geometry": {
        "type": "Point",
        "coordinates": [
          -119.221854,
          40.788849
        ]
      }
    },
    {
      "type": "Feature",
      "properties": {
        "uid": "a1XVI00000FGDlR2AX",
        "name": "Snacklandia"
      },
      "geometry": {
        "type": "Point",
        "coordinates": [
          -119.214999,
          40.775959
        ]
      }
    },
    {
      "type": "Feature",
      "properties": {
        "uid": "a1XVI00000FGOKH2A5",
        "name": "SLAYER!"
      },
      "geometry": {
        "type": "Point",
        "coordinates": [
          -119.2165,
          40.776387
        ]
      }
    },
    {
      "type": "Feature",
      "properties": {
        "uid": "a1XVI00000FGaID2A1",
        "name": "Bar Fallover"
      },
      "geometry": {
        "type": "Point",
        "coordinates": [
          -119.204665,
          40.77256
        ]
      }
    },
    {
      "type": "Feature",
      "properties": {
        "uid": "a1XVI00000FGaoT2AT",
        "name": "Awesomesauce"
      },
      "geometry": {
        "type": "Point",
        "coordinates": [
          -119.220087,
          40.783049
        ]
      }
    },
    {
      "type": "Feature",
      "properties": {
        "uid": "a1XVI00000FGbJ72AL",
        "name": "Costco Soulmate Trading Outlet"
      },
      "geometry": {
        "type": "Point",
        "coordinates": [
          -119.225066,
          40.782583
        ]
      }
    },
    {
      "type": "Feature",
      "properties": {
        "uid": "a1XVI00000FGkFx2AL",
        "name": "Sharkey's Bar and Lounge"
      },
      "geometry": {
        "type": "Point",
        "coordinates": [
          -119.218264,
          40.78068
        ]
      }
    },
    {
      "type": "Feature",
      "properties": {
        "uid": "a1XVI00000FGrCb2AL",
        "name": "Camp Stranger Things"
      },
      "geometry": {
        "type": "Point",
        "coordinates": [
          -119.198371,
          40.778482
        ]
      }
    },
    {
      "type": "Feature",
      "properties": {
        "uid": "a1XVI00000FGuSD2A1",
        "name": "Camp DIY"
      },
      "geometry": {
        "type": "Point",
        "coordinates": [
          -119.221305,
          40.774523
        ]
      }
    },
    {
      "type": "Feature",
      "properties": {
        "uid": "a1XVI00000FGy7d2AD",
        "name": "Homebrew 4A Homebrew"
      },
      "geometry": {
        "type": "Point",
        "coordinates": [
          -119.216514,
          40.776945
        ]
      }
    },
    {
      "type": "Feature",
      "properties": {
        "uid": "a1XVI00000FGz6v2AD",
        "name": "IcyHands Chillzone"
      },
      "geometry": {
        "type": "Point",
        "coordinates": [
          -119.201987,
          40.77592
        ]
      }
    },
    {
      "type": "Feature",
      "properties": {
        "uid": "a1XVI00000FH4Ef2AL",
        "name": "Putt Putt Palace"
      },
      "geometry": {
        "type": "Point",
        "coordinates": [
          -119.220458,
          40.789832
        ]
      }
    },
    {
      "type": "Feature",
      "properties": {
        "uid": "a1XVI00000FHGfd2AH",
        "name": "Future Turtles"
      },
      "geometry": {
        "type": "Point",
        "coordinates": [
          -119.22222,
          40.779936
        ]
      }
    },
    {
      "type": "Feature",
      "properties": {
        "uid": "a1XVI00000FHKJR2A5",
        "name": "Camp P3"
      },
      "geometry": {
        "type": "Point",
        "coordinates": [
          -119.223,
          40.784306
        ]
      }
    },
    {
      "type": "Feature",
      "properties": {
        "uid": "a1XVI00000FHKL32AP",
        "name": "Bad Boy's Discover Your Kinks"
      },
      "geometry": {
        "type": "Point",
        "coordinates": [
          -119.205076,
          40.772984
        ]
      }
    },
    {
      "type": "Feature",
      "properties": {
        "uid": "a1XVI00000FHOmr2AH",
        "name": "VorteXXX"
      },
      "geometry": {
        "type": "Point",
        "coordinates": [
          -119.220478,
          40.773367
        ]
      }
    },
    {
      "type": "Feature",
      "properties": {
        "uid": "a1XVI00000FHRHh2AP",
        "name": "Foam Home presents FOAMADELIC"
      },
      "geometry": {
        "type": "Point",
        "coordinates": [
          -119.215082,
          40.793722
        ]
      }
    },
    {
      "type": "Feature",
      "properties": {
        "uid": "a1XVI00000FHUST2A5",
        "name": "Spaced Out"
      },
      "geometry": {
        "type": "Point",
        "coordinates": [
          -119.213104,
          40.793005
        ]
      }
    },
    {
      "type": "Feature",
      "properties": {
        "uid": "a1XVI00000FHXer2AH",
        "name": "Sphere Vision"
      },
      "geometry": {
        "type": "Point",
        "coordinates": [
          -119.199523,
          40.773676
        ]
      }
    },
    {
      "type": "Feature",
      "properties": {
        "uid": "a1XVI00000FHY7t2AH",
        "name": "Hotline Camp"
      },
      "geometry": {
        "type": "Point",
        "coordinates": [
          -119.217887,
          40.786388
        ]
      }
    },
    {
      "type": "Feature",
      "properties": {
        "uid": "a1XVI00000FHYEL2A5",
        "name": "TOWER69"
      },
      "geometry": {
        "type": "Point",
        "coordinates": [
          -119.214793,
          40.795204
        ]
      }
    },
    {
      "type": "Feature",
      "properties": {
        "uid": "a1XVI00000FHYFx2AP",
        "name": "Swan Forest"
      },
      "geometry": {
        "type": "Point",
        "coordinates": [
          -119.195502,
          40.775557
        ]
      }
    },
    {
      "type": "Feature",
      "properties": {
        "uid": "a1XVI00000FHYMP2A5",
        "name": "Black Rock Observatory Theme Camp"
      },
      "geometry": {
        "type": "Point",
        "coordinates": [
          -119.196036,
          40.773213
        ]
      }
    },
    {
      "type": "Feature",
      "properties": {
        "uid": "a1XVI00000FHYPd2AP",
        "name": "DK50 Trash Fence Camp"
      },
      "geometry": {
        "type": "Point",
        "coordinates": [
          -119.219233,
          40.796146
        ]
      }
    },
    {
      "type": "Feature",
      "properties": {
        "uid": "a1XVI00000FHYRF2A5",
        "name": "CatLand"
      },
      "geometry": {
        "type": "Point",
        "coordinates": [
          -119.202965,
          40.773342
        ]
      }
    },
    {
      "type": "Feature",
      "properties": {
        "uid": "a1XVI00000FHZ0j2AH",
        "name": "X marks the spot"
      },
      "geometry": {
        "type": "Point",
        "coordinates": [
          -119.208128,
          40.76891
        ]
      }
    },
    {
      "type": "Feature",
      "properties": {
        "uid": "a1XVI00000FHZ3x2AH",
        "name": "Bumpbed"
      },
      "geometry": {
        "type": "Point",
        "coordinates": [
          -119.214427,
          40.79653
        ]
      }
    },
    {
      "type": "Feature",
      "properties": {
        "uid": "a1XVI00000FHbc12AD",
        "name": "Alice in Slumberland"
      },
      "geometry": {
        "type": "Point",
        "coordinates": [
          -119.213742,
          40.774948
        ]
      }
    },
    {
      "type": "Feature",
      "properties": {
        "uid": "a1XVI00000FHejZ2AT",
        "name": "Burning Sensation"
      },
      "geometry": {
        "type": "Point",
        "coordinates": [
          -119.219069,
          40.773412
        ]
      }
    },
    {
      "type": "Feature",
      "properties": {
        "uid": "a1XVI00000FHf692AD",
        "name": "Alternative Energy Zone"
      },
      "geometry": {
        "type": "Point",
        "coordinates": [
          -119.200803,
          40.77273
        ]
      }
    },
    {
      "type": "Feature",
      "properties": {
        "uid": "a1XVI00000FHqT12AL",
        "name": "Hel's Diner"
      },
      "geometry": {
        "type": "Point",
        "coordinates": [
          -119.222532,
          40.778366
        ]
      }
    },
    {
      "type": "Feature",
      "properties": {
        "uid": "a1XVI00000FHz022AD",
        "name": "Hobo Camp"
      },
      "geometry": {
        "type": "Point",
        "coordinates": [
          -119.216289,
          40.778069
        ]
      }
    },
    {
      "type": "Feature",
      "properties": {
        "uid": "a1XVI00000FI5AH2A1",
        "name": "Hookers & Peggers Naughty Cafe"
      },
      "geometry": {
        "type": "Point",
        "coordinates": [
          -119.213562,
          40.774475
        ]
      }
    },
    {
      "type": "Feature",
      "properties": {
        "uid": "a1XVI00000FI5IL2A1",
        "name": "Dusty Mule Saloon and Playground"
      },
      "geometry": {
        "type": "Point",
        "coordinates": [
          -119.208695,
          40.772339
        ]
      }
    },
    {
      "type": "Feature",
      "properties": {
        "uid": "a1XVI00000FI5bh2AD",
        "name": "DUST STARS COLLECTIVE"
      },
      "geometry": {
        "type": "Point",
        "coordinates": [
          -119.220264,
          40.788902
        ]
      }
    },
    {
      "type": "Feature",
      "properties": {
        "uid": "a1XVI00000FI5gX2AT",
        "name": "Fusion Valley"
      },
      "geometry": {
        "type": "Point",
        "coordinates": [
          -119.198154,
          40.778742
        ]
      }
    },
    {
      "type": "Feature",
      "properties": {
        "uid": "a1XVI00000FI5i92AD",
        "name": "AAA Astro Accessible Arcade"
      },
      "geometry": {
        "type": "Point",
        "coordinates": [
          -119.215723,
          40.790057
        ]
      }
    },
    {
      "type": "Feature",
      "properties": {
        "uid": "a1XVI00000FI5jl2AD",
        "name": "Lotus Dome & Café"
      },
      "geometry": {
        "type": "Point",
        "coordinates": [
          -119.20741,
          40.77236
        ]
      }
    },
    {
      "type": "Feature",
      "properties": {
        "uid": "a1XVI00000FI8Pt2AL",
        "name": "Tarwater"
      },
      "geometry": {
        "type": "Point",
        "coordinates": [
          -119.213924,
          40.775837
        ]
      }
    },
    {
      "type": "Feature",
      "properties": {
        "uid": "a1XVI00000FI8Uj2AL",
        "name": "Firefly Solar"
      },
      "geometry": {
        "type": "Point",
        "coordinates": [
          -119.223694,
          40.781416
        ]
      }
    },
    {
      "type": "Feature",
      "properties": {
        "uid": "a1XVI00000FI8g12AD",
        "name": "KAIF"
      },
      "geometry": {
        "type": "Point",
        "coordinates": [
          -119.214045,
          40.792053
        ]
      }
    },
    {
      "type": "Feature",
      "properties": {
        "uid": "a1XVI00000FI8hd2AD",
        "name": "AMAZONE"
      },
      "geometry": {
        "type": "Point",
        "coordinates": [
          -119.20491,
          40.773515
        ]
      }
    },
    {
      "type": "Feature",
      "properties": {
        "uid": "a1XVI00000FI8jF2AT",
        "name": "Prismaticamp"
      },
      "geometry": {
        "type": "Point",
        "coordinates": [
          -119.2089,
          40.770263
        ]
      }
    },
    {
      "type": "Feature",
      "properties": {
        "uid": "a1XVI00000FI8mT2AT",
        "name": "Atmosbhear"
      },
      "geometry": {
        "type": "Point",
        "coordinates": [
          -119.205661,
          40.774322
        ]
      }
    },
    {
      "type": "Feature",
      "properties": {
        "uid": "a1XVI00000FI8w92AD",
        "name": "Treble Makers"
      },
      "geometry": {
        "type": "Point",
        "coordinates": [
          -119.199184,
          40.779772
        ]
      }
    },
    {
      "type": "Feature",
      "properties": {
        "uid": "a1XVI00000FI8zN2AT",
        "name": "Funky Town"
      },
      "geometry": {
        "type": "Point",
        "coordinates": [
          -119.212327,
          40.79344
        ]
      }
    },
    {
      "type": "Feature",
      "properties": {
        "uid": "a1XVI00000FI94D2AT",
        "name": "Burning Man Studios"
      },
      "geometry": {
        "type": "Point",
        "coordinates": [
          -119.218582,
          40.78032
        ]
      }
    },
    {
      "type": "Feature",
      "properties": {
        "uid": "a1XVI00000FI95p2AD",
        "name": "House Of Skin"
      },
      "geometry": {
        "type": "Point",
        "coordinates": [
          -119.212717,
          40.791909
        ]
      }
    },
    {
      "type": "Feature",
      "properties": {
        "uid": "a1XVI00000FI97R2AT",
        "name": "Celestial Alchemy"
      },
      "geometry": {
        "type": "Point",
        "coordinates": [
          -119.217341,
          40.783568
        ]
      }
    },
    {
      "type": "Feature",
      "properties": {
        "uid": "a1XVI00000FI9932AD",
        "name": "Bikini Bottom(less)"
      },
      "geometry": {
        "type": "Point",
        "coordinates": [
          -119.223164,
          40.779542
        ]
      }
    },
    {
      "type": "Feature",
      "properties": {
        "uid": "a1XVI00000FI9Af2AL",
        "name": "Castra Ursi"
      },
      "geometry": {
        "type": "Point",
        "coordinates": [
          -119.203985,
          40.77144
        ]
      }
    },
    {
      "type": "Feature",
      "properties": {
        "uid": "a1XVI00000FI9KL2A1",
        "name": "OHF- One Human Family"
      },
      "geometry": {
        "type": "Point",
        "coordinates": [
          -119.220655,
          40.782173
        ]
      }
    },
    {
      "type": "Feature",
      "properties": {
        "uid": "a1XVI00000FI9SP2A1",
        "name": "Do not confuse here"
      },
      "geometry": {
        "type": "Point",
        "coordinates": [
          -119.216536,
          40.78757
        ]
      }
    },
    {
      "type": "Feature",
      "properties": {
        "uid": "a1XVI00000FI9U12AL",
        "name": "AerialKnotics"
      },
      "geometry": {
        "type": "Point",
        "coordinates": [
          -119.205316,
          40.775236
        ]
      }
    },
    {
      "type": "Feature",
      "properties": {
        "uid": "a1XVI00000FI9Vd2AL",
        "name": "Frybread and Friends"
      },
      "geometry": {
        "type": "Point",
        "coordinates": [
          -119.218175,
          40.782368
        ]
      }
    },
    {
      "type": "Feature",
      "properties": {
        "uid": "a1XVI00000FI9XF2A1",
        "name": "Two Lanterns"
      },
      "geometry": {
        "type": "Point",
        "coordinates": [
          -119.19951,
          40.778002
        ]
      }
    },
    {
      "type": "Feature",
      "properties": {
        "uid": "a1XVI00000FI9aT2AT",
        "name": "Waffles & House"
      },
      "geometry": {
        "type": "Point",
        "coordinates": [
          -119.219473,
          40.78792
        ]
      }
    },
    {
      "type": "Feature",
      "properties": {
        "uid": "a1XVI00000FI9c52AD",
        "name": "Darkwad Patrol"
      },
      "geometry": {
        "type": "Point",
        "coordinates": [
          -119.218918,
          40.787507
        ]
      }
    },
    {
      "type": "Feature",
      "properties": {
        "uid": "a1XVI00000FI9gv2AD",
        "name": "Camp Nafas"
      },
      "geometry": {
        "type": "Point",
        "coordinates": [
          -119.221298,
          40.787224
        ]
      }
    },
    {
      "type": "Feature",
      "properties": {
        "uid": "a1XVI00000FIDCf2AP",
        "name": "Sake To Me"
      },
      "geometry": {
        "type": "Point",
        "coordinates": [
          -119.208138,
          40.770942
        ]
      }
    },
    {
      "type": "Feature",
      "properties": {
        "uid": "a1XVI00000FIO3F2AX",
        "name": "DIPTOWN"
      },
      "geometry": {
        "type": "Point",
        "coordinates": [
          -119.220092,
          40.78431
        ]
      }
    },
    {
      "type": "Feature",
      "properties": {
        "uid": "a1XVI00000FITvl2AH",
        "name": "Playa Jazz Cafe"
      },
      "geometry": {
        "type": "Point",
        "coordinates": [
          -119.216739,
          40.777162
        ]
      }
    },
    {
      "type": "Feature",
      "properties": {
        "uid": "a1XVI00000FIYFV2A5",
        "name": "Kumaya"
      },
      "geometry": {
        "type": "Point",
        "coordinates": [
          -119.206033,
          40.771224
        ]
      }
    },
    {
      "type": "Feature",
      "properties": {
        "uid": "a1XVI00000FIZ0H2AX",
        "name": "Cuttlefish Homebase"
      },
      "geometry": {
        "type": "Point",
        "coordinates": [
          -119.19913,
          40.773881
        ]
      }
    },
    {
      "type": "Feature",
      "properties": {
        "uid": "a1XVI00000FIZjR2AX",
        "name": "Apotheneum"
      },
      "geometry": {
        "type": "Point",
        "coordinates": [
          -119.219885,
          40.778885
        ]
      }
    },
    {
      "type": "Feature",
      "properties": {
        "uid": "a1XVI00000FIZmf2AH",
        "name": "The Shittest Camp"
      },
      "geometry": {
        "type": "Point",
        "coordinates": [
          -119.212693,
          40.771125
        ]
      }
    },
    {
      "type": "Feature",
      "properties": {
        "uid": "a1XVI00000FIZpt2AH",
        "name": "AdramaNation"
      },
      "geometry": {
        "type": "Point",
        "coordinates": [
          -119.22064,
          40.781499
        ]
      }
    },
    {
      "type": "Feature",
      "properties": {
        "uid": "a1XVI00000FIaUD2A1",
        "name": "Don't STOP"
      },
      "geometry": {
        "type": "Point",
        "coordinates": [
          -119.221986,
          40.781384
        ]
      }
    },
    {
      "type": "Feature",
      "properties": {
        "uid": "a1XVI00000FIaVp2AL",
        "name": "Kombuchachacha"
      },
      "geometry": {
        "type": "Point",
        "coordinates": [
          -119.196353,
          40.777366
        ]
      }
    },
    {
      "type": "Feature",
      "properties": {
        "uid": "a1XVI00000FIcKj2AL",
        "name": "Cuddle Oasis"
      },
      "geometry": {
        "type": "Point",
        "coordinates": [
          -119.199833,
          40.779311
        ]
      }
    },
    {
      "type": "Feature",
      "properties": {
        "uid": "a1XVI00000FIhtt2AD",
        "name": "UnStable"
      },
      "geometry": {
        "type": "Point",
        "coordinates": [
          -119.219622,
          40.778484
        ]
      }
    },
    {
      "type": "Feature",
      "properties": {
        "uid": "a1XVI00000FIk292AD",
        "name": "Wonder Camp"
      },
      "geometry": {
        "type": "Point",
        "coordinates": [
          -119.208467,
          40.770222
        ]
      }
    },
    {
      "type": "Feature",
      "properties": {
        "uid": "a1XVI00000FIqYz2AL",
        "name": "The Surge"
      },
      "geometry": {
        "type": "Point",
        "coordinates": [
          -119.195257,
          40.77443
        ]
      }
    },
    {
      "type": "Feature",
      "properties": {
        "uid": "a1XVI00000FIroP2AT",
        "name": "NAACB"
      },
      "geometry": {
        "type": "Point",
        "coordinates": [
          -119.201596,
          40.77376
        ]
      }
    },
    {
      "type": "Feature",
      "properties": {
        "uid": "a1XVI00000FIry52AD",
        "name": "Powder Palace"
      },
      "geometry": {
        "type": "Point",
        "coordinates": [
          -119.218517,
          40.787351
        ]
      }
    },
    {
      "type": "Feature",
      "properties": {
        "uid": "a1XVI00000FIsMH2A1",
        "name": "Black Rock Socks"
      },
      "geometry": {
        "type": "Point",
        "coordinates": [
          -119.220172,
          40.786094
        ]
      }
    },
    {
      "type": "Feature",
      "properties": {
        "uid": "a1XVI00000FIvSD2A1",
        "name": "Karma Love Camp"
      },
      "geometry": {
        "type": "Point",
        "coordinates": [
          -119.221467,
          40.785654
        ]
      }
    },
    {
      "type": "Feature",
      "properties": {
        "uid": "a1XVI00000FIxPB2A1",
        "name": "Dune Dwellers"
      },
      "geometry": {
        "type": "Point",
        "coordinates": [
          -119.196762,
          40.776315
        ]
      }
    },
    {
      "type": "Feature",
      "properties": {
        "uid": "a1XVI00000FIyEn2AL",
        "name": "Dilated Peoples"
      },
      "geometry": {
        "type": "Point",
        "coordinates": [
          -119.219889,
          40.779762
        ]
      }
    },
    {
      "type": "Feature",
      "properties": {
        "uid": "a1XVI00000FIyJd2AL",
        "name": "Altitude Lounge"
      },
      "geometry": {
        "type": "Point",
        "coordinates": [
          -119.219084,
          40.786661
        ]
      }
    },
    {
      "type": "Feature",
      "properties": {
        "uid": "a1XVI00000FIzcH2AT",
        "name": "Bearwhalea"
      },
      "geometry": {
        "type": "Point",
        "coordinates": [
          -119.204283,
          40.774156
        ]
      }
    },
    {
      "type": "Feature",
      "properties": {
        "uid": "a1XVI00000FJ0Of2AL",
        "name": "rEVOLUTION"
      },
      "geometry": {
        "type": "Point",
        "coordinates": [
          -119.201407,
          40.775694
        ]
      }
    },
    {
      "type": "Feature",
      "properties": {
        "uid": "a1XVI00000FJ0bZ2AT",
        "name": "Magic Lantern Society"
      },
      "geometry": {
        "type": "Point",
        "coordinates": [
          -119.215061,
          40.778109
        ]
      }
    },
    {
      "type": "Feature",
      "properties": {
        "uid": "a1XVI00000FJ0en2AD",
        "name": "Studio and Spa"
      },
      "geometry": {
        "type": "Point",
        "coordinates": [
          -119.202081,
          40.774513
        ]
      }
    },
    {
      "type": "Feature",
      "properties": {
        "uid": "a1XVI00000FJ1RB2A1",
        "name": "Xpat Alien"
      },
      "geometry": {
        "type": "Point",
        "coordinates": [
          -119.218834,
          40.778067
        ]
      }
    },
    {
      "type": "Feature",
      "properties": {
        "uid": "a1XVI00000FJ1iv2AD",
        "name": "Hakuna Matata"
      },
      "geometry": {
        "type": "Point",
        "coordinates": [
          -119.213934,
          40.795433
        ]
      }
    },
    {
      "type": "Feature",
      "properties": {
        "uid": "a1XVI00000FJ1uD2AT",
        "name": "Servants of the Secret Fire"
      },
      "geometry": {
        "type": "Point",
        "coordinates": [
          -119.221004,
          40.791136
        ]
      }
    },
    {
      "type": "Feature",
      "properties": {
        "uid": "a1XVI00000FJ2DZ2A1",
        "name": "Bone Voyage"
      },
      "geometry": {
        "type": "Point",
        "coordinates": [
          -119.223808,
          40.784362
        ]
      }
    },
    {
      "type": "Feature",
      "properties": {
        "uid": "a1XVI00000FJ2FB2A1",
        "name": "Hello, Brooklyn"
      },
      "geometry": {
        "type": "Point",
        "coordinates": [
          -119.205889,
          40.773513
        ]
      }
    },
    {
      "type": "Feature",
      "properties": {
        "uid": "a1XVI00000FJ2Gn2AL",
        "name": "Wetspot"
      },
      "geometry": {
        "type": "Point",
        "coordinates": [
          -119.208785,
          40.774621
        ]
      }
    },
    {
      "type": "Feature",
      "properties": {
        "uid": "a1XVI00000FJ2K12AL",
        "name": "Sunrise Tavern"
      },
      "geometry": {
        "type": "Point",
        "coordinates": [
          -119.194526,
          40.777874
        ]
      }
    },
    {
      "type": "Feature",
      "properties": {
        "uid": "a1XVI00000FJ2bl2AD",
        "name": "Star Jelly"
      },
      "geometry": {
        "type": "Point",
        "coordinates": [
          -119.221176,
          40.775628
        ]
      }
    },
    {
      "type": "Feature",
      "properties": {
        "uid": "a1XVI00000FJFwG2AX",
        "name": "Pickleback Oasis"
      },
      "geometry": {
        "type": "Point",
        "coordinates": [
          -119.216852,
          40.777366
        ]
      }
    },
    {
      "type": "Feature",
      "properties": {
        "uid": "a1XVI00000FJImz2AH",
        "name": "Reno Housewives"
      },
      "geometry": {
        "type": "Point",
        "coordinates": [
          -119.220442,
          40.781178
        ]
      }
    },
    {
      "type": "Feature",
      "properties": {
        "uid": "a1XVI00000FJNMr2AP",
        "name": "VW Bus Camp"
      },
      "geometry": {
        "type": "Point",
        "coordinates": [
          -119.201099,
          40.773802
        ]
      }
    },
    {
      "type": "Feature",
      "properties": {
        "uid": "a1XVI00000FJNmf2AH",
        "name": "Glorious Gilded Alchemy"
      },
      "geometry": {
        "type": "Point",
        "coordinates": [
          -119.206054,
          40.773925
        ]
      }
    },
    {
      "type": "Feature",
      "properties": {
        "uid": "a1XVI00000FJNxx2AH",
        "name": "Embers"
      },
      "geometry": {
        "type": "Point",
        "coordinates": [
          -119.208345,
          40.775047
        ]
      }
    },
    {
      "type": "Feature",
      "properties": {
        "uid": "a1XVI00000FJNzZ2AX",
        "name": "Blood & Sugar"
      },
      "geometry": {
        "type": "Point",
        "coordinates": [
          -119.196012,
          40.774972
        ]
      }
    },
    {
      "type": "Feature",
      "properties": {
        "uid": "a1XVI00000FJSET2A5",
        "name": "Kinky Pizza"
      },
      "geometry": {
        "type": "Point",
        "coordinates": [
          -119.195667,
          40.778159
        ]
      }
    },
    {
      "type": "Feature",
      "properties": {
        "uid": "a1XVI00000FJUUn2AP",
        "name": "Dusty Beavers"
      },
      "geometry": {
        "type": "Point",
        "coordinates": [
          -119.213407,
          40.771971
        ]
      }
    },
    {
      "type": "Feature",
      "properties": {
        "uid": "a1XVI00000FJWl72AH",
        "name": "Pinhole Project"
      },
      "geometry": {
        "type": "Point",
        "coordinates": [
          -119.198967,
          40.777308
        ]
      }
    },
    {
      "type": "Feature",
      "properties": {
        "uid": "a1XVI00000FJWmj2AH",
        "name": "Endstation"
      },
      "geometry": {
        "type": "Point",
        "coordinates": [
          -119.220529,
          40.795428
        ]
      }
    },
    {
      "type": "Feature",
      "properties": {
        "uid": "a1XVI00000FJZMP2A5",
        "name": "Atomic Octopus"
      },
      "geometry": {
        "type": "Point",
        "coordinates": [
          -119.201024,
          40.775891
        ]
      }
    },
    {
      "type": "Feature",
      "properties": {
        "uid": "a1XVI00000FJZiz2AH",
        "name": "Ashram Galactica"
      },
      "geometry": {
        "type": "Point",
        "coordinates": [
          -119.223227,
          40.793462
        ]
      }
    },
    {
      "type": "Feature",
      "properties": {
        "uid": "a1XVI00000FJZnp2AH",
        "name": "Honey Pot Tea House"
      },
      "geometry": {
        "type": "Point",
        "coordinates": [
          -119.208191,
          40.770503
        ]
      }
    },
    {
      "type": "Feature",
      "properties": {
        "uid": "a1XVI00000FJa8n2AD",
        "name": "I Taste Purple"
      },
      "geometry": {
        "type": "Point",
        "coordinates": [
          -119.22204,
          40.78123
        ]
      }
    },
    {
      "type": "Feature",
      "properties": {
        "uid": "a1XVI00000FJaQX2A1",
        "name": "Apokalyptika"
      },
      "geometry": {
        "type": "Point",
        "coordinates": [
          -119.217775,
          40.786752
        ]
      }
    },
    {
      "type": "Feature",
      "properties": {
        "uid": "a1XVI00000FJaTl2AL",
        "name": "Bad Asstronauts"
      },
      "geometry": {
        "type": "Point",
        "coordinates": [
          -119.219142,
          40.78386
        ]
      }
    },
    {
      "type": "Feature",
      "properties": {
        "uid": "a1XVI00000FJaVN2A1",
        "name": "Camp Come Find Us CCFU"
      },
      "geometry": {
        "type": "Point",
        "coordinates": [
          -119.201176,
          40.775811
        ]
      }
    },
    {
      "type": "Feature",
      "properties": {
        "uid": "a1XVI00000FJadR2AT",
        "name": "Kamp Kit"
      },
      "geometry": {
        "type": "Point",
        "coordinates": [
          -119.202164,
          40.775348
        ]
      }
    },
    {
      "type": "Feature",
      "properties": {
        "uid": "a1XVI00000FJbKz2AL",
        "name": "Teddies"
      },
      "geometry": {
        "type": "Point",
        "coordinates": [
          -119.208718,
          40.774219
        ]
      }
    },
    {
      "type": "Feature",
      "properties": {
        "uid": "a1XVI00000FJbOD2A1",
        "name": "Cognitive Research Institute"
      },
      "geometry": {
        "type": "Point",
        "coordinates": [
          -119.22069,
          40.78246
        ]
      }
    },
    {
      "type": "Feature",
      "properties": {
        "uid": "a1XVI00000FJbPp2AL",
        "name": "Some Camp!"
      },
      "geometry": {
        "type": "Point",
        "coordinates": [
          -119.217167,
          40.779005
        ]
      }
    },
    {
      "type": "Feature",
      "properties": {
        "uid": "a1XVI00000FJeXN2A1",
        "name": "Shenanigans"
      },
      "geometry": {
        "type": "Point",
        "coordinates": [
          -119.206569,
          40.771945
        ]
      }
    },
    {
      "type": "Feature",
      "properties": {
        "uid": "a1XVI00000FJkCz2AL",
        "name": "Stoop City"
      },
      "geometry": {
        "type": "Point",
        "coordinates": [
          -119.207515,
          40.772701
        ]
      }
    },
    {
      "type": "Feature",
      "properties": {
        "uid": "a1XVI00000FJkGD2A1",
        "name": "Parliament Art Crew"
      },
      "geometry": {
        "type": "Point",
        "coordinates": [
          -119.218696,
          40.780575
        ]
      }
    },
    {
      "type": "Feature",
      "properties": {
        "uid": "a1XVI00000FJlXF2A1",
        "name": "Cereal Thrillers"
      },
      "geometry": {
        "type": "Point",
        "coordinates": [
          -119.215639,
          40.778449
        ]
      }
    },
    {
      "type": "Feature",
      "properties": {
        "uid": "a1XVI00000FJmMr2AL",
        "name": "Camp Orange"
      },
      "geometry": {
        "type": "Point",
        "coordinates": [
          -119.213444,
          40.775216
        ]
      }
    },
    {
      "type": "Feature",
      "properties": {
        "uid": "a1XVI00000FJmpt2AD",
        "name": "Cosplay Central"
      },
      "geometry": {
        "type": "Point",
        "coordinates": [
          -119.221341,
          40.775797
        ]
      }
    },
    {
      "type": "Feature",
      "properties": {
        "uid": "a1XVI00000FJnu12AD",
        "name": "Camp Home"
      },
      "geometry": {
        "type": "Point",
        "coordinates": [
          -119.217823,
          40.783567
        ]
      }
    },
    {
      "type": "Feature",
      "properties": {
        "uid": "a1XVI00000FJoi12AD",
        "name": "The Dusty Nuts Tavern"
      },
      "geometry": {
        "type": "Point",
        "coordinates": [
          -119.198723,
          40.77939
        ]
      }
    },
    {
      "type": "Feature",
      "properties": {
        "uid": "a1XVI00000FJp852AD",
        "name": "ta-keel-ya or ta-heal-ya"
      },
      "geometry": {
        "type": "Point",
        "coordinates": [
          -119.221041,
          40.787693
        ]
      }
    },
    {
      "type": "Feature",
      "properties": {
        "uid": "a1XVI00000FJpRB2A1",
        "name": "Slow the Fuck Down"
      },
      "geometry": {
        "type": "Point",
        "coordinates": [
          -119.220602,
          40.778882
        ]
      }
    },
    {
      "type": "Feature",
      "properties": {
        "uid": "a1XVI00000FJpSn2AL",
        "name": "Camp Ply Curious"
      },
      "geometry": {
        "type": "Point",
        "coordinates": [
          -119.215191,
          40.778429
        ]
      }
    },
    {
      "type": "Feature",
      "properties": {
        "uid": "a1XVI00000FJswv2AD",
        "name": "Yabba Dabba Do Me"
      },
      "geometry": {
        "type": "Point",
        "coordinates": [
          -119.200939,
          40.776383
        ]
      }
    },
    {
      "type": "Feature",
      "properties": {
        "uid": "a1XVI00000FJt092AD",
        "name": "WHOMP WAGON"
      },
      "geometry": {
        "type": "Point",
        "coordinates": [
          -119.214772,
          40.7968
        ]
      }
    },
    {
      "type": "Feature",
      "properties": {
        "uid": "a1XVI00000FJtub2AD",
        "name": "Hiburnia"
      },
      "geometry": {
        "type": "Point",
        "coordinates": [
          -119.224152,
          40.792331
        ]
      }
    },
    {
      "type": "Feature",
      "properties": {
        "uid": "a1XVI00000FJuQr2AL",
        "name": "PhoCureBurn"
      },
      "geometry": {
        "type": "Point",
        "coordinates": [
          -119.208521,
          40.773768
        ]
      }
    },
    {
      "type": "Feature",
      "properties": {
        "uid": "a1XVI00000FJuST2A1",
        "name": "Pandora's Lounge & Fix-it Shoppe"
      },
      "geometry": {
        "type": "Point",
        "coordinates": [
          -119.216072,
          40.778383
        ]
      }
    },
    {
      "type": "Feature",
      "properties": {
        "uid": "a1XVI00000FJxBp2AL",
        "name": "Dicey Side Quests"
      },
      "geometry": {
        "type": "Point",
        "coordinates": [
          -119.221092,
          40.781569
        ]
      }
    },
    {
      "type": "Feature",
      "properties": {
        "uid": "a1XVI00000FK1CD2A1",
        "name": "Maybe You Should Talk To Someone"
      },
      "geometry": {
        "type": "Point",
        "coordinates": [
          -119.209243,
          40.772539
        ]
      }
    },
    {
      "type": "Feature",
      "properties": {
        "uid": "a1XVI00000FK1NV2A1",
        "name": "Skinny Kitty Teahouse"
      },
      "geometry": {
        "type": "Point",
        "coordinates": [
          -119.196622,
          40.775596
        ]
      }
    },
    {
      "type": "Feature",
      "properties": {
        "uid": "a1XVI00000FK1P72AL",
        "name": "Galactic Cruzaders"
      },
      "geometry": {
        "type": "Point",
        "coordinates": [
          -119.222211,
          40.776502
        ]
      }
    },
    {
      "type": "Feature",
      "properties": {
        "uid": "a1XVI00000FK1Yn2AL",
        "name": "Mudskippers"
      },
      "geometry": {
        "type": "Point",
        "coordinates": [
          -119.219093,
          40.779548
        ]
      }
    },
    {
      "type": "Feature",
      "properties": {
        "uid": "a1XVI00000FK1gr2AD",
        "name": "Mechanical Garden"
      },
      "geometry": {
        "type": "Point",
        "coordinates": [
          -119.211184,
          40.770836
        ]
      }
    },
    {
      "type": "Feature",
      "properties": {
        "uid": "a1XVI00000FK1nJ2AT",
        "name": "Yummy RUMInations"
      },
      "geometry": {
        "type": "Point",
        "coordinates": [
          -119.207132,
          40.769668
        ]
      }
    },
    {
      "type": "Feature",
      "properties": {
        "uid": "a1XVI00000FK1qX2AT",
        "name": "Only mEmbers"
      },
      "geometry": {
        "type": "Point",
        "coordinates": [
          -119.221046,
          40.774298
        ]
      }
    },
    {
      "type": "Feature",
      "properties": {
        "uid": "a1XVI00000FK1wz2AD",
        "name": "Children of Chaos"
      },
      "geometry": {
        "type": "Point",
        "coordinates": [
          -119.219636,
          40.779296
        ]
      }
    },
    {
      "type": "Feature",
      "properties": {
        "uid": "a1XVI00000FK1yb2AD",
        "name": "Interaction Café"
      },
      "geometry": {
        "type": "Point",
        "coordinates": [
          -119.20172,
          40.775544
        ]
      }
    },
    {
      "type": "Feature",
      "properties": {
        "uid": "a1XVI00000FK26f2AD",
        "name": "You Light Up My Ride"
      },
      "geometry": {
        "type": "Point",
        "coordinates": [
          -119.221549,
          40.786906
        ]
      }
    },
    {
      "type": "Feature",
      "properties": {
        "uid": "a1XVI00000FK2BV2A1",
        "name": "Jelly Dance"
      },
      "geometry": {
        "type": "Point",
        "coordinates": [
          -119.208124,
          40.77239
        ]
      }
    },
    {
      "type": "Feature",
      "properties": {
        "uid": "a1XVI00000FK2D72AL",
        "name": "Camp Nope"
      },
      "geometry": {
        "type": "Point",
        "coordinates": [
          -119.214511,
          40.776318
        ]
      }
    },
    {
      "type": "Feature",
      "properties": {
        "uid": "a1XVI00000FK2GL2A1",
        "name": "Spec-Taters"
      },
      "geometry": {
        "type": "Point",
        "coordinates": [
          -119.217332,
          40.788662
        ]
      }
    },
    {
      "type": "Feature",
      "properties": {
        "uid": "a1XVI00000FK2Hx2AL",
        "name": "Totally 80s Disco Aerobic Inferno"
      },
      "geometry": {
        "type": "Point",
        "coordinates": [
          -119.220662,
          40.78426
        ]
      }
    },
    {
      "type": "Feature",
      "properties": {
        "uid": "a1XVI00000FK2Mn2AL",
        "name": "Camp Emergency"
      },
      "geometry": {
        "type": "Point",
        "coordinates": [
          -119.218791,
          40.785674
        ]
      }
    },
    {
      "type": "Feature",
      "properties": {
        "uid": "a1XVI00000FK2OP2A1",
        "name": "Sunset Lounge"
      },
      "geometry": {
        "type": "Point",
        "coordinates": [
          -119.214743,
          40.791583
        ]
      }
    },
    {
      "type": "Feature",
      "properties": {
        "uid": "a1XVI00000FK2Q12AL",
        "name": "Camp Shutterbuggy"
      },
      "geometry": {
        "type": "Point",
        "coordinates": [
          -119.222796,
          40.781078
        ]
      }
    },
    {
      "type": "Feature",
      "properties": {
        "uid": "a1XVI00000FK2Rd2AL",
        "name": "Birthday Camp"
      },
      "geometry": {
        "type": "Point",
        "coordinates": [
          -119.218155,
          40.777371
        ]
      }
    },
    {
      "type": "Feature",
      "properties": {
        "uid": "a1XVI00000FK2TF2A1",
        "name": "Misfits Menagerie"
      },
      "geometry": {
        "type": "Point",
        "coordinates": [
          -119.220915,
          40.777736
        ]
      }
    },
    {
      "type": "Feature",
      "properties": {
        "uid": "a1XVI00000FK2WT2A1",
        "name": "The Lost Penguins"
      },
      "geometry": {
        "type": "Point",
        "coordinates": [
          -119.21747,
          40.784894
        ]
      }
    },
    {
      "type": "Feature",
      "properties": {
        "uid": "a1XVI00000FK2Zh2AL",
        "name": "Rootpile"
      },
      "geometry": {
        "type": "Point",
        "coordinates": [
          -119.220279,
          40.786897
        ]
      }
    },
    {
      "type": "Feature",
      "properties": {
        "uid": "a1XVI00000FK2eX2AT",
        "name": "Wild Child"
      },
      "geometry": {
        "type": "Point",
        "coordinates": [
          -119.214483,
          40.777746
        ]
      }
    },
    {
      "type": "Feature",
      "properties": {
        "uid": "a1XVI00000FK2g92AD",
        "name": "Camp NOT a Cult!"
      },
      "geometry": {
        "type": "Point",
        "coordinates": [
          -119.203176,
          40.775437
        ]
      }
    },
    {
      "type": "Feature",
      "properties": {
        "uid": "a1XVI00000FK2hl2AD",
        "name": "No Drama Camp"
      },
      "geometry": {
        "type": "Point",
        "coordinates": [
          -119.205345,
          40.772784
        ]
      }
    },
    {
      "type": "Feature",
      "properties": {
        "uid": "a1XVI00000FK2jN2AT",
        "name": "Gravity"
      },
      "geometry": {
        "type": "Point",
        "coordinates": [
          -119.199492,
          40.772798
        ]
      }
    },
    {
      "type": "Feature",
      "properties": {
        "uid": "a1XVI00000FK2kz2AD",
        "name": "Camp Peace of Ass"
      },
      "geometry": {
        "type": "Point",
        "coordinates": [
          -119.197804,
          40.777104
        ]
      }
    },
    {
      "type": "Feature",
      "properties": {
        "uid": "a1XVI00000FK2mb2AD",
        "name": "Unnecessarily High Five"
      },
      "geometry": {
        "type": "Point",
        "coordinates": [
          -119.205073,
          40.774279
        ]
      }
    },
    {
      "type": "Feature",
      "properties": {
        "uid": "a1XVI00000FK2oD2AT",
        "name": "Insomnophilia"
      },
      "geometry": {
        "type": "Point",
        "coordinates": [
          -119.218679,
          40.788538
        ]
      }
    },
    {
      "type": "Feature",
      "properties": {
        "uid": "a1XVI00000FK2pp2AD",
        "name": "SoundCloud"
      },
      "geometry": {
        "type": "Point",
        "coordinates": [
          -119.214393,
          40.792623
        ]
      }
    },
    {
      "type": "Feature",
      "properties": {
        "uid": "a1XVI00000FK2t32AD",
        "name": "Camp Orange Heart"
      },
      "geometry": {
        "type": "Point",
        "coordinates": [
          -119.217737,
          40.775348
        ]
      }
    },
    {
      "type": "Feature",
      "properties": {
        "uid": "a1XVI00000FK3Nh2AL",
        "name": "Acorn Oasis"
      },
      "geometry": {
        "type": "Point",
        "coordinates": [
          -119.221493,
          40.776924
        ]
      }
    },
    {
      "type": "Feature",
      "properties": {
        "uid": "a1XVI00000FK3h32AD",
        "name": "F.U.Ego Stage Bar & Lounge"
      },
      "geometry": {
        "type": "Point",
        "coordinates": [
          -119.220138,
          40.783569
        ]
      }
    },
    {
      "type": "Feature",
      "properties": {
        "uid": "a1XVI00000FK5R72AL",
        "name": "Erotic Inclination Photo Studio"
      },
      "geometry": {
        "type": "Point",
        "coordinates": [
          -119.194062,
          40.772479
        ]
      }
    },
    {
      "type": "Feature",
      "properties": {
        "uid": "a1XVI00000FK8Qb2AL",
        "name": "Astro Cats"
      },
      "geometry": {
        "type": "Point",
        "coordinates": [
          -119.218536,
          40.785045
        ]
      }
    },
    {
      "type": "Feature",
      "properties": {
        "uid": "a1XVI00000FKBt72AH",
        "name": "Second Wind Pirate Cafe"
      },
      "geometry": {
        "type": "Point",
        "coordinates": [
          -119.219943,
          40.774304
        ]
      }
    },
    {
      "type": "Feature",
      "properties": {
        "uid": "a1XVI00000FKEj92AH",
        "name": "Black Rock Sauna Society"
      },
      "geometry": {
        "type": "Point",
        "coordinates": [
          -119.220381,
          40.774431
        ]
      }
    },
    {
      "type": "Feature",
      "properties": {
        "uid": "a1XVI00000FKFqH2AX",
        "name": "Leopard Martini Lounge"
      },
      "geometry": {
        "type": "Point",
        "coordinates": [
          -119.212924,
          40.775878
        ]
      }
    },
    {
      "type": "Feature",
      "properties": {
        "uid": "a1XVI00000FKGWD2A5",
        "name": "The Last Starfighters"
      },
      "geometry": {
        "type": "Point",
        "coordinates": [
          -119.198961,
          40.775115
        ]
      }
    },
    {
      "type": "Feature",
      "properties": {
        "uid": "a1XVI00000FKIGH2A5",
        "name": "FAFA Camp"
      },
      "geometry": {
        "type": "Point",
        "coordinates": [
          -119.212408,
          40.773728
        ]
      }
    },
    {
      "type": "Feature",
      "properties": {
        "uid": "a1XVI00000FKIcr2AH",
        "name": "G"
      },
      "geometry": {
        "type": "Point",
        "coordinates": [
          -119.214267,
          40.794353
        ]
      }
    },
    {
      "type": "Feature",
      "properties": {
        "uid": "a1XVI00000FKJST2A5",
        "name": "Brand-Ur-Ass N More"
      },
      "geometry": {
        "type": "Point",
        "coordinates": [
          -119.208584,
          40.774887
        ]
      }
    },
    {
      "type": "Feature",
      "properties": {
        "uid": "a1XVI00000FKL2r2AH",
        "name": "EYERIS"
      },
      "geometry": {
        "type": "Point",
        "coordinates": [
          -119.21086,
          40.770788
        ]
      }
    },
    {
      "type": "Feature",
      "properties": {
        "uid": "a1XVI00000FKLZ72AP",
        "name": "HOT SHOTS"
      },
      "geometry": {
        "type": "Point",
        "coordinates": [
          -119.217326,
          40.786476
        ]
      }
    },
    {
      "type": "Feature",
      "properties": {
        "uid": "a1XVI00000FKM3l2AH",
        "name": "Ofosho"
      },
      "geometry": {
        "type": "Point",
        "coordinates": [
          -119.211755,
          40.773564
        ]
      }
    },
    {
      "type": "Feature",
      "properties": {
        "uid": "a1XVI00000FKOyP2AX",
        "name": "Soulshakers"
      },
      "geometry": {
        "type": "Point",
        "coordinates": [
          -119.197708,
          40.778479
        ]
      }
    },
    {
      "type": "Feature",
      "properties": {
        "uid": "a1XVI00000FKP4r2AH",
        "name": "Kids Kamp"
      },
      "geometry": {
        "type": "Point",
        "coordinates": [
          -119.221414,
          40.776506
        ]
      }
    },
    {
      "type": "Feature",
      "properties": {
        "uid": "a1XVI00000FKPUg2AP",
        "name": "The OG Pit"
      },
      "geometry": {
        "type": "Point",
        "coordinates": [
          -119.218075,
          40.776974
        ]
      }
    },
    {
      "type": "Feature",
      "properties": {
        "uid": "a1XVI00000FKR3R2AX",
        "name": "Art Haus"
      },
      "geometry": {
        "type": "Point",
        "coordinates": [
          -119.204409,
          40.772677
        ]
      }
    },
    {
      "type": "Feature",
      "properties": {
        "uid": "a1XVI00000FKRrS2AX",
        "name": "Flat Tire Cafe"
      },
      "geometry": {
        "type": "Point",
        "coordinates": [
          -119.208294,
          40.773987
        ]
      }
    },
    {
      "type": "Feature",
      "properties": {
        "uid": "a1XVI00000FKTBh2AP",
        "name": "Frozen Oasis"
      },
      "geometry": {
        "type": "Point",
        "coordinates": [
          -119.209801,
          40.77259
        ]
      }
    },
    {
      "type": "Feature",
      "properties": {
        "uid": "a1XVI00000FKUxN2AX",
        "name": "Impromptu Tomato"
      },
      "geometry": {
        "type": "Point",
        "coordinates": [
          -119.212483,
          40.774572
        ]
      }
    },
    {
      "type": "Feature",
      "properties": {
        "uid": "a1XVI00000FKUz02AH",
        "name": "Yummm"
      },
      "geometry": {
        "type": "Point",
        "coordinates": [
          -119.209291,
          40.775004
        ]
      }
    },
    {
      "type": "Feature",
      "properties": {
        "uid": "a1XVI00000FKV5R2AX",
        "name": "Betty's Bike Shop"
      },
      "geometry": {
        "type": "Point",
        "coordinates": [
          -119.220727,
          40.783505
        ]
      }
    },
    {
      "type": "Feature",
      "properties": {
        "uid": "a1XVI00000FKVS12AP",
        "name": "Lovin' Oven"
      },
      "geometry": {
        "type": "Point",
        "coordinates": [
          -119.198745,
          40.777004
        ]
      }
    },
    {
      "type": "Feature",
      "properties": {
        "uid": "a1XVI00000FKVv32AH",
        "name": "Weird Steel"
      },
      "geometry": {
        "type": "Point",
        "coordinates": [
          -119.215455,
          40.788307
        ]
      }
    },
    {
      "type": "Feature",
      "properties": {
        "uid": "a1XVI00000FKWG12AP",
        "name": "Vomiting Sparrows"
      },
      "geometry": {
        "type": "Point",
        "coordinates": [
          -119.217957,
          40.787241
        ]
      }
    },
    {
      "type": "Feature",
      "properties": {
        "uid": "a1XVI00000FKWSv2AP",
        "name": "The Organization"
      },
      "geometry": {
        "type": "Point",
        "coordinates": [
          -119.218027,
          40.786115
        ]
      }
    },
    {
      "type": "Feature",
      "properties": {
        "uid": "a1XVI00000FKWhR2AX",
        "name": "Oh mi Gato Rat Cafe!"
      },
      "geometry": {
        "type": "Point",
        "coordinates": [
          -119.221233,
          40.78182
        ]
      }
    },
    {
      "type": "Feature",
      "properties": {
        "uid": "a1XVI00000FKa8L2AT",
        "name": "Camp Piper"
      },
      "geometry": {
        "type": "Point",
        "coordinates": [
          -119.219581,
          40.784619
        ]
      }
    },
    {
      "type": "Feature",
      "properties": {
        "uid": "a1XVI00000FKacz2AD",
        "name": "Après Ski Injury"
      },
      "geometry": {
        "type": "Point",
        "coordinates": [
          -119.196797,
          40.780044
        ]
      }
    },
    {
      "type": "Feature",
      "properties": {
        "uid": "a1XVI00000FKagD2AT",
        "name": "Under the Big Top"
      },
      "geometry": {
        "type": "Point",
        "coordinates": [
          -119.193695,
          40.772759
        ]
      }
    },
    {
      "type": "Feature",
      "properties": {
        "uid": "a1XVI00000FKahp2AD",
        "name": "Camp Shit Ain't Right"
      },
      "geometry": {
        "type": "Point",
        "coordinates": [
          -119.213903,
          40.776265
        ]
      }
    },
    {
      "type": "Feature",
      "properties": {
        "uid": "a1XVI00000FKamg2AD",
        "name": "Tac-O-Cat"
      },
      "geometry": {
        "type": "Point",
        "coordinates": [
          -119.198264,
          40.776237
        ]
      }
    },
    {
      "type": "Feature",
      "properties": {
        "uid": "a1XVI00000FKbHJ2A1",
        "name": "Hibernaculum"
      },
      "geometry": {
        "type": "Point",
        "coordinates": [
          -119.204269,
          40.775037
        ]
      }
    },
    {
      "type": "Feature",
      "properties": {
        "uid": "a1XVI00000FKbM92AL",
        "name": "706 Tribe"
      },
      "geometry": {
        "type": "Point",
        "coordinates": [
          -119.22091,
          40.774826
        ]
      }
    },
    {
      "type": "Feature",
      "properties": {
        "uid": "a1XVI00000FKbQz2AL",
        "name": "Signing Wanderers"
      },
      "geometry": {
        "type": "Point",
        "coordinates": [
          -119.218348,
          40.77633
        ]
      }
    },
    {
      "type": "Feature",
      "properties": {
        "uid": "a1XVI00000FKbqn2AD",
        "name": "Camp Blowjob"
      },
      "geometry": {
        "type": "Point",
        "coordinates": [
          -119.195658,
          40.774739
        ]
      }
    },
    {
      "type": "Feature",
      "properties": {
        "uid": "a1XVI00000FKbsP2AT",
        "name": "Loadie Camp"
      },
      "geometry": {
        "type": "Point",
        "coordinates": [
          -119.197758,
          40.780159
        ]
      }
    },
    {
      "type": "Feature",
      "properties": {
        "uid": "a1XVI00000FKbxF2AT",
        "name": "Atomic Pussy Photo Lounge"
      },
      "geometry": {
        "type": "Point",
        "coordinates": [
          -119.215435,
          40.776218
        ]
      }
    },
    {
      "type": "Feature",
      "properties": {
        "uid": "a1XVI00000FKbyr2AD",
        "name": "HeeBeeGeeBee Healers"
      },
      "geometry": {
        "type": "Point",
        "coordinates": [
          -119.222385,
          40.788228
        ]
      }
    },
    {
      "type": "Feature",
      "properties": {
        "uid": "a1XVI00000FKc0T2AT",
        "name": "Wasted Sunshine"
      },
      "geometry": {
        "type": "Point",
        "coordinates": [
          -119.221232,
          40.78813
        ]
      }
    },
    {
      "type": "Feature",
      "properties": {
        "uid": "a1XVI00000FKc252AD",
        "name": "Camp Summer Camp"
      },
      "geometry": {
        "type": "Point",
        "coordinates": [
          -119.197037,
          40.776016
        ]
      }
    },
    {
      "type": "Feature",
      "properties": {
        "uid": "a1XVI00000FKc6v2AD",
        "name": "Black Rock City Welding & Repair"
      },
      "geometry": {
        "type": "Point",
        "coordinates": [
          -119.202763,
          40.775977
        ]
      }
    },
    {
      "type": "Feature",
      "properties": {
        "uid": "a1XVI00000FKc8X2AT",
        "name": "Ataraxia"
      },
      "geometry": {
        "type": "Point",
        "coordinates": [
          -119.198858,
          40.780242
        ]
      }
    },
    {
      "type": "Feature",
      "properties": {
        "uid": "a1XVI00000FKcBl2AL",
        "name": "Mo's Mini Martini + Erotica Camp"
      },
      "geometry": {
        "type": "Point",
        "coordinates": [
          -119.215872,
          40.788796
        ]
      }
    },
    {
      "type": "Feature",
      "properties": {
        "uid": "a1XVI00000FKcDN2A1",
        "name": "BurningShip"
      },
      "geometry": {
        "type": "Point",
        "coordinates": [
          -119.21995,
          40.785333
        ]
      }
    },
    {
      "type": "Feature",
      "properties": {
        "uid": "a1XVI00000FKcEz2AL",
        "name": "Pink Lightning"
      },
      "geometry": {
        "type": "Point",
        "coordinates": [
          -119.221166,
          40.783737
        ]
      }
    },
    {
      "type": "Feature",
      "properties": {
        "uid": "a1XVI00000FKcGb2AL",
        "name": "Metal-Morphosis"
      },
      "geometry": {
        "type": "Point",
        "coordinates": [
          -119.213899,
          40.774606
        ]
      }
    },
    {
      "type": "Feature",
      "properties": {
        "uid": "a1XVI00000FKcID2A1",
        "name": "Candyland"
      },
      "geometry": {
        "type": "Point",
        "coordinates": [
          -119.208332,
          40.769885
        ]
      }
    },
    {
      "type": "Feature",
      "properties": {
        "uid": "a1XVI00000FKcLR2A1",
        "name": "Camp Shark Cage"
      },
      "geometry": {
        "type": "Point",
        "coordinates": [
          -119.215267,
          40.775684
        ]
      }
    },
    {
      "type": "Feature",
      "properties": {
        "uid": "a1XVI00000FKcV72AL",
        "name": "Combat Zone"
      },
      "geometry": {
        "type": "Point",
        "coordinates": [
          -119.213216,
          40.789914
        ]
      }
    },
    {
      "type": "Feature",
      "properties": {
        "uid": "a1XVI00000FKcYL2A1",
        "name": "Red Nose District"
      },
      "geometry": {
        "type": "Point",
        "coordinates": [
          -119.209948,
          40.77593
        ]
      }
    },
    {
      "type": "Feature",
      "properties": {
        "uid": "a1XVI00000FKcbZ2AT",
        "name": "NO STAIRWAY TO HEAVEN"
      },
      "geometry": {
        "type": "Point",
        "coordinates": [
          -119.215877,
          40.79235
        ]
      }
    },
    {
      "type": "Feature",
      "properties": {
        "uid": "a1XVI00000FKcoT2AT",
        "name": "Memento Mori"
      },
      "geometry": {
        "type": "Point",
        "coordinates": [
          -119.208621,
          40.769826
        ]
      }
    },
    {
      "type": "Feature",
      "properties": {
        "uid": "a1XVI00000FKctJ2AT",
        "name": "Sian Kamp"
      },
      "geometry": {
        "type": "Point",
        "coordinates": [
          -119.20363,
          40.775662
        ]
      }
    },
    {
      "type": "Feature",
      "properties": {
        "uid": "a1XVI00000FKd9R2AT",
        "name": "Oh No You Didn't!"
      },
      "geometry": {
        "type": "Point",
        "coordinates": [
          -119.21389,
          40.79058
        ]
      }
    },
    {
      "type": "Feature",
      "properties": {
        "uid": "a1XVI00000FKdB32AL",
        "name": "Amateur Hour Playa Pub"
      },
      "geometry": {
        "type": "Point",
        "coordinates": [
          -119.197466,
          40.780489
        ]
      }
    },
    {
      "type": "Feature",
      "properties": {
        "uid": "a1XVI00000FKdCf2AL",
        "name": "HealAF"
      },
      "geometry": {
        "type": "Point",
        "coordinates": [
          -119.21847,
          40.775816
        ]
      }
    },
    {
      "type": "Feature",
      "properties": {
        "uid": "a1XVI00000FKdHV2A1",
        "name": "Camp Bean Water"
      },
      "geometry": {
        "type": "Point",
        "coordinates": [
          -119.217816,
          40.77751
        ]
      }
    },
    {
      "type": "Feature",
      "properties": {
        "uid": "a1XVI00000FKdJ72AL",
        "name": "Inappropirates"
      },
      "geometry": {
        "type": "Point",
        "coordinates": [
          -119.218884,
          40.783536
        ]
      }
    },
    {
      "type": "Feature",
      "properties": {
        "uid": "a1XVI00000FKdKj2AL",
        "name": "Intergalactic"
      },
      "geometry": {
        "type": "Point",
        "coordinates": [
          -119.192,
          40.778777
        ]
      }
    },
    {
      "type": "Feature",
      "properties": {
        "uid": "a1XVI00000FKdML2A1",
        "name": "What Would You Do For A Pickle?"
      },
      "geometry": {
        "type": "Point",
        "coordinates": [
          -119.214476,
          40.771546
        ]
      }
    },
    {
      "type": "Feature",
      "properties": {
        "uid": "a1XVI00000FKdNx2AL",
        "name": "The Enclave"
      },
      "geometry": {
        "type": "Point",
        "coordinates": [
          -119.219219,
          40.777887
        ]
      }
    },
    {
      "type": "Feature",
      "properties": {
        "uid": "a1XVI00000FKdRB2A1",
        "name": "Barbie Death Village"
      },
      "geometry": {
        "type": "Point",
        "coordinates": [
          -119.215202,
          40.774963
        ]
      }
    },
    {
      "type": "Feature",
      "properties": {
        "uid": "a1XVI00000FKdSn2AL",
        "name": "Twats Your Gender?"
      },
      "geometry": {
        "type": "Point",
        "coordinates": [
          -119.212334,
          40.792027
        ]
      }
    },
    {
      "type": "Feature",
      "properties": {
        "uid": "a1XVI00000FKdUP2A1",
        "name": "Afterglow"
      },
      "geometry": {
        "type": "Point",
        "coordinates": [
          -119.209014,
          40.77316
        ]
      }
    },
    {
      "type": "Feature",
      "properties": {
        "uid": "a1XVI00000FKdXd2AL",
        "name": "M*A*S*H 4207th"
      },
      "geometry": {
        "type": "Point",
        "coordinates": [
          -119.201598,
          40.776025
        ]
      }
    },
    {
      "type": "Feature",
      "properties": {
        "uid": "a1XVI00000FKdZF2A1",
        "name": "Pookah Lounge/SNAFUBAR"
      },
      "geometry": {
        "type": "Point",
        "coordinates": [
          -119.22215,
          40.782386
        ]
      }
    },
    {
      "type": "Feature",
      "properties": {
        "uid": "a1XVI00000FKgX72AL",
        "name": "Horny Camp"
      },
      "geometry": {
        "type": "Point",
        "coordinates": [
          -119.218006,
          40.787907
        ]
      }
    },
    {
      "type": "Feature",
      "properties": {
        "uid": "a1XVI00000FKk2r2AD",
        "name": "Burning Band Camp"
      },
      "geometry": {
        "type": "Point",
        "coordinates": [
          -119.21715,
          40.781211
        ]
      }
    },
    {
      "type": "Feature",
      "properties": {
        "uid": "a1XVI00000FKlYR2A1",
        "name": "Hydration Station"
      },
      "geometry": {
        "type": "Point",
        "coordinates": [
          -119.208026,
          40.772767
        ]
      }
    },
    {
      "type": "Feature",
      "properties": {
        "uid": "a1XVI00000FKmRF2A1",
        "name": "Oral Fixation"
      },
      "geometry": {
        "type": "Point",
        "coordinates": [
          -119.189976,
          40.77792
        ]
      }
    },
    {
      "type": "Feature",
      "properties": {
        "uid": "a1XVI00000FKmnp2AD",
        "name": "Popsicle Bahrrr"
      },
      "geometry": {
        "type": "Point",
        "coordinates": [
          -119.196264,
          40.780476
        ]
      }
    },
    {
      "type": "Feature",
      "properties": {
        "uid": "a1XVI00000FKmpR2AT",
        "name": "Naked Heart"
      },
      "geometry": {
        "type": "Point",
        "coordinates": [
          -119.220072,
          40.775614
        ]
      }
    },
    {
      "type": "Feature",
      "properties": {
        "uid": "a1XVI00000FKmr32AD",
        "name": "Bitchin' Braid Camp"
      },
      "geometry": {
        "type": "Point",
        "coordinates": [
          -119.194733,
          40.774289
        ]
      }
    },
    {
      "type": "Feature",
      "properties": {
        "uid": "a1XVI00000FKmuH2AT",
        "name": "Mouse House"
      },
      "geometry": {
        "type": "Point",
        "coordinates": [
          -119.22019,
          40.782224
        ]
      }
    },
    {
      "type": "Feature",
      "properties": {
        "uid": "a1XVI00000FKn0j2AD",
        "name": "DeMentha"
      },
      "geometry": {
        "type": "Point",
        "coordinates": [
          -119.200648,
          40.777019
        ]
      }
    },
    {
      "type": "Feature",
      "properties": {
        "uid": "a1XVI00000FKn3x2AD",
        "name": "Latica"
      },
      "geometry": {
        "type": "Point",
        "coordinates": [
          -119.202548,
          40.774737
        ]
      }
    },
    {
      "type": "Feature",
      "properties": {
        "uid": "a1XVI00000FKn7B2AT",
        "name": "Unitopia"
      },
      "geometry": {
        "type": "Point",
        "coordinates": [
          -119.213648,
          40.79157
        ]
      }
    },
    {
      "type": "Feature",
      "properties": {
        "uid": "a1XVI00000FKn8n2AD",
        "name": "Habitat for Insanity"
      },
      "geometry": {
        "type": "Point",
        "coordinates": [
          -119.21109,
          40.772772
        ]
      }
    },
    {
      "type": "Feature",
      "properties": {
        "uid": "a1XVI00000FKnAP2A1",
        "name": "Midnight Roast"
      },
      "geometry": {
        "type": "Point",
        "coordinates": [
          -119.195971,
          40.780506
        ]
      }
    },
    {
      "type": "Feature",
      "properties": {
        "uid": "a1XVI00000FKnC12AL",
        "name": "Better Together"
      },
      "geometry": {
        "type": "Point",
        "coordinates": [
          -119.216328,
          40.792667
        ]
      }
    },
    {
      "type": "Feature",
      "properties": {
        "uid": "a1XVI00000FKnDd2AL",
        "name": "The Alphabet Cookout"
      },
      "geometry": {
        "type": "Point",
        "coordinates": [
          -119.218982,
          40.776927
        ]
      }
    },
    {
      "type": "Feature",
      "properties": {
        "uid": "a1XVI00000FKnFF2A1",
        "name": "Vagabonds & Tagalongs"
      },
      "geometry": {
        "type": "Point",
        "coordinates": [
          -119.220345,
          40.77971
        ]
      }
    },
    {
      "type": "Feature",
      "properties": {
        "uid": "a1XVI00000FKnLh2AL",
        "name": "Best Year Yet"
      },
      "geometry": {
        "type": "Point",
        "coordinates": [
          -119.215498,
          40.788679
        ]
      }
    },
    {
      "type": "Feature",
      "properties": {
        "uid": "a1XVI00000FKnNJ2A1",
        "name": "U.F.O."
      },
      "geometry": {
        "type": "Point",
        "coordinates": [
          -119.222761,
          40.785161
        ]
      }
    },
    {
      "type": "Feature",
      "properties": {
        "uid": "a1XVI00000FKnOv2AL",
        "name": "Snow Cone Zone"
      },
      "geometry": {
        "type": "Point",
        "coordinates": [
          -119.21704,
          40.776906
        ]
      }
    },
    {
      "type": "Feature",
      "properties": {
        "uid": "a1XVI00000FKnTl2AL",
        "name": "Branding & Booze"
      },
      "geometry": {
        "type": "Point",
        "coordinates": [
          -119.219662,
          40.781113
        ]
      }
    },
    {
      "type": "Feature",
      "properties": {
        "uid": "a1XVI00000FKnVN2A1",
        "name": "Stag Camp"
      },
      "geometry": {
        "type": "Point",
        "coordinates": [
          -119.215455,
          40.791218
        ]
      }
    },
    {
      "type": "Feature",
      "properties": {
        "uid": "a1XVI00000FKnWz2AL",
        "name": "Lit AF"
      },
      "geometry": {
        "type": "Point",
        "coordinates": [
          -119.199042,
          40.778466
        ]
      }
    },
    {
      "type": "Feature",
      "properties": {
        "uid": "a1XVI00000FKnYb2AL",
        "name": "BRC3PO (BRC 3:00 Post Office)"
      },
      "geometry": {
        "type": "Point",
        "coordinates": [
          -119.199915,
          40.776464
        ]
      }
    },
    {
      "type": "Feature",
      "properties": {
        "uid": "a1XVI00000FKnaD2AT",
        "name": "The Pink Spot"
      },
      "geometry": {
        "type": "Point",
        "coordinates": [
          -119.202974,
          40.772383
        ]
      }
    },
    {
      "type": "Feature",
      "properties": {
        "uid": "a1XVI00000FKnbp2AD",
        "name": "Here"
      },
      "geometry": {
        "type": "Point",
        "coordinates": [
          -119.214793,
          40.791052
        ]
      }
    },
    {
      "type": "Feature",
      "properties": {
        "uid": "a1XVI00000FKnf32AD",
        "name": "Camp [No Name]"
      },
      "geometry": {
        "type": "Point",
        "coordinates": [
          -119.222763,
          40.781815
        ]
      }
    },
    {
      "type": "Feature",
      "properties": {
        "uid": "a1XVI00000FKniH2AT",
        "name": "Camp Kerosene"
      },
      "geometry": {
        "type": "Point",
        "coordinates": [
          -119.215218,
          40.776086
        ]
      }
    },
    {
      "type": "Feature",
      "properties": {
        "uid": "a1XVI00000FKnjt2AD",
        "name": "The Key Camp"
      },
      "geometry": {
        "type": "Point",
        "coordinates": [
          -119.199103,
          40.775026
        ]
      }
    },
    {
      "type": "Feature",
      "properties": {
        "uid": "a1XVI00000FKnlV2AT",
        "name": "IHOTT: After Dark"
      },
      "geometry": {
        "type": "Point",
        "coordinates": [
          -119.217072,
          40.788214
        ]
      }
    },
    {
      "type": "Feature",
      "properties": {
        "uid": "a1XVI00000FKnn72AD",
        "name": "Quarks and Recreation"
      },
      "geometry": {
        "type": "Point",
        "coordinates": [
          -119.219021,
          40.781888
        ]
      }
    },
    {
      "type": "Feature",
      "properties": {
        "uid": "a1XVI00000FKnoj2AD",
        "name": "17 Virgins"
      },
      "geometry": {
        "type": "Point",
        "coordinates": [
          -119.214643,
          40.789939
        ]
      }
    },
    {
      "type": "Feature",
      "properties": {
        "uid": "a1XVI00000FKnqL2AT",
        "name": "Celestial Tea Garden"
      },
      "geometry": {
        "type": "Point",
        "coordinates": [
          -119.219903,
          40.789331
        ]
      }
    },
    {
      "type": "Feature",
      "properties": {
        "uid": "a1XVI00000FKnvB2AT",
        "name": "STEEP?"
      },
      "geometry": {
        "type": "Point",
        "coordinates": [
          -119.219107,
          40.786312
        ]
      }
    },
    {
      "type": "Feature",
      "properties": {
        "uid": "a1XVI00000FKnwn2AD",
        "name": "Fatwatt"
      },
      "geometry": {
        "type": "Point",
        "coordinates": [
          -119.203124,
          40.774914
        ]
      }
    },
    {
      "type": "Feature",
      "properties": {
        "uid": "a1XVI00000FKo012AD",
        "name": "badlands"
      },
      "geometry": {
        "type": "Point",
        "coordinates": [
          -119.216299,
          40.793742
        ]
      }
    },
    {
      "type": "Feature",
      "properties": {
        "uid": "a1XVI00000FKo1d2AD",
        "name": "The Fluffy Cloud"
      },
      "geometry": {
        "type": "Point",
        "coordinates": [
          -119.213289,
          40.796266
        ]
      }
    },
    {
      "type": "Feature",
      "properties": {
        "uid": "a1XVI00000FKo3F2AT",
        "name": "Brainiac Camp"
      },
      "geometry": {
        "type": "Point",
        "coordinates": [
          -119.22045,
          40.775502
        ]
      }
    },
    {
      "type": "Feature",
      "properties": {
        "uid": "a1XVI00000FKo6T2AT",
        "name": "I Love Elephants"
      },
      "geometry": {
        "type": "Point",
        "coordinates": [
          -119.200462,
          40.778387
        ]
      }
    },
    {
      "type": "Feature",
      "properties": {
        "uid": "a1XVI00000FKoEX2A1",
        "name": "Bloom Camp"
      },
      "geometry": {
        "type": "Point",
        "coordinates": [
          -119.211754,
          40.789957
        ]
      }
    },
    {
      "type": "Feature",
      "properties": {
        "uid": "a1XVI00000FKoG92AL",
        "name": "Northwest Mist"
      },
      "geometry": {
        "type": "Point",
        "coordinates": [
          -119.216694,
          40.785853
        ]
      }
    },
    {
      "type": "Feature",
      "properties": {
        "uid": "a1XVI00000FKoHl2AL",
        "name": "ImagiMorphia"
      },
      "geometry": {
        "type": "Point",
        "coordinates": [
          -119.210799,
          40.770432
        ]
      }
    },
    {
      "type": "Feature",
      "properties": {
        "uid": "a1XVI00000FKoJN2A1",
        "name": "Bioluminati (Bike Mutation)"
      },
      "geometry": {
        "type": "Point",
        "coordinates": [
          -119.22172,
          40.783846
        ]
      }
    },
    {
      "type": "Feature",
      "properties": {
        "uid": "a1XVI00000FKoMb2AL",
        "name": "DUSTFISH"
      },
      "geometry": {
        "type": "Point",
        "coordinates": [
          -119.2041,
          40.776332
        ]
      }
    },
    {
      "type": "Feature",
      "properties": {
        "uid": "a1XVI00000FKoMc2AL",
        "name": "Johnny Tacomas at The Last Resort"
      },
      "geometry": {
        "type": "Point",
        "coordinates": [
          -119.190007,
          40.775754
        ]
      }
    },
    {
      "type": "Feature",
      "properties": {
        "uid": "a1XVI00000FKoRR2A1",
        "name": "Fingerbang"
      },
      "geometry": {
        "type": "Point",
        "coordinates": [
          -119.205465,
          40.770716
        ]
      }
    },
    {
      "type": "Feature",
      "properties": {
        "uid": "a1XVI00000FKoT32AL",
        "name": "XOXO"
      },
      "geometry": {
        "type": "Point",
        "coordinates": [
          -119.216709,
          40.789236
        ]
      }
    },
    {
      "type": "Feature",
      "properties": {
        "uid": "a1XVI00000FKoWH2A1",
        "name": "Duckbutt"
      },
      "geometry": {
        "type": "Point",
        "coordinates": [
          -119.218112,
          40.779469
        ]
      }
    },
    {
      "type": "Feature",
      "properties": {
        "uid": "a1XVI00000FKqzV2AT",
        "name": "Pirate Camp"
      },
      "geometry": {
        "type": "Point",
        "coordinates": [
          -119.214113,
          40.774303
        ]
      }
    },
    {
      "type": "Feature",
      "properties": {
        "uid": "a1XVI00000FKr172AD",
        "name": "Sobremesa"
      },
      "geometry": {
        "type": "Point",
        "coordinates": [
          -119.201662,
          40.774681
        ]
      }
    },
    {
      "type": "Feature",
      "properties": {
        "uid": "a1XVI00000FKr5x2AD",
        "name": "Skyhorse Carousel"
      },
      "geometry": {
        "type": "Point",
        "coordinates": [
          -119.214246,
          40.777011
        ]
      }
    },
    {
      "type": "Feature",
      "properties": {
        "uid": "a1XVI00000FKrIr2AL",
        "name": "Tantra Temple"
      },
      "geometry": {
        "type": "Point",
        "coordinates": [
          -119.219862,
          40.786774
        ]
      }
    },
    {
      "type": "Feature",
      "properties": {
        "uid": "a1XVI00000FKrqj2AD",
        "name": "LOBE"
      },
      "geometry": {
        "type": "Point",
        "coordinates": [
          -119.206305,
          40.774244
        ]
      }
    },
    {
      "type": "Feature",
      "properties": {
        "uid": "a1XVI00000FL0yr2AD",
        "name": "Slutt Putt"
      },
      "geometry": {
        "type": "Point",
        "coordinates": [
          -119.208314,
          40.773473
        ]
      }
    },
    {
      "type": "Feature",
      "properties": {
        "uid": "a1XVI00000FL2iv2AD",
        "name": "Barbots: Baby Needs A Break"
      },
      "geometry": {
        "type": "Point",
        "coordinates": [
          -119.218953,
          40.788848
        ]
      }
    },
    {
      "type": "Feature",
      "properties": {
        "uid": "a1XVI00000FL4BF2A1",
        "name": "Chicken Dragon"
      },
      "geometry": {
        "type": "Point",
        "coordinates": [
          -119.213851,
          40.7742
        ]
      }
    },
    {
      "type": "Feature",
      "properties": {
        "uid": "a1XVI00000FL5fB2AT",
        "name": "Burntown"
      },
      "geometry": {
        "type": "Point",
        "coordinates": [
          -119.224968,
          40.783745
        ]
      }
    },
    {
      "type": "Feature",
      "properties": {
        "uid": "a1XVI00000FL6Un2AL",
        "name": "Honey Puddle"
      },
      "geometry": {
        "type": "Point",
        "coordinates": [
          -119.214209,
          40.777506
        ]
      }
    },
    {
      "type": "Feature",
      "properties": {
        "uid": "a1XVI00000FLAJt2AP",
        "name": "Camp Random Pants"
      },
      "geometry": {
        "type": "Point",
        "coordinates": [
          -119.19505,
          40.77731
        ]
      }
    },
    {
      "type": "Feature",
      "properties": {
        "uid": "a1XVI00000FLAOj2AP",
        "name": "Black Rock Disc Golf Club"
      },
      "geometry": {
        "type": "Point",
        "coordinates": [
          -119.197567,
          40.779564
        ]
      }
    },
    {
      "type": "Feature",
      "properties": {
        "uid": "a1XVI00000FLBvt2AH",
        "name": "BAR MACTROPOLIS"
      },
      "geometry": {
        "type": "Point",
        "coordinates": [
          -119.193097,
          40.772521
        ]
      }
    },
    {
      "type": "Feature",
      "properties": {
        "uid": "a1XVI00000FLClV2AX",
        "name": "ICU:  Impromptu Crafters Union"
      },
      "geometry": {
        "type": "Point",
        "coordinates": [
          -119.2143,
          40.776104
        ]
      }
    },
    {
      "type": "Feature",
      "properties": {
        "uid": "a1XVI00000FLCn72AH",
        "name": "Desert Healers"
      },
      "geometry": {
        "type": "Point",
        "coordinates": [
          -119.220019,
          40.772933
        ]
      }
    },
    {
      "type": "Feature",
      "properties": {
        "uid": "a1XVI00000FLDeL2AX",
        "name": "Amma"
      },
      "geometry": {
        "type": "Point",
        "coordinates": [
          -119.188996,
          40.778708
        ]
      }
    },
    {
      "type": "Feature",
      "properties": {
        "uid": "a1XVI00000FLE492AH",
        "name": "Hair of the Dog (HOTD)"
      },
      "geometry": {
        "type": "Point",
        "coordinates": [
          -119.213494,
          40.776659
        ]
      }
    },
    {
      "type": "Feature",
      "properties": {
        "uid": "a1XVI00000FLFjN2AX",
        "name": "Tossed and Sauced"
      },
      "geometry": {
        "type": "Point",
        "coordinates": [
          -119.219561,
          40.782276
        ]
      }
    },
    {
      "type": "Feature",
      "properties": {
        "uid": "a1XVI00000FLFrR2AX",
        "name": "Camp Equilibrium"
      },
      "geometry": {
        "type": "Point",
        "coordinates": [
          -119.218136,
          40.789128
        ]
      }
    },
    {
      "type": "Feature",
      "properties": {
        "uid": "a1XVI00000FLFzV2AX",
        "name": "Lollypopolus"
      },
      "geometry": {
        "type": "Point",
        "coordinates": [
          -119.220945,
          40.775997
        ]
      }
    },
    {
      "type": "Feature",
      "properties": {
        "uid": "a1XVI00000FLGlt2AH",
        "name": "Yes Please"
      },
      "geometry": {
        "type": "Point",
        "coordinates": [
          -119.223397,
          40.779771
        ]
      }
    },
    {
      "type": "Feature",
      "properties": {
        "uid": "a1XVI00000FLGnV2AX",
        "name": "Art Car Camp"
      },
      "geometry": {
        "type": "Point",
        "coordinates": [
          -119.199721,
          40.778594
        ]
      }
    },
    {
      "type": "Feature",
      "properties": {
        "uid": "a1XVI00000FLIPV2A5",
        "name": "Twilight language"
      },
      "geometry": {
        "type": "Point",
        "coordinates": [
          -119.213377,
          40.797163
        ]
      }
    },
    {
      "type": "Feature",
      "properties": {
        "uid": "a1XVI00000FLIUL2A5",
        "name": "Whynauts"
      },
      "geometry": {
        "type": "Point",
        "coordinates": [
          -119.207382,
          40.771016
        ]
      }
    },
    {
      "type": "Feature",
      "properties": {
        "uid": "a1XVI00000FLIXZ2A5",
        "name": "Astral Outpost"
      },
      "geometry": {
        "type": "Point",
        "coordinates": [
          -119.199528,
          40.776284
        ]
      }
    },
    {
      "type": "Feature",
      "properties": {
        "uid": "a1XVI00000FLIhF2AX",
        "name": "Camp Bare Tentacles"
      },
      "geometry": {
        "type": "Point",
        "coordinates": [
          -119.219994,
          40.786504
        ]
      }
    },
    {
      "type": "Feature",
      "properties": {
        "uid": "a1XVI00000FLIsX2AX",
        "name": "Abstininthe"
      },
      "geometry": {
        "type": "Point",
        "coordinates": [
          -119.220131,
          40.779294
        ]
      }
    },
    {
      "type": "Feature",
      "properties": {
        "uid": "a1XVI00000FLIxN2AX",
        "name": "Amulet"
      },
      "geometry": {
        "type": "Point",
        "coordinates": [
          -119.218914,
          40.779043
        ]
      }
    },
    {
      "type": "Feature",
      "properties": {
        "uid": "a1XVI00000FLIyz2AH",
        "name": "Dome on the Range"
      },
      "geometry": {
        "type": "Point",
        "coordinates": [
          -119.219016,
          40.782972
        ]
      }
    },
    {
      "type": "Feature",
      "properties": {
        "uid": "a1XVI00000FLJDV2A5",
        "name": "Camp Castaway"
      },
      "geometry": {
        "type": "Point",
        "coordinates": [
          -119.221862,
          40.785875
        ]
      }
    },
    {
      "type": "Feature",
      "properties": {
        "uid": "a1XVI00000FLJGj2AP",
        "name": "Camp Butter"
      },
      "geometry": {
        "type": "Point",
        "coordinates": [
          -119.206222,
          40.7732
        ]
      }
    },
    {
      "type": "Feature",
      "properties": {
        "uid": "a1XVI00000FLJjl2AH",
        "name": "Giraffè Caffè"
      },
      "geometry": {
        "type": "Point",
        "coordinates": [
          -119.224698,
          40.783458
        ]
      }
    },
    {
      "type": "Feature",
      "properties": {
        "uid": "a1XVI00000FLJlN2AX",
        "name": "NetsaH"
      },
      "geometry": {
        "type": "Point",
        "coordinates": [
          -119.223754,
          40.784744
        ]
      }
    },
    {
      "type": "Feature",
      "properties": {
        "uid": "a1XVI00000FLJwf2AH",
        "name": "Dust Circus"
      },
      "geometry": {
        "type": "Point",
        "coordinates": [
          -119.220703,
          40.783865
        ]
      }
    },
    {
      "type": "Feature",
      "properties": {
        "uid": "a1XVI00000FLJzt2AH",
        "name": "A-PLAYA-MASK"
      },
      "geometry": {
        "type": "Point",
        "coordinates": [
          -119.211805,
          40.771012
        ]
      }
    },
    {
      "type": "Feature",
      "properties": {
        "uid": "a1XVI00000FLK372AH",
        "name": "ChillVille on the Esplanade"
      },
      "geometry": {
        "type": "Point",
        "coordinates": [
          -119.208306,
          40.776187
        ]
      }
    },
    {
      "type": "Feature",
      "properties": {
        "uid": "a1XVI00000FLK6L2AX",
        "name": "POWERHOUSE"
      },
      "geometry": {
        "type": "Point",
        "coordinates": [
          -119.215463,
          40.771975
        ]
      }
    },
    {
      "type": "Feature",
      "properties": {
        "uid": "a1XVI00000FLKJF2A5",
        "name": "Bungalow"
      },
      "geometry": {
        "type": "Point",
        "coordinates": [
          -119.211464,
          40.770529
        ]
      }
    },
    {
      "type": "Feature",
      "properties": {
        "uid": "a1XVI00000FLKUX2A5",
        "name": "Through the Looking Gl.ass"
      },
      "geometry": {
        "type": "Point",
        "coordinates": [
          -119.222496,
          40.780122
        ]
      }
    },
    {
      "type": "Feature",
      "properties": {
        "uid": "a1XVI00000FLKW92AP",
        "name": "Gears & Beers"
      },
      "geometry": {
        "type": "Point",
        "coordinates": [
          -119.219642,
          40.784271
        ]
      }
    },
    {
      "type": "Feature",
      "properties": {
        "uid": "a1XVI00000FLKZN2A5",
        "name": "Juicy Rootz"
      },
      "geometry": {
        "type": "Point",
        "coordinates": [
          -119.221126,
          40.784183
        ]
      }
    },
    {
      "type": "Feature",
      "properties": {
        "uid": "a1XVI00000FLKfp2AH",
        "name": "Sparkle Love"
      },
      "geometry": {
        "type": "Point",
        "coordinates": [
          -119.220042,
          40.784599
        ]
      }
    },
    {
      "type": "Feature",
      "properties": {
        "uid": "a1XVI00000FLKmH2AX",
        "name": "Celestial Bodies"
      },
      "geometry": {
        "type": "Point",
        "coordinates": [
          -119.225636,
          40.782791
        ]
      }
    },
    {
      "type": "Feature",
      "properties": {
        "uid": "a1XVI00000FLKnt2AH",
        "name": "Cozy Dinosaur"
      },
      "geometry": {
        "type": "Point",
        "coordinates": [
          -119.215383,
          40.790731
        ]
      }
    },
    {
      "type": "Feature",
      "properties": {
        "uid": "a1XVI00000FLKsj2AH",
        "name": "RedNeck Regal Theatre"
      },
      "geometry": {
        "type": "Point",
        "coordinates": [
          -119.206711,
          40.770132
        ]
      }
    },
    {
      "type": "Feature",
      "properties": {
        "uid": "a1XVI00000FLKuL2AX",
        "name": "Camp PlayApology"
      },
      "geometry": {
        "type": "Point",
        "coordinates": [
          -119.221805,
          40.776918
        ]
      }
    },
    {
      "type": "Feature",
      "properties": {
        "uid": "a1XVI00000FLKvx2AH",
        "name": "Terrible Turtle"
      },
      "geometry": {
        "type": "Point",
        "coordinates": [
          -119.22013,
          40.776537
        ]
      }
    },
    {
      "type": "Feature",
      "properties": {
        "uid": "a1XVI00000FLKxZ2AX",
        "name": "Roasted Breauxs & Coffee Heauxs"
      },
      "geometry": {
        "type": "Point",
        "coordinates": [
          -119.205692,
          40.775172
        ]
      }
    },
    {
      "type": "Feature",
      "properties": {
        "uid": "a1XVI00000FLKzB2AX",
        "name": "Kaleidoscope Collective"
      },
      "geometry": {
        "type": "Point",
        "coordinates": [
          -119.205251,
          40.774435
        ]
      }
    },
    {
      "type": "Feature",
      "properties": {
        "uid": "a1XVI00000FLL0n2AH",
        "name": "Practice Camp"
      },
      "geometry": {
        "type": "Point",
        "coordinates": [
          -119.226075,
          40.783032
        ]
      }
    },
    {
      "type": "Feature",
      "properties": {
        "uid": "a1XVI00000FLL412AH",
        "name": "Whiskey and Dust"
      },
      "geometry": {
        "type": "Point",
        "coordinates": [
          -119.222646,
          40.785482
        ]
      }
    },
    {
      "type": "Feature",
      "properties": {
        "uid": "a1XVI00000FLL7F2AX",
        "name": "Chicken Cooter Soup"
      },
      "geometry": {
        "type": "Point",
        "coordinates": [
          -119.223315,
          40.786917
        ]
      }
    },
    {
      "type": "Feature",
      "properties": {
        "uid": "a1XVI00000FLL8r2AH",
        "name": "End of the Line"
      },
      "geometry": {
        "type": "Point",
        "coordinates": [
          -119.205054,
          40.771402
        ]
      }
    },
    {
      "type": "Feature",
      "properties": {
        "uid": "a1XVI00000FLLC52AP",
        "name": "SonicBoom Saloon"
      },
      "geometry": {
        "type": "Point",
        "coordinates": [
          -119.200622,
          40.778095
        ]
      }
    },
    {
      "type": "Feature",
      "properties": {
        "uid": "a1XVI00000FLLFJ2A5",
        "name": "SoulSound"
      },
      "geometry": {
        "type": "Point",
        "coordinates": [
          -119.196345,
          40.778756
        ]
      }
    },
    {
      "type": "Feature",
      "properties": {
        "uid": "a1XVI00000FLLGv2AP",
        "name": "Pinky Swears"
      },
      "geometry": {
        "type": "Point",
        "coordinates": [
          -119.206438,
          40.773886
        ]
      }
    },
    {
      "type": "Feature",
      "properties": {
        "uid": "a1XVI00000FLLIX2A5",
        "name": "Kurenivka"
      },
      "geometry": {
        "type": "Point",
        "coordinates": [
          -119.213774,
          40.795112
        ]
      }
    },
    {
      "type": "Feature",
      "properties": {
        "uid": "a1XVI00000FLLK92AP",
        "name": "Cheat Codes"
      },
      "geometry": {
        "type": "Point",
        "coordinates": [
          -119.214088,
          40.789989
        ]
      }
    },
    {
      "type": "Feature",
      "properties": {
        "uid": "a1XVI00000FLLOz2AP",
        "name": "Worst Bar"
      },
      "geometry": {
        "type": "Point",
        "coordinates": [
          -119.217887,
          40.788182
        ]
      }
    },
    {
      "type": "Feature",
      "properties": {
        "uid": "a1XVI00000FLLQb2AP",
        "name": "Oceyolotl Sanctuary"
      },
      "geometry": {
        "type": "Point",
        "coordinates": [
          -119.210071,
          40.77333
        ]
      }
    },
    {
      "type": "Feature",
      "properties": {
        "uid": "a1XVI00000FLLSD2A5",
        "name": "Contraptionists"
      },
      "geometry": {
        "type": "Point",
        "coordinates": [
          -119.218801,
          40.780832
        ]
      }
    },
    {
      "type": "Feature",
      "properties": {
        "uid": "a1XVI00000FLLTp2AP",
        "name": "Penny Smashing Point"
      },
      "geometry": {
        "type": "Point",
        "coordinates": [
          -119.219643,
          40.773138
        ]
      }
    },
    {
      "type": "Feature",
      "properties": {
        "uid": "a1XVI00000FLLaH2AX",
        "name": "Bao Chicka Wow Wow"
      },
      "geometry": {
        "type": "Point",
        "coordinates": [
          -119.204192,
          40.774503
        ]
      }
    },
    {
      "type": "Feature",
      "properties": {
        "uid": "a1XVI00000FLLf72AH",
        "name": "RhythmWave"
      },
      "geometry": {
        "type": "Point",
        "coordinates": [
          -119.21889,
          40.775393
        ]
      }
    },
    {
      "type": "Feature",
      "properties": {
        "uid": "a1XVI00000FLLgj2AH",
        "name": "Heart Fusion"
      },
      "geometry": {
        "type": "Point",
        "coordinates": [
          -119.209849,
          40.775142
        ]
      }
    },
    {
      "type": "Feature",
      "properties": {
        "uid": "a1XVI00000FLLiL2AX",
        "name": "Black Rock Yearbook"
      },
      "geometry": {
        "type": "Point",
        "coordinates": [
          -119.203609,
          40.774689
        ]
      }
    },
    {
      "type": "Feature",
      "properties": {
        "uid": "a1XVI00000FLLlZ2AX",
        "name": "The Astral Social Club"
      },
      "geometry": {
        "type": "Point",
        "coordinates": [
          -119.218419,
          40.779997
        ]
      }
    },
    {
      "type": "Feature",
      "properties": {
        "uid": "a1XVI00000FLLqP2AX",
        "name": "Soon to be Infamous"
      },
      "geometry": {
        "type": "Point",
        "coordinates": [
          -119.21972,
          40.787041
        ]
      }
    },
    {
      "type": "Feature",
      "properties": {
        "uid": "a1XVI00000FLLs12AH",
        "name": "Discosmos"
      },
      "geometry": {
        "type": "Point",
        "coordinates": [
          -119.188632,
          40.778221
        ]
      }
    },
    {
      "type": "Feature",
      "properties": {
        "uid": "a1XVI00000FLLtd2AH",
        "name": "Team Human Base Camp"
      },
      "geometry": {
        "type": "Point",
        "coordinates": [
          -119.2131,
          40.79262
        ]
      }
    },
    {
      "type": "Feature",
      "properties": {
        "uid": "a1XVI00000FLLvF2AX",
        "name": "Best Butt"
      },
      "geometry": {
        "type": "Point",
        "coordinates": [
          -119.216833,
          40.78846
        ]
      }
    },
    {
      "type": "Feature",
      "properties": {
        "uid": "a1XVI00000FLLwr2AH",
        "name": "Lituanica Birds"
      },
      "geometry": {
        "type": "Point",
        "coordinates": [
          -119.207528,
          40.769488
        ]
      }
    },
    {
      "type": "Feature",
      "properties": {
        "uid": "a1XVI00000FLNSP2A5",
        "name": "Lovana"
      },
      "geometry": {
        "type": "Point",
        "coordinates": [
          -119.218662,
          40.775978
        ]
      }
    },
    {
      "type": "Feature",
      "properties": {
        "uid": "a1XVI00000FLNsD2AX",
        "name": "NYC Community Container"
      },
      "geometry": {
        "type": "Point",
        "coordinates": [
          -119.213069,
          40.771663
        ]
      }
    },
    {
      "type": "Feature",
      "properties": {
        "uid": "a1XVI00000FLPM92AP",
        "name": "Sundowners"
      },
      "geometry": {
        "type": "Point",
        "coordinates": [
          -119.219608,
          40.784908
        ]
      }
    },
    {
      "type": "Feature",
      "properties": {
        "uid": "a1XVI00000FLR2z2AH",
        "name": "The Carrot Club"
      },
      "geometry": {
        "type": "Point",
        "coordinates": [
          -119.219926,
          40.781064
        ]
      }
    },
    {
      "type": "Feature",
      "properties": {
        "uid": "a1XVI00000FLRnl2AH",
        "name": "Dogs N Recreation"
      },
      "geometry": {
        "type": "Point",
        "coordinates": [
          -119.208028,
          40.769115
        ]
      }
    },
    {
      "type": "Feature",
      "properties": {
        "uid": "a1XVI00000FLSn32AH",
        "name": "FUR"
      },
      "geometry": {
        "type": "Point",
        "coordinates": [
          -119.219007,
          40.781461
        ]
      }
    },
    {
      "type": "Feature",
      "properties": {
        "uid": "a1XVI00000FLT812AH",
        "name": "COOLSVILLE"
      },
      "geometry": {
        "type": "Point",
        "coordinates": [
          -119.198,
          40.779677
        ]
      }
    },
    {
      "type": "Feature",
      "properties": {
        "uid": "a1XVI00000FLUQf2AP",
        "name": "Backfire"
      },
      "geometry": {
        "type": "Point",
        "coordinates": [
          -119.218929,
          40.781199
        ]
      }
    },
    {
      "type": "Feature",
      "properties": {
        "uid": "a1XVI00000FLUdZ2AX",
        "name": "Interzone"
      },
      "geometry": {
        "type": "Point",
        "coordinates": [
          -119.217505,
          40.778766
        ]
      }
    },
    {
      "type": "Feature",
      "properties": {
        "uid": "a1XVI00000FLVwD2AX",
        "name": "Just Dandy"
      },
      "geometry": {
        "type": "Point",
        "coordinates": [
          -119.213578,
          40.792001
        ]
      }
    },
    {
      "type": "Feature",
      "properties": {
        "uid": "a1XVI00000FLVzR2AX",
        "name": "Edna's Oasis"
      },
      "geometry": {
        "type": "Point",
        "coordinates": [
          -119.194763,
          40.778769
        ]
      }
    },
    {
      "type": "Feature",
      "properties": {
        "uid": "a1XVI00000FLXEr2AP",
        "name": "And Then There's Only Love"
      },
      "geometry": {
        "type": "Point",
        "coordinates": [
          -119.223825,
          40.78241
        ]
      }
    },
    {
      "type": "Feature",
      "properties": {
        "uid": "a1XVI00000FLXYF2A5",
        "name": "Twisted"
      },
      "geometry": {
        "type": "Point",
        "coordinates": [
          -119.211625,
          40.773893
        ]
      }
    },
    {
      "type": "Feature",
      "properties": {
        "uid": "a1XVI00000FLXzf2AH",
        "name": "Shift the atmosphere"
      },
      "geometry": {
        "type": "Point",
        "coordinates": [
          -119.209718,
          40.770662
        ]
      }
    },
    {
      "type": "Feature",
      "properties": {
        "uid": "a1XVI00000FLa4g2AD",
        "name": "Nocino's"
      },
      "geometry": {
        "type": "Point",
        "coordinates": [
          -119.214345,
          40.79027
        ]
      }
    },
    {
      "type": "Feature",
      "properties": {
        "uid": "a1XVI00000FLaB72AL",
        "name": "Word Play Cafe"
      },
      "geometry": {
        "type": "Point",
        "coordinates": [
          -119.219456,
          40.773963
        ]
      }
    },
    {
      "type": "Feature",
      "properties": {
        "uid": "a1XVI00000FLaz72AD",
        "name": "IN DUST WE TRUST"
      },
      "geometry": {
        "type": "Point",
        "coordinates": [
          -119.198613,
          40.775344
        ]
      }
    },
    {
      "type": "Feature",
      "properties": {
        "uid": "a1XVI00000FLb8n2AD",
        "name": "Spanky's Wine Bar"
      },
      "geometry": {
        "type": "Point",
        "coordinates": [
          -119.223055,
          40.782487
        ]
      }
    },
    {
      "type": "Feature",
      "properties": {
        "uid": "a1XVI00000FLcb72AD",
        "name": "Steam Bath Project"
      },
      "geometry": {
        "type": "Point",
        "coordinates": [
          -119.218968,
          40.791957
        ]
      }
    },
    {
      "type": "Feature",
      "properties": {
        "uid": "a1XVI00000FLeBV2A1",
        "name": "Mellow Mountain"
      },
      "geometry": {
        "type": "Point",
        "coordinates": [
          -119.218548,
          40.788153
        ]
      }
    },
    {
      "type": "Feature",
      "properties": {
        "uid": "a1XVI00000FLeTF2A1",
        "name": "GYST"
      },
      "geometry": {
        "type": "Point",
        "coordinates": [
          -119.21774,
          40.780832
        ]
      }
    },
    {
      "type": "Feature",
      "properties": {
        "uid": "a1XVI00000FLeUr2AL",
        "name": "Mighty Misfits"
      },
      "geometry": {
        "type": "Point",
        "coordinates": [
          -119.19658,
          40.777885
        ]
      }
    },
    {
      "type": "Feature",
      "properties": {
        "uid": "a1XVI00000FLehl2AD",
        "name": "Hang-Out, the"
      },
      "geometry": {
        "type": "Point",
        "coordinates": [
          -119.216812,
          40.77672
        ]
      }
    },
    {
      "type": "Feature",
      "properties": {
        "uid": "a1XVI00000FLeuf2AD",
        "name": "The Society of Supreme Excellence"
      },
      "geometry": {
        "type": "Point",
        "coordinates": [
          -119.196814,
          40.779003
        ]
      }
    },
    {
      "type": "Feature",
      "properties": {
        "uid": "a1XVI00000FLf7Z2AT",
        "name": "Salty Jacks"
      },
      "geometry": {
        "type": "Point",
        "coordinates": [
          -119.219527,
          40.791576
        ]
      }
    },
    {
      "type": "Feature",
      "properties": {
        "uid": "a1XVI00000FLfVl2AL",
        "name": "Burning Sky"
      },
      "geometry": {
        "type": "Point",
        "coordinates": [
          -119.21187,
          40.770813
        ]
      }
    },
    {
      "type": "Feature",
      "properties": {
        "uid": "a1XVI00000FLfXN2A1",
        "name": "Burning My Crêpe"
      },
      "geometry": {
        "type": "Point",
        "coordinates": [
          -119.206686,
          40.769845
        ]
      }
    },
    {
      "type": "Feature",
      "properties": {
        "uid": "a1XVI00000FLfkH2AT",
        "name": "Hot Stuff"
      },
      "geometry": {
        "type": "Point",
        "coordinates": [
          -119.191845,
          40.779563
        ]
      }
    },
    {
      "type": "Feature",
      "properties": {
        "uid": "a1XVI00000FLfvZ2AT",
        "name": "TOT"
      },
      "geometry": {
        "type": "Point",
        "coordinates": [
          -119.216462,
          40.788839
        ]
      }
    },
    {
      "type": "Feature",
      "properties": {
        "uid": "a1XVI00000FLfyn2AD",
        "name": "PlayAground"
      },
      "geometry": {
        "type": "Point",
        "coordinates": [
          -119.199113,
          40.779153
        ]
      }
    },
    {
      "type": "Feature",
      "properties": {
        "uid": "a1XVI00000FLgur2AD",
        "name": "Gnometopia"
      },
      "geometry": {
        "type": "Point",
        "coordinates": [
          -119.216772,
          40.776185
        ]
      }
    },
    {
      "type": "Feature",
      "properties": {
        "uid": "a1XVI00000FLh9N2AT",
        "name": "Shitty Glitter"
      },
      "geometry": {
        "type": "Point",
        "coordinates": [
          -119.21967,
          40.788988
        ]
      }
    },
    {
      "type": "Feature",
      "properties": {
        "uid": "a1XVI00000FLi8f2AD",
        "name": "Now and Then Artist Collective"
      },
      "geometry": {
        "type": "Point",
        "coordinates": [
          -119.213486,
          40.789786
        ]
      }
    },
    {
      "type": "Feature",
      "properties": {
        "uid": "a1XVI00000FLj7x2AD",
        "name": "Space Bar"
      },
      "geometry": {
        "type": "Point",
        "coordinates": [
          -119.212295,
          40.774049
        ]
      }
    },
    {
      "type": "Feature",
      "properties": {
        "uid": "a1XVI00000FLjHd2AL",
        "name": "Potty Project"
      },
      "geometry": {
        "type": "Point",
        "coordinates": [
          -119.201264,
          40.7762
        ]
      }
    },
    {
      "type": "Feature",
      "properties": {
        "uid": "a1XVI00000FLjPh2AL",
        "name": "Snark Bar"
      },
      "geometry": {
        "type": "Point",
        "coordinates": [
          -119.216017,
          40.789033
        ]
      }
    },
    {
      "type": "Feature",
      "properties": {
        "uid": "a1XVI00000FLjj32AD",
        "name": "Mostly in Tune"
      },
      "geometry": {
        "type": "Point",
        "coordinates": [
          -119.224431,
          40.783035
        ]
      }
    },
    {
      "type": "Feature",
      "properties": {
        "uid": "a1XVI00000FLkQb2AL",
        "name": "Campoline"
      },
      "geometry": {
        "type": "Point",
        "coordinates": [
          -119.219132,
          40.791291
        ]
      }
    },
    {
      "type": "Feature",
      "properties": {
        "uid": "a1XVI00000FLlbB2AT",
        "name": "Camp BUI"
      },
      "geometry": {
        "type": "Point",
        "coordinates": [
          -119.198731,
          40.778206
        ]
      }
    },
    {
      "type": "Feature",
      "properties": {
        "uid": "a1XVI00000FLlhd2AD",
        "name": "Moon Cheese"
      },
      "geometry": {
        "type": "Point",
        "coordinates": [
          -119.216707,
          40.787363
        ]
      }
    },
    {
      "type": "Feature",
      "properties": {
        "uid": "a1XVI00000FLmm02AD",
        "name": "Tailgate"
      },
      "geometry": {
        "type": "Point",
        "coordinates": [
          -119.220085,
          40.784828
        ]
      }
    },
    {
      "type": "Feature",
      "properties": {
        "uid": "a1XVI00000FLnpv2AD",
        "name": "Dr. Playa's ENT Clinic"
      },
      "geometry": {
        "type": "Point",
        "coordinates": [
          -119.215428,
          40.779128
        ]
      }
    },
    {
      "type": "Feature",
      "properties": {
        "uid": "a1XVI00000FLoKX2A1",
        "name": "Great Vibrations"
      },
      "geometry": {
        "type": "Point",
        "coordinates": [
          -119.219405,
          40.79286
        ]
      }
    },
    {
      "type": "Feature",
      "properties": {
        "uid": "a1XVI00000FLoaf2AD",
        "name": "Glowskull Asylum Int'l"
      },
      "geometry": {
        "type": "Point",
        "coordinates": [
          -119.200337,
          40.777873
        ]
      }
    },
    {
      "type": "Feature",
      "properties": {
        "uid": "a1XVI00000FLoqn2AD",
        "name": "Base Camp"
      },
      "geometry": {
        "type": "Point",
        "coordinates": [
          -119.220926,
          40.791642
        ]
      }
    },
    {
      "type": "Feature",
      "properties": {
        "uid": "a1XVI00000FLoxF2AT",
        "name": "PO9"
      },
      "geometry": {
        "type": "Point",
        "coordinates": [
          -119.216933,
          40.786779
        ]
      }
    },
    {
      "type": "Feature",
      "properties": {
        "uid": "a1XVI00000FLp6v2AD",
        "name": "MacGyvers' Union"
      },
      "geometry": {
        "type": "Point",
        "coordinates": [
          -119.219066,
          40.781688
        ]
      }
    },
    {
      "type": "Feature",
      "properties": {
        "uid": "a1XVI00000FLpBl2AL",
        "name": "Half Baked"
      },
      "geometry": {
        "type": "Point",
        "coordinates": [
          -119.209565,
          40.775104
        ]
      }
    },
    {
      "type": "Feature",
      "properties": {
        "uid": "a1XVI00000FLpEz2AL",
        "name": "Soul Forge"
      },
      "geometry": {
        "type": "Point",
        "coordinates": [
          -119.216049,
          40.775606
        ]
      }
    },
    {
      "type": "Feature",
      "properties": {
        "uid": "a1XVI00000FLpID2A1",
        "name": "Critical Connections"
      },
      "geometry": {
        "type": "Point",
        "coordinates": [
          -119.207431,
          40.7753
        ]
      }
    },
    {
      "type": "Feature",
      "properties": {
        "uid": "a1XVI00000FLpN32AL",
        "name": "Planned Playahood"
      },
      "geometry": {
        "type": "Point",
        "coordinates": [
          -119.222388,
          40.780629
        ]
      }
    },
    {
      "type": "Feature",
      "properties": {
        "uid": "a1XVI00000FLpQH2A1",
        "name": "Gianni's Fellas"
      },
      "geometry": {
        "type": "Point",
        "coordinates": [
          -119.196612,
          40.779539
        ]
      }
    },
    {
      "type": "Feature",
      "properties": {
        "uid": "a1XVI00000FLpYL2A1",
        "name": "Hippocampus"
      },
      "geometry": {
        "type": "Point",
        "coordinates": [
          -119.212292,
          40.771478
        ]
      }
    },
    {
      "type": "Feature",
      "properties": {
        "uid": "a1XVI00000FLpZx2AL",
        "name": "Redhanded"
      },
      "geometry": {
        "type": "Point",
        "coordinates": [
          -119.217261,
          40.789071
        ]
      }
    },
    {
      "type": "Feature",
      "properties": {
        "uid": "a1XVI00000FLpdB2AT",
        "name": "We < 3 CamPINK!"
      },
      "geometry": {
        "type": "Point",
        "coordinates": [
          -119.198055,
          40.774702
        ]
      }
    },
    {
      "type": "Feature",
      "properties": {
        "uid": "a1XVI00000FLpen2AD",
        "name": "Giraffelot"
      },
      "geometry": {
        "type": "Point",
        "coordinates": [
          -119.225774,
          40.78376
        ]
      }
    },
    {
      "type": "Feature",
      "properties": {
        "uid": "a1XVI00000FLpgP2AT",
        "name": "Playa Pinups and Fine Art Fatales"
      },
      "geometry": {
        "type": "Point",
        "coordinates": [
          -119.201755,
          40.773359
        ]
      }
    },
    {
      "type": "Feature",
      "properties": {
        "uid": "a1XVI00000FLpjd2AD",
        "name": "Discrace"
      },
      "geometry": {
        "type": "Point",
        "coordinates": [
          -119.204365,
          40.772544
        ]
      }
    },
    {
      "type": "Feature",
      "properties": {
        "uid": "a1XVI00000FLplF2AT",
        "name": "Armageddon Bike Camp"
      },
      "geometry": {
        "type": "Point",
        "coordinates": [
          -119.199873,
          40.777686
        ]
      }
    },
    {
      "type": "Feature",
      "properties": {
        "uid": "a1XVI00000FLpoT2AT",
        "name": "Champagne Lounge"
      },
      "geometry": {
        "type": "Point",
        "coordinates": [
          -119.215571,
          40.775862
        ]
      }
    },
    {
      "type": "Feature",
      "properties": {
        "uid": "a1XVI00000FLpq52AD",
        "name": "Battle Born Burners"
      },
      "geometry": {
        "type": "Point",
        "coordinates": [
          -119.22282,
          40.776088
        ]
      }
    },
    {
      "type": "Feature",
      "properties": {
        "uid": "a1XVI00000FLptJ2AT",
        "name": "Tour de Chance"
      },
      "geometry": {
        "type": "Point",
        "coordinates": [
          -119.205103,
          40.774063
        ]
      }
    },
    {
      "type": "Feature",
      "properties": {
        "uid": "a1XVI00000FLpwX2AT",
        "name": "Deep Eat"
      },
      "geometry": {
        "type": "Point",
        "coordinates": [
          -119.205672,
          40.773973
        ]
      }
    },
    {
      "type": "Feature",
      "properties": {
        "uid": "a1XVI00000FLq1N2AT",
        "name": "Cloudy AF"
      },
      "geometry": {
        "type": "Point",
        "coordinates": [
          -119.208328,
          40.77313
        ]
      }
    },
    {
      "type": "Feature",
      "properties": {
        "uid": "a1XVI00000FLq2z2AD",
        "name": "Paper Cranes"
      },
      "geometry": {
        "type": "Point",
        "coordinates": [
          -119.218416,
          40.786306
        ]
      }
    },
    {
      "type": "Feature",
      "properties": {
        "uid": "a1XVI00000FLq4b2AD",
        "name": "Abominable Base Camp"
      },
      "geometry": {
        "type": "Point",
        "coordinates": [
          -119.218737,
          40.787768
        ]
      }
    },
    {
      "type": "Feature",
      "properties": {
        "uid": "a1XVI00000FLq4c2AD",
        "name": "Shangri-Lounge"
      },
      "geometry": {
        "type": "Point",
        "coordinates": [
          -119.217518,
          40.779486
        ]
      }
    },
    {
      "type": "Feature",
      "properties": {
        "uid": "a1XVI00000FLq6D2AT",
        "name": "A Touchy Subject"
      },
      "geometry": {
        "type": "Point",
        "coordinates": [
          -119.21118,
          40.770484
        ]
      }
    },
    {
      "type": "Feature",
      "properties": {
        "uid": "a1XVI00000FLq7p2AD",
        "name": "Molotov Cocktail"
      },
      "geometry": {
        "type": "Point",
        "coordinates": [
          -119.200074,
          40.777116
        ]
      }
    },
    {
      "type": "Feature",
      "properties": {
        "uid": "a1XVI00000FLq9R2AT",
        "name": "Happy Hour"
      },
      "geometry": {
        "type": "Point",
        "coordinates": [
          -119.202591,
          40.775736
        ]
      }
    },
    {
      "type": "Feature",
      "properties": {
        "uid": "a1XVI00000FLqB32AL",
        "name": "Chatterbox Camp"
      },
      "geometry": {
        "type": "Point",
        "coordinates": [
          -119.201471,
          40.777043
        ]
      }
    },
    {
      "type": "Feature",
      "properties": {
        "uid": "a1XVI00000FLqCf2AL",
        "name": "Burnstream Court"
      },
      "geometry": {
        "type": "Point",
        "coordinates": [
          -119.200099,
          40.773562
        ]
      }
    },
    {
      "type": "Feature",
      "properties": {
        "uid": "a1XVI00000FLqEH2A1",
        "name": "Emergence with  Buddha Lounge"
      },
      "geometry": {
        "type": "Point",
        "coordinates": [
          -119.21275,
          40.795701
        ]
      }
    },
    {
      "type": "Feature",
      "properties": {
        "uid": "a1XVI00000FLqFt2AL",
        "name": "2 girls 1 camp"
      },
      "geometry": {
        "type": "Point",
        "coordinates": [
          -119.217076,
          40.775838
        ]
      }
    },
    {
      "type": "Feature",
      "properties": {
        "uid": "a1XVI00000FLqHV2A1",
        "name": "The New Barbarians"
      },
      "geometry": {
        "type": "Point",
        "coordinates": [
          -119.221114,
          40.78221
        ]
      }
    },
    {
      "type": "Feature",
      "properties": {
        "uid": "a1XVI00000FLqJ72AL",
        "name": "IGNITED STATES"
      },
      "geometry": {
        "type": "Point",
        "coordinates": [
          -119.204619,
          40.772174
        ]
      }
    },
    {
      "type": "Feature",
      "properties": {
        "uid": "a1XVI00000FLqML2A1",
        "name": "Deep C"
      },
      "geometry": {
        "type": "Point",
        "coordinates": [
          -119.217777,
          40.782905
        ]
      }
    },
    {
      "type": "Feature",
      "properties": {
        "uid": "a1XVI00000FLqNx2AL",
        "name": "Orgy Bus Camp"
      },
      "geometry": {
        "type": "Point",
        "coordinates": [
          -119.226166,
          40.783431
        ]
      }
    },
    {
      "type": "Feature",
      "properties": {
        "uid": "a1XVI00000FLqZF2A1",
        "name": "Black Rock City Municipal Pool"
      },
      "geometry": {
        "type": "Point",
        "coordinates": [
          -119.219635,
          40.780402
        ]
      }
    },
    {
      "type": "Feature",
      "properties": {
        "uid": "a1XVI00000FLqar2AD",
        "name": "PALINKA LOUNGE"
      },
      "geometry": {
        "type": "Point",
        "coordinates": [
          -119.214812,
          40.776622
        ]
      }
    },
    {
      "type": "Feature",
      "properties": {
        "uid": "a1XVI00000FLqe52AD",
        "name": "Never Sleep Again"
      },
      "geometry": {
        "type": "Point",
        "coordinates": [
          -119.221416,
          40.789591
        ]
      }
    },
    {
      "type": "Feature",
      "properties": {
        "uid": "a1XVI00000FLqfh2AD",
        "name": "SophistaPirate Cove"
      },
      "geometry": {
        "type": "Point",
        "coordinates": [
          -119.201912,
          40.777469
        ]
      }
    },
    {
      "type": "Feature",
      "properties": {
        "uid": "a1XVI00000FLqhJ2AT",
        "name": "Stardust Lounge"
      },
      "geometry": {
        "type": "Point",
        "coordinates": [
          -119.218316,
          40.788047
        ]
      }
    },
    {
      "type": "Feature",
      "properties": {
        "uid": "a1XVI00000FLqiv2AD",
        "name": "Halloween Camp"
      },
      "geometry": {
        "type": "Point",
        "coordinates": [
          -119.21565,
          40.790572
        ]
      }
    },
    {
      "type": "Feature",
      "properties": {
        "uid": "a1XVI00000FLqkX2AT",
        "name": "Cinderbox"
      },
      "geometry": {
        "type": "Point",
        "coordinates": [
          -119.205183,
          40.77075
        ]
      }
    },
    {
      "type": "Feature",
      "properties": {
        "uid": "a1XVI00000FLqm92AD",
        "name": "Society for Temporal Preservation"
      },
      "geometry": {
        "type": "Point",
        "coordinates": [
          -119.218831,
          40.774661
        ]
      }
    },
    {
      "type": "Feature",
      "properties": {
        "uid": "a1XVI00000FLqpN2AT",
        "name": "Camp SnuggleFunk"
      },
      "geometry": {
        "type": "Point",
        "coordinates": [
          -119.207412,
          40.773472
        ]
      }
    },
    {
      "type": "Feature",
      "properties": {
        "uid": "a1XVI00000FLqxR2AT",
        "name": "French Manila"
      },
      "geometry": {
        "type": "Point",
        "coordinates": [
          -119.20945,
          40.774675
        ]
      }
    },
    {
      "type": "Feature",
      "properties": {
        "uid": "a1XVI00000FLqxS2AT",
        "name": "Good Question"
      },
      "geometry": {
        "type": "Point",
        "coordinates": [
          -119.205062,
          40.772034
        ]
      }
    },
    {
      "type": "Feature",
      "properties": {
        "uid": "a1XVI00000FLr0f2AD",
        "name": "Coffee and Pasties"
      },
      "geometry": {
        "type": "Point",
        "coordinates": [
          -119.202904,
          40.775534
        ]
      }
    },
    {
      "type": "Feature",
      "properties": {
        "uid": "a1XVI00000FLr2H2AT",
        "name": "SnowKoanSolar"
      },
      "geometry": {
        "type": "Point",
        "coordinates": [
          -119.218421,
          40.792097
        ]
      }
    },
    {
      "type": "Feature",
      "properties": {
        "uid": "a1XVI00000FLr3t2AD",
        "name": "Second Rodeo"
      },
      "geometry": {
        "type": "Point",
        "coordinates": [
          -119.220722,
          40.789268
        ]
      }
    },
    {
      "type": "Feature",
      "properties": {
        "uid": "a1XVI00000FLrQT2A1",
        "name": "Camp Tidy"
      },
      "geometry": {
        "type": "Point",
        "coordinates": [
          -119.20476,
          40.771445
        ]
      }
    },
    {
      "type": "Feature",
      "properties": {
        "uid": "a1XVI00000FLrS52AL",
        "name": "Alma Borekas"
      },
      "geometry": {
        "type": "Point",
        "coordinates": [
          -119.219701,
          40.777736
        ]
      }
    },
    {
      "type": "Feature",
      "properties": {
        "uid": "a1XVI00000FLrWv2AL",
        "name": "Flying Pegasus"
      },
      "geometry": {
        "type": "Point",
        "coordinates": [
          -119.21692,
          40.787775
        ]
      }
    },
    {
      "type": "Feature",
      "properties": {
        "uid": "a1XVI00000FLra92AD",
        "name": "Chain Reaction"
      },
      "geometry": {
        "type": "Point",
        "coordinates": [
          -119.214125,
          40.776427
        ]
      }
    },
    {
      "type": "Feature",
      "properties": {
        "uid": "a1XVI00000FLrbl2AD",
        "name": "The Island"
      },
      "geometry": {
        "type": "Point",
        "coordinates": [
          -119.220583,
          40.784724
        ]
      }
    },
    {
      "type": "Feature",
      "properties": {
        "uid": "a1XVI00000FLrdN2AT",
        "name": "Hot Noodz"
      },
      "geometry": {
        "type": "Point",
        "coordinates": [
          -119.218183,
          40.787534
        ]
      }
    },
    {
      "type": "Feature",
      "properties": {
        "uid": "a1XVI00000FLrgb2AD",
        "name": "SolarPlus"
      },
      "geometry": {
        "type": "Point",
        "coordinates": [
          -119.223432,
          40.786619
        ]
      }
    },
    {
      "type": "Feature",
      "properties": {
        "uid": "a1XVI00000FLtHG2A1",
        "name": "Healing Foot Wash Life Truth Love"
      },
      "geometry": {
        "type": "Point",
        "coordinates": [
          -119.211957,
          40.770546
        ]
      }
    },
    {
      "type": "Feature",
      "properties": {
        "uid": "a1XVI00000FLtSH2A1",
        "name": "Lusty Chanterelle Kombucha Bar"
      },
      "geometry": {
        "type": "Point",
        "coordinates": [
          -119.21541,
          40.778453
        ]
      }
    },
    {
      "type": "Feature",
      "properties": {
        "uid": "a1XVI00000FLtTt2AL",
        "name": "Illumination Village"
      },
      "geometry": {
        "type": "Point",
        "coordinates": [
          -119.206776,
          40.775816
        ]
      }
    },
    {
      "type": "Feature",
      "properties": {
        "uid": "a1XVI00000FLtVV2A1",
        "name": "Phonic Bloom"
      },
      "geometry": {
        "type": "Point",
        "coordinates": [
          -119.201865,
          40.773699
        ]
      }
    },
    {
      "type": "Feature",
      "properties": {
        "uid": "a1XVI00000FLu8D2AT",
        "name": "Burner Buddies"
      },
      "geometry": {
        "type": "Point",
        "coordinates": [
          -119.21902,
          40.779992
        ]
      }
    },
    {
      "type": "Feature",
      "properties": {
        "uid": "a1XVI00000FLuGH2A1",
        "name": "Monkey King Camp"
      },
      "geometry": {
        "type": "Point",
        "coordinates": [
          -119.190472,
          40.77917
        ]
      }
    },
    {
      "type": "Feature",
      "properties": {
        "uid": "a1XVI00000FLupl2AD",
        "name": "Camp Synthesis"
      },
      "geometry": {
        "type": "Point",
        "coordinates": [
          -119.2149,
          40.776396
        ]
      }
    },
    {
      "type": "Feature",
      "properties": {
        "uid": "a1XVI00000FLuxp2AD",
        "name": "Black Rock City Shipyard"
      },
      "geometry": {
        "type": "Point",
        "coordinates": [
          -119.213777,
          40.792781
        ]
      }
    },
    {
      "type": "Feature",
      "properties": {
        "uid": "a1XVI00000FLuzR2AT",
        "name": "The Club"
      },
      "geometry": {
        "type": "Point",
        "coordinates": [
          -119.20301,
          40.773748
        ]
      }
    },
    {
      "type": "Feature",
      "properties": {
        "uid": "a1XVI00000FLwEr2AL",
        "name": "Uncle Larry's Misguided Burners"
      },
      "geometry": {
        "type": "Point",
        "coordinates": [
          -119.203803,
          40.770967
        ]
      }
    },
    {
      "type": "Feature",
      "properties": {
        "uid": "a1XVI00000FLwtB2AT",
        "name": "Camp Scone Fucker"
      },
      "geometry": {
        "type": "Point",
        "coordinates": [
          -119.218241,
          40.775631
        ]
      }
    },
    {
      "type": "Feature",
      "properties": {
        "uid": "a1XVI00000FLyVR2A1",
        "name": "Camp TeaPunk"
      },
      "geometry": {
        "type": "Point",
        "coordinates": [
          -119.220415,
          40.778019
        ]
      }
    },
    {
      "type": "Feature",
      "properties": {
        "uid": "a1XVI00000FLywb2AD",
        "name": "Vivarium"
      },
      "geometry": {
        "type": "Point",
        "coordinates": [
          -119.218851,
          40.77674
        ]
      }
    },
    {
      "type": "Feature",
      "properties": {
        "uid": "a1XVI00000FLzJB2A1",
        "name": "Camp Sweaty Betty"
      },
      "geometry": {
        "type": "Point",
        "coordinates": [
          -119.22004,
          40.781869
        ]
      }
    },
    {
      "type": "Feature",
      "properties": {
        "uid": "a1XVI00000FM07B2AT",
        "name": "Nom De Plume"
      },
      "geometry": {
        "type": "Point",
        "coordinates": [
          -119.211332,
          40.792104
        ]
      }
    },
    {
      "type": "Feature",
      "properties": {
        "uid": "a1XVI00000FM0Tl2AL",
        "name": "Black Rock Yacht Club"
      },
      "geometry": {
        "type": "Point",
        "coordinates": [
          -119.22437,
          40.792453
        ]
      }
    },
    {
      "type": "Feature",
      "properties": {
        "uid": "a1XVI00000FM0aD2AT",
        "name": "StarFist"
      },
      "geometry": {
        "type": "Point",
        "coordinates": [
          -119.202115,
          40.77498
        ]
      }
    },
    {
      "type": "Feature",
      "properties": {
        "uid": "a1XVI00000FM0n72AD",
        "name": "Honkers Harbor"
      },
      "geometry": {
        "type": "Point",
        "coordinates": [
          -119.220513,
          40.787745
        ]
      }
    },
    {
      "type": "Feature",
      "properties": {
        "uid": "a1XVI00000FM0rx2AD",
        "name": "Camp Delicioso & Creperie"
      },
      "geometry": {
        "type": "Point",
        "coordinates": [
          -119.195679,
          40.779529
        ]
      }
    },
    {
      "type": "Feature",
      "properties": {
        "uid": "a1XVI00000FM1WH2A1",
        "name": "Camp Byte This"
      },
      "geometry": {
        "type": "Point",
        "coordinates": [
          -119.211669,
          40.792651
        ]
      }
    },
    {
      "type": "Feature",
      "properties": {
        "uid": "a1XVI00000FM1Xt2AL",
        "name": "CAMP WWIT"
      },
      "geometry": {
        "type": "Point",
        "coordinates": [
          -119.218735,
          40.778783
        ]
      }
    },
    {
      "type": "Feature",
      "properties": {
        "uid": "a1XVI00000FM27N2AT",
        "name": "BRC Ski Resort"
      },
      "geometry": {
        "type": "Point",
        "coordinates": [
          -119.214572,
          40.788974
        ]
      }
    },
    {
      "type": "Feature",
      "properties": {
        "uid": "a1XVI00000FM2fH2AT",
        "name": "Scotch & Hop"
      },
      "geometry": {
        "type": "Point",
        "coordinates": [
          -119.218981,
          40.790167
        ]
      }
    },
    {
      "type": "Feature",
      "properties": {
        "uid": "a1XVI00000FM2vN2AT",
        "name": "Blazing Death Ship"
      },
      "geometry": {
        "type": "Point",
        "coordinates": [
          -119.20658,
          40.774648
        ]
      }
    },
    {
      "type": "Feature",
      "properties": {
        "uid": "a1XVI00000FM3t32AD",
        "name": "Someplace Cozy"
      },
      "geometry": {
        "type": "Point",
        "coordinates": [
          -119.219218,
          40.777056
        ]
      }
    },
    {
      "type": "Feature",
      "properties": {
        "uid": "a1XVI00000FM44L2AT",
        "name": "The Gutter"
      },
      "geometry": {
        "type": "Point",
        "coordinates": [
          -119.213099,
          40.774777
        ]
      }
    },
    {
      "type": "Feature",
      "properties": {
        "uid": "a1XVI00000FM53d2AD",
        "name": "METAL MIMI Camp"
      },
      "geometry": {
        "type": "Point",
        "coordinates": [
          -119.198225,
          40.779339
        ]
      }
    },
    {
      "type": "Feature",
      "properties": {
        "uid": "a1XVI00000FM5Ob2AL",
        "name": "Death Guild Thunderdon't"
      },
      "geometry": {
        "type": "Point",
        "coordinates": [
          -119.216475,
          40.787256
        ]
      }
    },
    {
      "type": "Feature",
      "properties": {
        "uid": "a1XVI00000FM5gL2AT",
        "name": "Kamp Kaos"
      },
      "geometry": {
        "type": "Point",
        "coordinates": [
          -119.205646,
          40.775827
        ]
      }
    },
    {
      "type": "Feature",
      "properties": {
        "uid": "a1XVI00000FM6fd2AD",
        "name": "The Parlour Room"
      },
      "geometry": {
        "type": "Point",
        "coordinates": [
          -119.212953,
          40.791375
        ]
      }
    },
    {
      "type": "Feature",
      "properties": {
        "uid": "a1XVI00000FM6kT2AT",
        "name": "ELEMENTUM"
      },
      "geometry": {
        "type": "Point",
        "coordinates": [
          -119.225231,
          40.791422
        ]
      }
    },
    {
      "type": "Feature",
      "properties": {
        "uid": "a1XVI00000FM6nh2AD",
        "name": "Happy Hair Salon"
      },
      "geometry": {
        "type": "Point",
        "coordinates": [
          -119.211135,
          40.791051
        ]
      }
    },
    {
      "type": "Feature",
      "properties": {
        "uid": "a1XVI00000FM6u92AD",
        "name": "Wanderlust"
      },
      "geometry": {
        "type": "Point",
        "coordinates": [
          -119.209376,
          40.774238
        ]
      }
    },
    {
      "type": "Feature",
      "properties": {
        "uid": "a1XVI00000FM7Gj2AL",
        "name": "Gallavant"
      },
      "geometry": {
        "type": "Point",
        "coordinates": [
          -119.196389,
          40.773812
        ]
      }
    },
    {
      "type": "Feature",
      "properties": {
        "uid": "a1XVI00000FM7lN2AT",
        "name": "Space Cowboys"
      },
      "geometry": {
        "type": "Point",
        "coordinates": [
          -119.197174,
          40.777105
        ]
      }
    },
    {
      "type": "Feature",
      "properties": {
        "uid": "a1XVI00000FM7qD2AT",
        "name": "PLAYGROUND"
      },
      "geometry": {
        "type": "Point",
        "coordinates": [
          -119.195387,
          40.780153
        ]
      }
    },
    {
      "type": "Feature",
      "properties": {
        "uid": "a1XVI00000FM7zt2AD",
        "name": "The Hash House"
      },
      "geometry": {
        "type": "Point",
        "coordinates": [
          -119.217636,
          40.788927
        ]
      }
    },
    {
      "type": "Feature",
      "properties": {
        "uid": "a1XVI00000FM81V2AT",
        "name": "Black Rock City Passport Office"
      },
      "geometry": {
        "type": "Point",
        "coordinates": [
          -119.215786,
          40.776447
        ]
      }
    },
    {
      "type": "Feature",
      "properties": {
        "uid": "a1XVI00000FM87x2AD",
        "name": "Retrofrolic"
      },
      "geometry": {
        "type": "Point",
        "coordinates": [
          -119.222187,
          40.783576
        ]
      }
    },
    {
      "type": "Feature",
      "properties": {
        "uid": "a1XVI00000FM8Sv2AL",
        "name": "Paralunatics"
      },
      "geometry": {
        "type": "Point",
        "coordinates": [
          -119.220244,
          40.782738
        ]
      }
    },
    {
      "type": "Feature",
      "properties": {
        "uid": "a1XVI00000FM95d2AD",
        "name": "Gaudium Genus Aureus"
      },
      "geometry": {
        "type": "Point",
        "coordinates": [
          -119.221864,
          40.784644
        ]
      }
    },
    {
      "type": "Feature",
      "properties": {
        "uid": "a1XVI00000FM9NN2A1",
        "name": "Live Laugh Love Lounge"
      },
      "geometry": {
        "type": "Point",
        "coordinates": [
          -119.189711,
          40.776178
        ]
      }
    },
    {
      "type": "Feature",
      "properties": {
        "uid": "a1XVI00000FM9SD2A1",
        "name": "Art Support for Bass Snail"
      },
      "geometry": {
        "type": "Point",
        "coordinates": [
          -119.205772,
          40.76991
        ]
      }
    },
    {
      "type": "Feature",
      "properties": {
        "uid": "a1XVI00000FMA3J2AX",
        "name": "Slutty Microphone"
      },
      "geometry": {
        "type": "Point",
        "coordinates": [
          -119.2171,
          40.787558
        ]
      }
    },
    {
      "type": "Feature",
      "properties": {
        "uid": "a1XVI00000FMBU12AP",
        "name": "MUSE Café"
      },
      "geometry": {
        "type": "Point",
        "coordinates": [
          -119.2216,
          40.788024
        ]
      }
    },
    {
      "type": "Feature",
      "properties": {
        "uid": "a1XVI00000FMBp02AH",
        "name": "Temple O'Flying Spaghetti Monster"
      },
      "geometry": {
        "type": "Point",
        "coordinates": [
          -119.201487,
          40.775249
        ]
      }
    },
    {
      "type": "Feature",
      "properties": {
        "uid": "a1XVI00000FMByf2AH",
        "name": "Rumi's Tea House"
      },
      "geometry": {
        "type": "Point",
        "coordinates": [
          -119.219603,
          40.786098
        ]
      }
    },
    {
      "type": "Feature",
      "properties": {
        "uid": "a1XVI00000FMCBZ2A5",
        "name": "The Sultry Lodge"
      },
      "geometry": {
        "type": "Point",
        "coordinates": [
          -119.209883,
          40.774295
        ]
      }
    },
    {
      "type": "Feature",
      "properties": {
        "uid": "a1XVI00000FMCgd2AH",
        "name": "Preservation Society"
      },
      "geometry": {
        "type": "Point",
        "coordinates": [
          -119.202009,
          40.776233
        ]
      }
    },
    {
      "type": "Feature",
      "properties": {
        "uid": "a1XVI00000FMD7H2AX",
        "name": "GLAMCOCKS"
      },
      "geometry": {
        "type": "Point",
        "coordinates": [
          -119.221586,
          40.780828
        ]
      }
    },
    {
      "type": "Feature",
      "properties": {
        "uid": "a1XVI00000FMDKX2A5",
        "name": "BRC Snow Club"
      },
      "geometry": {
        "type": "Point",
        "coordinates": [
          -119.214187,
          40.788609
        ]
      }
    },
    {
      "type": "Feature",
      "properties": {
        "uid": "a1XVI00000FMDvd2AH",
        "name": "Om Skillet"
      },
      "geometry": {
        "type": "Point",
        "coordinates": [
          -119.206772,
          40.771037
        ]
      }
    },
    {
      "type": "Feature",
      "properties": {
        "uid": "a1XVI00000FME252AH",
        "name": "Petaled Portal"
      },
      "geometry": {
        "type": "Point",
        "coordinates": [
          -119.215396,
          40.791671
        ]
      }
    },
    {
      "type": "Feature",
      "properties": {
        "uid": "a1XVI00000FMEEz2AP",
        "name": "Lucid Dream Hideout"
      },
      "geometry": {
        "type": "Point",
        "coordinates": [
          -119.221358,
          40.791348
        ]
      }
    },
    {
      "type": "Feature",
      "properties": {
        "uid": "a1XVI00000FMEJp2AP",
        "name": "Vault 21+"
      },
      "geometry": {
        "type": "Point",
        "coordinates": [
          -119.215136,
          40.789458
        ]
      }
    },
    {
      "type": "Feature",
      "properties": {
        "uid": "a1XVI00000FMElF2AX",
        "name": "So Far So Good"
      },
      "geometry": {
        "type": "Point",
        "coordinates": [
          -119.205708,
          40.776028
        ]
      }
    },
    {
      "type": "Feature",
      "properties": {
        "uid": "a1XVI00000FMEzl2AH",
        "name": "OLYMPVS"
      },
      "geometry": {
        "type": "Point",
        "coordinates": [
          -119.204119,
          40.771841
        ]
      }
    },
    {
      "type": "Feature",
      "properties": {
        "uid": "a1XVI00000FMFFt2AP",
        "name": "Firelight & Lemonade"
      },
      "geometry": {
        "type": "Point",
        "coordinates": [
          -119.196845,
          40.777571
        ]
      }
    },
    {
      "type": "Feature",
      "properties": {
        "uid": "a1XVI00000FMFat2AH",
        "name": "Black Rock University"
      },
      "geometry": {
        "type": "Point",
        "coordinates": [
          -119.216391,
          40.786822
        ]
      }
    },
    {
      "type": "Feature",
      "properties": {
        "uid": "a1XVI00000FMG0f2AH",
        "name": "Barbie Day Spa"
      },
      "geometry": {
        "type": "Point",
        "coordinates": [
          -119.214834,
          40.774617
        ]
      }
    },
    {
      "type": "Feature",
      "properties": {
        "uid": "a1XVI00000FMGv72AH",
        "name": "Playa Alterations"
      },
      "geometry": {
        "type": "Point",
        "coordinates": [
          -119.217299,
          40.787963
        ]
      }
    },
    {
      "type": "Feature",
      "properties": {
        "uid": "a1XVI00000FMH812AH",
        "name": "Cold Yogis"
      },
      "geometry": {
        "type": "Point",
        "coordinates": [
          -119.219698,
          40.776105
        ]
      }
    },
    {
      "type": "Feature",
      "properties": {
        "uid": "a1XVI00000FMHuP2AX",
        "name": "Bo_b Squad"
      },
      "geometry": {
        "type": "Point",
        "coordinates": [
          -119.196183,
          40.780682
        ]
      }
    },
    {
      "type": "Feature",
      "properties": {
        "uid": "a1XVI00000FMIk22AH",
        "name": "PLAYA 54"
      },
      "geometry": {
        "type": "Point",
        "coordinates": [
          -119.219088,
          40.787243
        ]
      }
    },
    {
      "type": "Feature",
      "properties": {
        "uid": "a1XVI00000FMIld2AH",
        "name": "Lakes on the Playa Village"
      },
      "geometry": {
        "type": "Point",
        "coordinates": [
          -119.203495,
          40.776782
        ]
      }
    },
    {
      "type": "Feature",
      "properties": {
        "uid": "a1XVI00000FMJD42AP",
        "name": "Dusty Scouts of Camp Campy Camp"
      },
      "geometry": {
        "type": "Point",
        "coordinates": [
          -119.205564,
          40.775559
        ]
      }
    },
    {
      "type": "Feature",
      "properties": {
        "uid": "a1XVI00000FMJZd2AP",
        "name": "Short Bus Coffee Camp"
      },
      "geometry": {
        "type": "Point",
        "coordinates": [
          -119.218212,
          40.7857
        ]
      }
    },
    {
      "type": "Feature",
      "properties": {
        "uid": "a1XVI00000FMJbF2AX",
        "name": "Sparkle Camels Costume Bazaar"
      },
      "geometry": {
        "type": "Point",
        "coordinates": [
          -119.217594,
          40.787179
        ]
      }
    },
    {
      "type": "Feature",
      "properties": {
        "uid": "a1XVI00000FMJcr2AH",
        "name": "Friendlandia"
      },
      "geometry": {
        "type": "Point",
        "coordinates": [
          -119.21659,
          40.788134
        ]
      }
    },
    {
      "type": "Feature",
      "properties": {
        "uid": "a1XVI00000FMJeT2AX",
        "name": "Comfort & Joy"
      },
      "geometry": {
        "type": "Point",
        "coordinates": [
          -119.221458,
          40.779812
        ]
      }
    },
    {
      "type": "Feature",
      "properties": {
        "uid": "a1XVI00000FMJkv2AH",
        "name": "SOLARPUNKS"
      },
      "geometry": {
        "type": "Point",
        "coordinates": [
          -119.187853,
          40.777495
        ]
      }
    },
    {
      "type": "Feature",
      "properties": {
        "uid": "a1XVI00000FMJsz2AH",
        "name": "HAPPINESS AND JOY TOUR MASSAGE"
      },
      "geometry": {
        "type": "Point",
        "coordinates": [
          -119.208131,
          40.773757
        ]
      }
    },
    {
      "type": "Feature",
      "properties": {
        "uid": "a1XVI00000FMJub2AH",
        "name": "Cameltopia"
      },
      "geometry": {
        "type": "Point",
        "coordinates": [
          -119.204588,
          40.772926
        ]
      }
    },
    {
      "type": "Feature",
      "properties": {
        "uid": "a1XVI00000FMJwD2AX",
        "name": "KashyyyK"
      },
      "geometry": {
        "type": "Point",
        "coordinates": [
          -119.221083,
          40.786842
        ]
      }
    },
    {
      "type": "Feature",
      "properties": {
        "uid": "a1XVI00000FMK2f2AH",
        "name": "Gigsville"
      },
      "geometry": {
        "type": "Point",
        "coordinates": [
          -119.212468,
          40.772101
        ]
      }
    },
    {
      "type": "Feature",
      "properties": {
        "uid": "a1XVI00000FMK5t2AH",
        "name": "The Wastelanders"
      },
      "geometry": {
        "type": "Point",
        "coordinates": [
          -119.214102,
          40.777872
        ]
      }
    },
    {
      "type": "Feature",
      "properties": {
        "uid": "a1XVI00000FMKDx2AP",
        "name": "Synaesthesia"
      },
      "geometry": {
        "type": "Point",
        "coordinates": [
          -119.221239,
          40.786303
        ]
      }
    },
    {
      "type": "Feature",
      "properties": {
        "uid": "a1XVI00000FMKXJ2A5",
        "name": "Suburbia"
      },
      "geometry": {
        "type": "Point",
        "coordinates": [
          -119.216286,
          40.786506
        ]
      }
    },
    {
      "type": "Feature",
      "properties": {
        "uid": "a1XVI00000FMKp32AH",
        "name": "ROCA"
      },
      "geometry": {
        "type": "Point",
        "coordinates": [
          -119.202031,
          40.773639
        ]
      }
    },
    {
      "type": "Feature",
      "properties": {
        "uid": "a1XVI00000FMKsH2AX",
        "name": "Camp Cohere"
      },
      "geometry": {
        "type": "Point",
        "coordinates": [
          -119.195412,
          40.778531
        ]
      }
    },
    {
      "type": "Feature",
      "properties": {
        "uid": "a1XVI00000FML1x2AH",
        "name": "Desert Dragon"
      },
      "geometry": {
        "type": "Point",
        "coordinates": [
          -119.191357,
          40.779604
        ]
      }
    },
    {
      "type": "Feature",
      "properties": {
        "uid": "a1XVI00000FMLEr2AP",
        "name": "Pilov's House"
      },
      "geometry": {
        "type": "Point",
        "coordinates": [
          -119.195945,
          40.77779
        ]
      }
    },
    {
      "type": "Feature",
      "properties": {
        "uid": "a1XVI00000FMLGT2A5",
        "name": "Royal Honey"
      },
      "geometry": {
        "type": "Point",
        "coordinates": [
          -119.218267,
          40.78659
        ]
      }
    },
    {
      "type": "Feature",
      "properties": {
        "uid": "a1XVI00000FMLJh2AP",
        "name": "B.E.D Bureau of Erotic Discourse"
      },
      "geometry": {
        "type": "Point",
        "coordinates": [
          -119.219305,
          40.775742
        ]
      }
    },
    {
      "type": "Feature",
      "properties": {
        "uid": "a1XVI00000FMLRl2AP",
        "name": "Lost Art"
      },
      "geometry": {
        "type": "Point",
        "coordinates": [
          -119.216295,
          40.788422
        ]
      }
    },
    {
      "type": "Feature",
      "properties": {
        "uid": "a1XVI00000FMLef2AH",
        "name": "Soft Landing"
      },
      "geometry": {
        "type": "Point",
        "coordinates": [
          -119.22198,
          40.777562
        ]
      }
    },
    {
      "type": "Feature",
      "properties": {
        "uid": "a1XVI00000FMLht2AH",
        "name": "The Pearly Gate"
      },
      "geometry": {
        "type": "Point",
        "coordinates": [
          -119.219403,
          40.785308
        ]
      }
    },
    {
      "type": "Feature",
      "properties": {
        "uid": "a1XVI00000FMLl72AH",
        "name": "Suspended Animation"
      },
      "geometry": {
        "type": "Point",
        "coordinates": [
          -119.219438,
          40.781299
        ]
      }
    },
    {
      "type": "Feature",
      "properties": {
        "uid": "a1XVI00000FMLmj2AH",
        "name": "Camp Canadianderthal"
      },
      "geometry": {
        "type": "Point",
        "coordinates": [
          -119.21564,
          40.791541
        ]
      }
    },
    {
      "type": "Feature",
      "properties": {
        "uid": "a1XVI00000FMLoL2AX",
        "name": "Way Way SuperGood"
      },
      "geometry": {
        "type": "Point",
        "coordinates": [
          -119.207494,
          40.774905
        ]
      }
    },
    {
      "type": "Feature",
      "properties": {
        "uid": "a1XVI00000FMLrZ2AX",
        "name": "Secret Passage"
      },
      "geometry": {
        "type": "Point",
        "coordinates": [
          -119.216494,
          40.775989
        ]
      }
    },
    {
      "type": "Feature",
      "properties": {
        "uid": "a1XVI00000FMLtB2AX",
        "name": "Fermented Reality"
      },
      "geometry": {
        "type": "Point",
        "coordinates": [
          -119.219204,
          40.780504
        ]
      }
    },
    {
      "type": "Feature",
      "properties": {
        "uid": "a1XVI00000FMLun2AH",
        "name": "Misters & Sisters"
      },
      "geometry": {
        "type": "Point",
        "coordinates": [
          -119.196525,
          40.776541
        ]
      }
    },
    {
      "type": "Feature",
      "properties": {
        "uid": "a1XVI00000FMLwP2AX",
        "name": "Cinematic Regrets"
      },
      "geometry": {
        "type": "Point",
        "coordinates": [
          -119.218813,
          40.776214
        ]
      }
    },
    {
      "type": "Feature",
      "properties": {
        "uid": "a1XVI00000FMLy12AH",
        "name": "Freeloader Pizza Kitchen"
      },
      "geometry": {
        "type": "Point",
        "coordinates": [
          -119.221569,
          40.781581
        ]
      }
    },
    {
      "type": "Feature",
      "properties": {
        "uid": "a1XVI00000FMLzd2AH",
        "name": "Mad Tea(se) Party"
      },
      "geometry": {
        "type": "Point",
        "coordinates": [
          -119.217617,
          40.782183
        ]
      }
    },
    {
      "type": "Feature",
      "properties": {
        "uid": "a1XVI00000FMM372AH",
        "name": "Mobility Camp"
      },
      "geometry": {
        "type": "Point",
        "coordinates": [
          -119.217005,
          40.779662
        ]
      }
    },
    {
      "type": "Feature",
      "properties": {
        "uid": "a1XVI00000FMM7h2AH",
        "name": "Camp Just Ahead"
      },
      "geometry": {
        "type": "Point",
        "coordinates": [
          -119.218515,
          40.774907
        ]
      }
    },
    {
      "type": "Feature",
      "properties": {
        "uid": "a1XVI00000FMM9J2AX",
        "name": "Luminos"
      },
      "geometry": {
        "type": "Point",
        "coordinates": [
          -119.203451,
          40.77437
        ]
      }
    },
    {
      "type": "Feature",
      "properties": {
        "uid": "a1XVI00000FMMAv2AP",
        "name": "Titicaca"
      },
      "geometry": {
        "type": "Point",
        "coordinates": [
          -119.195746,
          40.774433
        ]
      }
    },
    {
      "type": "Feature",
      "properties": {
        "uid": "a1XVI00000FMMCX2A5",
        "name": "The GASS Co."
      },
      "geometry": {
        "type": "Point",
        "coordinates": [
          -119.216953,
          40.791302
        ]
      }
    },
    {
      "type": "Feature",
      "properties": {
        "uid": "a1XVI00000FMMCY2A5",
        "name": "DayCare"
      },
      "geometry": {
        "type": "Point",
        "coordinates": [
          -119.216031,
          40.787992
        ]
      }
    },
    {
      "type": "Feature",
      "properties": {
        "uid": "a1XVI00000FMME92AP",
        "name": "RIPPERS ROW"
      },
      "geometry": {
        "type": "Point",
        "coordinates": [
          -119.201052,
          40.777484
        ]
      }
    },
    {
      "type": "Feature",
      "properties": {
        "uid": "a1XVI00000FMMFl2AP",
        "name": "Kosmik Dust"
      },
      "geometry": {
        "type": "Point",
        "coordinates": [
          -119.214866,
          40.778384
        ]
      }
    },
    {
      "type": "Feature",
      "properties": {
        "uid": "a1XVI00000FMMHN2A5",
        "name": "Kinsey Walhberg Field Lab"
      },
      "geometry": {
        "type": "Point",
        "coordinates": [
          -119.216813,
          40.791393
        ]
      }
    },
    {
      "type": "Feature",
      "properties": {
        "uid": "a1XVI00000FMMIz2AP",
        "name": "HYPERSPACE"
      },
      "geometry": {
        "type": "Point",
        "coordinates": [
          -119.21954,
          40.782137
        ]
      }
    },
    {
      "type": "Feature",
      "properties": {
        "uid": "a1XVI00000FMMKb2AP",
        "name": "Swirl Support"
      },
      "geometry": {
        "type": "Point",
        "coordinates": [
          -119.206824,
          40.773857
        ]
      }
    },
    {
      "type": "Feature",
      "properties": {
        "uid": "a1XVI00000FMMNq2AP",
        "name": "Enchanted Booty Forest"
      },
      "geometry": {
        "type": "Point",
        "coordinates": [
          -119.214379,
          40.775637
        ]
      }
    },
    {
      "type": "Feature",
      "properties": {
        "uid": "a1XVI00000FMMSf2AP",
        "name": "Kaleidoscope"
      },
      "geometry": {
        "type": "Point",
        "coordinates": [
          -119.216295,
          40.790019
        ]
      }
    },
    {
      "type": "Feature",
      "properties": {
        "uid": "a1XVI00000FMMUH2A5",
        "name": "Dusty Dillas"
      },
      "geometry": {
        "type": "Point",
        "coordinates": [
          -119.213409,
          40.771304
        ]
      }
    },
    {
      "type": "Feature",
      "properties": {
        "uid": "a1XVI00000FMMVt2AP",
        "name": "Pepperland"
      },
      "geometry": {
        "type": "Point",
        "coordinates": [
          -119.221704,
          40.775595
        ]
      }
    },
    {
      "type": "Feature",
      "properties": {
        "uid": "a1XVI00000FMMdx2AH",
        "name": "Playa Glass"
      },
      "geometry": {
        "type": "Point",
        "coordinates": [
          -119.21728,
          40.789369
        ]
      }
    },
    {
      "type": "Feature",
      "properties": {
        "uid": "a1XVI00000FMMin2AH",
        "name": "Homeslice"
      },
      "geometry": {
        "type": "Point",
        "coordinates": [
          -119.206646,
          40.770479
        ]
      }
    },
    {
      "type": "Feature",
      "properties": {
        "uid": "a1XVI00000FMMkP2AX",
        "name": "Zazen"
      },
      "geometry": {
        "type": "Point",
        "coordinates": [
          -119.203518,
          40.772251
        ]
      }
    },
    {
      "type": "Feature",
      "properties": {
        "uid": "a1XVI00000FMMm12AH",
        "name": "Skrambles**!*"
      },
      "geometry": {
        "type": "Point",
        "coordinates": [
          -119.220543,
          40.791994
        ]
      }
    },
    {
      "type": "Feature",
      "properties": {
        "uid": "a1XVI00000FMMnd2AH",
        "name": "Awkward & Tawdry Lounge"
      },
      "geometry": {
        "type": "Point",
        "coordinates": [
          -119.217569,
          40.781954
        ]
      }
    },
    {
      "type": "Feature",
      "properties": {
        "uid": "a1XVI00000FMMqr2AH",
        "name": "plop!"
      },
      "geometry": {
        "type": "Point",
        "coordinates": [
          -119.212675,
          40.791082
        ]
      }
    },
    {
      "type": "Feature",
      "properties": {
        "uid": "a1XVI00000FMMvh2AH",
        "name": "Groove Oasis"
      },
      "geometry": {
        "type": "Point",
        "coordinates": [
          -119.219527,
          40.78737
        ]
      }
    },
    {
      "type": "Feature",
      "properties": {
        "uid": "a1XVI00000FMMyv2AH",
        "name": "Siren's Cove"
      },
      "geometry": {
        "type": "Point",
        "coordinates": [
          -119.200967,
          40.774994
        ]
      }
    },
    {
      "type": "Feature",
      "properties": {
        "uid": "a1XVI00000FMN0X2AX",
        "name": "Mutant Ninja Burners"
      },
      "geometry": {
        "type": "Point",
        "coordinates": [
          -119.203122,
          40.774542
        ]
      }
    },
    {
      "type": "Feature",
      "properties": {
        "uid": "a1XVI00000FMN292AH",
        "name": "Zeniza"
      },
      "geometry": {
        "type": "Point",
        "coordinates": [
          -119.221155,
          40.787493
        ]
      }
    },
    {
      "type": "Feature",
      "properties": {
        "uid": "a1XVI00000FMN6z2AH",
        "name": "Matcha Mama"
      },
      "geometry": {
        "type": "Point",
        "coordinates": [
          -119.195557,
          40.777615
        ]
      }
    },
    {
      "type": "Feature",
      "properties": {
        "uid": "a1XVI00000FMN8b2AH",
        "name": "LEGENDARY Playground of the Gods"
      },
      "geometry": {
        "type": "Point",
        "coordinates": [
          -119.207236,
          40.77162
        ]
      }
    },
    {
      "type": "Feature",
      "properties": {
        "uid": "a1XVI00000FMNBp2AP",
        "name": "Astral Lab"
      },
      "geometry": {
        "type": "Point",
        "coordinates": [
          -119.212795,
          40.79533
        ]
      }
    },
    {
      "type": "Feature",
      "properties": {
        "uid": "a1XVI00000FMNDR2A5",
        "name": "Sakenoma"
      },
      "geometry": {
        "type": "Point",
        "coordinates": [
          -119.209351,
          40.775844
        ]
      }
    },
    {
      "type": "Feature",
      "properties": {
        "uid": "a1XVI00000FMNF32AP",
        "name": "NYC Deli"
      },
      "geometry": {
        "type": "Point",
        "coordinates": [
          -119.218914,
          40.789672
        ]
      }
    },
    {
      "type": "Feature",
      "properties": {
        "uid": "a1XVI00000FMNIH2A5",
        "name": "Janky Barge"
      },
      "geometry": {
        "type": "Point",
        "coordinates": [
          -119.207005,
          40.773143
        ]
      }
    },
    {
      "type": "Feature",
      "properties": {
        "uid": "a1XVI00000FMNJt2AP",
        "name": "Camp Fucking Magical"
      },
      "geometry": {
        "type": "Point",
        "coordinates": [
          -119.210163,
          40.770703
        ]
      }
    },
    {
      "type": "Feature",
      "properties": {
        "uid": "a1XVI00000FMNLV2A5",
        "name": "Book Club"
      },
      "geometry": {
        "type": "Point",
        "coordinates": [
          -119.213524,
          40.790269
        ]
      }
    },
    {
      "type": "Feature",
      "properties": {
        "uid": "a1XVI00000FMNN72AP",
        "name": "Hodge Podge"
      },
      "geometry": {
        "type": "Point",
        "coordinates": [
          -119.217809,
          40.788752
        ]
      }
    },
    {
      "type": "Feature",
      "properties": {
        "uid": "a1XVI00000FMNOj2AP",
        "name": "Camp Darling"
      },
      "geometry": {
        "type": "Point",
        "coordinates": [
          -119.220347,
          40.782957
        ]
      }
    },
    {
      "type": "Feature",
      "properties": {
        "uid": "a1XVI00000FMNRx2AP",
        "name": "Joie de Vivre"
      },
      "geometry": {
        "type": "Point",
        "coordinates": [
          -119.202453,
          40.773499
        ]
      }
    },
    {
      "type": "Feature",
      "properties": {
        "uid": "a1XVI00000FMNTZ2A5",
        "name": "Cosmic Llama"
      },
      "geometry": {
        "type": "Point",
        "coordinates": [
          -119.204376,
          40.772004
        ]
      }
    },
    {
      "type": "Feature",
      "properties": {
        "uid": "a1XVI00000FMNWo2AP",
        "name": "Uli Baba & the Horny Thieves"
      },
      "geometry": {
        "type": "Point",
        "coordinates": [
          -119.20692,
          40.774967
        ]
      }
    },
    {
      "type": "Feature",
      "properties": {
        "uid": "a1XVI00000FMNYP2A5",
        "name": "fruitPOP"
      },
      "geometry": {
        "type": "Point",
        "coordinates": [
          -119.221961,
          40.779109
        ]
      }
    },
    {
      "type": "Feature",
      "properties": {
        "uid": "a1XVI00000FMNa12AH",
        "name": "Shitty Wood"
      },
      "geometry": {
        "type": "Point",
        "coordinates": [
          -119.21865,
          40.782377
        ]
      }
    },
    {
      "type": "Feature",
      "properties": {
        "uid": "a1XVI00000FMNdF2AX",
        "name": "Next Year on Luna"
      },
      "geometry": {
        "type": "Point",
        "coordinates": [
          -119.221738,
          40.783497
        ]
      }
    },
    {
      "type": "Feature",
      "properties": {
        "uid": "a1XVI00000FMNi52AH",
        "name": "Snack Shack"
      },
      "geometry": {
        "type": "Point",
        "coordinates": [
          -119.19796,
          40.778181
        ]
      }
    },
    {
      "type": "Feature",
      "properties": {
        "uid": "a1XVI00000FMNjh2AH",
        "name": "PlovKraft"
      },
      "geometry": {
        "type": "Point",
        "coordinates": [
          -119.217249,
          40.7829
        ]
      }
    },
    {
      "type": "Feature",
      "properties": {
        "uid": "a1XVI00000FMNmv2AH",
        "name": "Nudibranch"
      },
      "geometry": {
        "type": "Point",
        "coordinates": [
          -119.222032,
          40.781598
        ]
      }
    },
    {
      "type": "Feature",
      "properties": {
        "uid": "a1XVI00000FMNoX2AX",
        "name": "Pink Heart"
      },
      "geometry": {
        "type": "Point",
        "coordinates": [
          -119.215006,
          40.787976
        ]
      }
    },
    {
      "type": "Feature",
      "properties": {
        "uid": "a1XVI00000FMNq92AH",
        "name": "Harmonic Convergence Camp"
      },
      "geometry": {
        "type": "Point",
        "coordinates": [
          -119.206241,
          40.770299
        ]
      }
    },
    {
      "type": "Feature",
      "properties": {
        "uid": "a1XVI00000FMNrl2AH",
        "name": "MindShark"
      },
      "geometry": {
        "type": "Point",
        "coordinates": [
          -119.201556,
          40.777872
        ]
      }
    },
    {
      "type": "Feature",
      "properties": {
        "uid": "a1XVI00000FMNtN2AX",
        "name": "Atlantis"
      },
      "geometry": {
        "type": "Point",
        "coordinates": [
          -119.207111,
          40.774116
        ]
      }
    },
    {
      "type": "Feature",
      "properties": {
        "uid": "a1XVI00000FMNwb2AH",
        "name": "Do Baskets Dream"
      },
      "geometry": {
        "type": "Point",
        "coordinates": [
          -119.215984,
          40.790359
        ]
      }
    },
    {
      "type": "Feature",
      "properties": {
        "uid": "a1XVI00000FMNyD2AX",
        "name": "The Pleasure Dairy"
      },
      "geometry": {
        "type": "Point",
        "coordinates": [
          -119.204378,
          40.771369
        ]
      }
    },
    {
      "type": "Feature",
      "properties": {
        "uid": "a1XVI00000FMO1R2AX",
        "name": "Camp Seem to Leave"
      },
      "geometry": {
        "type": "Point",
        "coordinates": [
          -119.218517,
          40.777164
        ]
      }
    },
    {
      "type": "Feature",
      "properties": {
        "uid": "a1XVI00000FMO332AH",
        "name": "My Favorite Things"
      },
      "geometry": {
        "type": "Point",
        "coordinates": [
          -119.215111,
          40.790884
        ]
      }
    },
    {
      "type": "Feature",
      "properties": {
        "uid": "a1XVI00000FMO4f2AH",
        "name": "Drink and Drive-In"
      },
      "geometry": {
        "type": "Point",
        "coordinates": [
          -119.219146,
          40.774416
        ]
      }
    },
    {
      "type": "Feature",
      "properties": {
        "uid": "a1XVI00000FMO6H2AX",
        "name": "Nipple Crime"
      },
      "geometry": {
        "type": "Point",
        "coordinates": [
          -119.222889,
          40.786767
        ]
      }
    },
    {
      "type": "Feature",
      "properties": {
        "uid": "a1XVI00000FMO7t2AH",
        "name": "Venice Red Light"
      },
      "geometry": {
        "type": "Point",
        "coordinates": [
          -119.197409,
          40.780845
        ]
      }
    },
    {
      "type": "Feature",
      "properties": {
        "uid": "a1XVI00000FMO9V2AX",
        "name": "Shuttlecocks"
      },
      "geometry": {
        "type": "Point",
        "coordinates": [
          -119.220775,
          40.787295
        ]
      }
    },
    {
      "type": "Feature",
      "properties": {
        "uid": "a1XVI00000FMOB72AP",
        "name": "Jail of Hedone"
      },
      "geometry": {
        "type": "Point",
        "coordinates": [
          -119.221147,
          40.777083
        ]
      }
    },
    {
      "type": "Feature",
      "properties": {
        "uid": "a1XVI00000FMOCj2AP",
        "name": "Kidsville"
      },
      "geometry": {
        "type": "Point",
        "coordinates": [
          -119.210447,
          40.771652
        ]
      }
    },
    {
      "type": "Feature",
      "properties": {
        "uid": "a1XVI00000FMOEL2A5",
        "name": "Vietnamese Iced Coffee Experience"
      },
      "geometry": {
        "type": "Point",
        "coordinates": [
          -119.222917,
          40.780532
        ]
      }
    },
    {
      "type": "Feature",
      "properties": {
        "uid": "a1XVI00000FMOFx2AP",
        "name": "NumbSkulls"
      },
      "geometry": {
        "type": "Point",
        "coordinates": [
          -119.224646,
          40.792103
        ]
      }
    },
    {
      "type": "Feature",
      "properties": {
        "uid": "a1XVI00000FMOHZ2A5",
        "name": "Drawn Inn"
      },
      "geometry": {
        "type": "Point",
        "coordinates": [
          -119.225764,
          40.783417
        ]
      }
    },
    {
      "type": "Feature",
      "properties": {
        "uid": "a1XVI00000FMOJB2A5",
        "name": "Rabbit Hole"
      },
      "geometry": {
        "type": "Point",
        "coordinates": [
          -119.215334,
          40.789767
        ]
      }
    },
    {
      "type": "Feature",
      "properties": {
        "uid": "a1XVI00000FMOKn2AP",
        "name": "dust & stars"
      },
      "geometry": {
        "type": "Point",
        "coordinates": [
          -119.2187,
          40.782906
        ]
      }
    },
    {
      "type": "Feature",
      "properties": {
        "uid": "a1XVI00000FMOKo2AP",
        "name": "Maison Phi"
      },
      "geometry": {
        "type": "Point",
        "coordinates": [
          -119.211882,
          40.79206
        ]
      }
    },
    {
      "type": "Feature",
      "properties": {
        "uid": "a1XVI00000FMOO12AP",
        "name": "Mystopia"
      },
      "geometry": {
        "type": "Point",
        "coordinates": [
          -119.221433,
          40.777985
        ]
      }
    },
    {
      "type": "Feature",
      "properties": {
        "uid": "a1XVI00000FMOPd2AP",
        "name": "Hotel Lobby"
      },
      "geometry": {
        "type": "Point",
        "coordinates": [
          -119.218805,
          40.791056
        ]
      }
    },
    {
      "type": "Feature",
      "properties": {
        "uid": "a1XVI00000FMORF2A5",
        "name": "Udder Nonsense"
      },
      "geometry": {
        "type": "Point",
        "coordinates": [
          -119.199586,
          40.777556
        ]
      }
    },
    {
      "type": "Feature",
      "properties": {
        "uid": "a1XVI00000FMOW52AP",
        "name": "The Den"
      },
      "geometry": {
        "type": "Point",
        "coordinates": [
          -119.217994,
          40.788672
        ]
      }
    },
    {
      "type": "Feature",
      "properties": {
        "uid": "a1XVI00000FMOXh2AP",
        "name": "NOT BORING"
      },
      "geometry": {
        "type": "Point",
        "coordinates": [
          -119.189926,
          40.779313
        ]
      }
    },
    {
      "type": "Feature",
      "properties": {
        "uid": "a1XVI00000FMOzB2AX",
        "name": "Religious As Fuck"
      },
      "geometry": {
        "type": "Point",
        "coordinates": [
          -119.2008,
          40.776015
        ]
      }
    },
    {
      "type": "Feature",
      "properties": {
        "uid": "a1XVI00000FMPC12AP",
        "name": "8-bit Bunny"
      },
      "geometry": {
        "type": "Point",
        "coordinates": [
          -119.222762,
          40.779834
        ]
      }
    },
    {
      "type": "Feature",
      "properties": {
        "uid": "a1XVI00000FMPDd2AP",
        "name": "MUSE (Maenad University)"
      },
      "geometry": {
        "type": "Point",
        "coordinates": [
          -119.206464,
          40.772406
        ]
      }
    },
    {
      "type": "Feature",
      "properties": {
        "uid": "a1XVI00000FMPFF2A5",
        "name": "Illuminaughty"
      },
      "geometry": {
        "type": "Point",
        "coordinates": [
          -119.219311,
          40.792513
        ]
      }
    },
    {
      "type": "Feature",
      "properties": {
        "uid": "a1XVI00000FMPGr2AP",
        "name": "Black Rock Academy"
      },
      "geometry": {
        "type": "Point",
        "coordinates": [
          -119.215388,
          40.77531
        ]
      }
    },
    {
      "type": "Feature",
      "properties": {
        "uid": "a1XVI00000FMPIT2A5",
        "name": "It's Only Natural"
      },
      "geometry": {
        "type": "Point",
        "coordinates": [
          -119.220379,
          40.780967
        ]
      }
    },
    {
      "type": "Feature",
      "properties": {
        "uid": "a1XVI00000FMPK52AP",
        "name": "The G-Spot & Sloth Sinema"
      },
      "geometry": {
        "type": "Point",
        "coordinates": [
          -119.220884,
          40.779589
        ]
      }
    },
    {
      "type": "Feature",
      "properties": {
        "uid": "a1XVI00000FMPOv2AP",
        "name": "Native Tongues"
      },
      "geometry": {
        "type": "Point",
        "coordinates": [
          -119.217765,
          40.776374
        ]
      }
    },
    {
      "type": "Feature",
      "properties": {
        "uid": "a1XVI00000FMPQX2A5",
        "name": "Owl and the Pussycat"
      },
      "geometry": {
        "type": "Point",
        "coordinates": [
          -119.21146,
          40.77088
        ]
      }
    },
    {
      "type": "Feature",
      "properties": {
        "uid": "a1XVI00000FMPTl2AP",
        "name": "Last Camp Sitting"
      },
      "geometry": {
        "type": "Point",
        "coordinates": [
          -119.213849,
          40.790112
        ]
      }
    },
    {
      "type": "Feature",
      "properties": {
        "uid": "a1XVI00000FMPVN2A5",
        "name": "Temple Camp"
      },
      "geometry": {
        "type": "Point",
        "coordinates": [
          -119.195579,
          40.776318
        ]
      }
    },
    {
      "type": "Feature",
      "properties": {
        "uid": "a1XVI00000FMPWz2AP",
        "name": "A Shack of Sit"
      },
      "geometry": {
        "type": "Point",
        "coordinates": [
          -119.216968,
          40.78078
        ]
      }
    },
    {
      "type": "Feature",
      "properties": {
        "uid": "a1XVI00000FMPYb2AP",
        "name": "PickleBack Mountain"
      },
      "geometry": {
        "type": "Point",
        "coordinates": [
          -119.218438,
          40.789395
        ]
      }
    },
    {
      "type": "Feature",
      "properties": {
        "uid": "a1XVI00000FMPaD2AX",
        "name": "Playa Piano Bar and Lounge"
      },
      "geometry": {
        "type": "Point",
        "coordinates": [
          -119.219152,
          40.782587
        ]
      }
    },
    {
      "type": "Feature",
      "properties": {
        "uid": "a1XVI00000FMPbp2AH",
        "name": "New Desert Outpost"
      },
      "geometry": {
        "type": "Point",
        "coordinates": [
          -119.204889,
          40.770717
        ]
      }
    },
    {
      "type": "Feature",
      "properties": {
        "uid": "a1XVI00000FMPf32AH",
        "name": "Stimulation Station"
      },
      "geometry": {
        "type": "Point",
        "coordinates": [
          -119.199034,
          40.777901
        ]
      }
    },
    {
      "type": "Feature",
      "properties": {
        "uid": "a1XVI00000FMPgf2AH",
        "name": "A&mpersand"
      },
      "geometry": {
        "type": "Point",
        "coordinates": [
          -119.22104,
          40.781347
        ]
      }
    },
    {
      "type": "Feature",
      "properties": {
        "uid": "a1XVI00000FMPn72AH",
        "name": "Wok Paper Scissors"
      },
      "geometry": {
        "type": "Point",
        "coordinates": [
          -119.213541,
          40.797583
        ]
      }
    },
    {
      "type": "Feature",
      "properties": {
        "uid": "a1XVI00000FMPoj2AH",
        "name": "Moonlight Collective"
      },
      "geometry": {
        "type": "Point",
        "coordinates": [
          -119.195147,
          40.776879
        ]
      }
    },
    {
      "type": "Feature",
      "properties": {
        "uid": "a1XVI00000FMPqL2AX",
        "name": "Parley"
      },
      "geometry": {
        "type": "Point",
        "coordinates": [
          -119.201393,
          40.773455
        ]
      }
    },
    {
      "type": "Feature",
      "properties": {
        "uid": "a1XVI00000FMPry2AH",
        "name": "Pickle Joint"
      },
      "geometry": {
        "type": "Point",
        "coordinates": [
          -119.218262,
          40.775103
        ]
      }
    },
    {
      "type": "Feature",
      "properties": {
        "uid": "a1XVI00000FMPtZ2AX",
        "name": "Square One"
      },
      "geometry": {
        "type": "Point",
        "coordinates": [
          -119.203595,
          40.772996
        ]
      }
    },
    {
      "type": "Feature",
      "properties": {
        "uid": "a1XVI00000FMPvB2AX",
        "name": "Playa Circuit Boogie"
      },
      "geometry": {
        "type": "Point",
        "coordinates": [
          -119.208855,
          40.773852
        ]
      }
    },
    {
      "type": "Feature",
      "properties": {
        "uid": "a1XVI00000FMPwn2AH",
        "name": "Hookahdome"
      },
      "geometry": {
        "type": "Point",
        "coordinates": [
          -119.206342,
          40.77614
        ]
      }
    },
    {
      "type": "Feature",
      "properties": {
        "uid": "a1XVI00000FMPyP2AX",
        "name": "Aah Wonder"
      },
      "geometry": {
        "type": "Point",
        "coordinates": [
          -119.210055,
          40.77397
        ]
      }
    },
    {
      "type": "Feature",
      "properties": {
        "uid": "a1XVI00000FMQ012AH",
        "name": "Camp Safari"
      },
      "geometry": {
        "type": "Point",
        "coordinates": [
          -119.210733,
          40.773782
        ]
      }
    },
    {
      "type": "Feature",
      "properties": {
        "uid": "a1XVI00000FMQ1d2AH",
        "name": "A Transformation Station"
      },
      "geometry": {
        "type": "Point",
        "coordinates": [
          -119.199705,
          40.774462
        ]
      }
    },
    {
      "type": "Feature",
      "properties": {
        "uid": "a1XVI00000FMQ3F2AX",
        "name": "Shoturanga"
      },
      "geometry": {
        "type": "Point",
        "coordinates": [
          -119.221494,
          40.785229
        ]
      }
    },
    {
      "type": "Feature",
      "properties": {
        "uid": "a1XVI00000FMQ4r2AH",
        "name": "Mystic"
      },
      "geometry": {
        "type": "Point",
        "coordinates": [
          -119.192704,
          40.779589
        ]
      }
    },
    {
      "type": "Feature",
      "properties": {
        "uid": "a1XVI00000FMQEX2A5",
        "name": "The Cave"
      },
      "geometry": {
        "type": "Point",
        "coordinates": [
          -119.207404,
          40.773833
        ]
      }
    },
    {
      "type": "Feature",
      "properties": {
        "uid": "a1XVI00000FMQT32AP",
        "name": "The Institute"
      },
      "geometry": {
        "type": "Point",
        "coordinates": [
          -119.208312,
          40.771838
        ]
      }
    },
    {
      "type": "Feature",
      "properties": {
        "uid": "a1XVI00000FMQcj2AH",
        "name": "Lunar Disco"
      },
      "geometry": {
        "type": "Point",
        "coordinates": [
          -119.222775,
          40.787674
        ]
      }
    },
    {
      "type": "Feature",
      "properties": {
        "uid": "a1XVI00000FMQhZ2AX",
        "name": "HAVANA NIGHTS"
      },
      "geometry": {
        "type": "Point",
        "coordinates": [
          -119.215146,
          40.790436
        ]
      }
    },
    {
      "type": "Feature",
      "properties": {
        "uid": "a1XVI00000FMQjB2AX",
        "name": "Fauxliage"
      },
      "geometry": {
        "type": "Point",
        "coordinates": [
          -119.211908,
          40.791326
        ]
      }
    },
    {
      "type": "Feature",
      "properties": {
        "uid": "a1XVI00000FMQmP2AX",
        "name": "Ready Playa One"
      },
      "geometry": {
        "type": "Point",
        "coordinates": [
          -119.21441,
          40.797369
        ]
      }
    },
    {
      "type": "Feature",
      "properties": {
        "uid": "a1XVI00000FMQo12AH",
        "name": "The Fountain (of youth)"
      },
      "geometry": {
        "type": "Point",
        "coordinates": [
          -119.220455,
          40.776895
        ]
      }
    },
    {
      "type": "Feature",
      "properties": {
        "uid": "a1XVI00000FMQo22AH",
        "name": "Yellow Balloon"
      },
      "geometry": {
        "type": "Point",
        "coordinates": [
          -119.217805,
          40.781517
        ]
      }
    },
    {
      "type": "Feature",
      "properties": {
        "uid": "a1XVI00000FMQpd2AH",
        "name": "Dr. Carl's Collection of Depts."
      },
      "geometry": {
        "type": "Point",
        "coordinates": [
          -119.213894,
          40.778204
        ]
      }
    },
    {
      "type": "Feature",
      "properties": {
        "uid": "a1XVI00000FMQrF2AX",
        "name": "FUN-DO BAR"
      },
      "geometry": {
        "type": "Point",
        "coordinates": [
          -119.196139,
          40.777552
        ]
      }
    },
    {
      "type": "Feature",
      "properties": {
        "uid": "a1XVI00000FMQuT2AX",
        "name": "Helioz"
      },
      "geometry": {
        "type": "Point",
        "coordinates": [
          -119.195394,
          40.773294
        ]
      }
    },
    {
      "type": "Feature",
      "properties": {
        "uid": "a1XVI00000FMQw52AH",
        "name": "Dreamery"
      },
      "geometry": {
        "type": "Point",
        "coordinates": [
          -119.220025,
          40.773334
        ]
      }
    },
    {
      "type": "Feature",
      "properties": {
        "uid": "a1XVI00000FMQxh2AH",
        "name": "Serenity Now"
      },
      "geometry": {
        "type": "Point",
        "coordinates": [
          -119.213225,
          40.77561
        ]
      }
    },
    {
      "type": "Feature",
      "properties": {
        "uid": "a1XVI00000FMR0v2AH",
        "name": "Giants Workshop Saloon"
      },
      "geometry": {
        "type": "Point",
        "coordinates": [
          -119.220578,
          40.788409
        ]
      }
    },
    {
      "type": "Feature",
      "properties": {
        "uid": "a1XVI00000FMR2X2AX",
        "name": "Liquid Spankuary"
      },
      "geometry": {
        "type": "Point",
        "coordinates": [
          -119.218703,
          40.773627
        ]
      }
    },
    {
      "type": "Feature",
      "properties": {
        "uid": "a1XVI00000FMR492AH",
        "name": "Hard as a Rock"
      },
      "geometry": {
        "type": "Point",
        "coordinates": [
          -119.218425,
          40.777534
        ]
      }
    },
    {
      "type": "Feature",
      "properties": {
        "uid": "a1XVI00000FMR5l2AH",
        "name": "Cocoon Society"
      },
      "geometry": {
        "type": "Point",
        "coordinates": [
          -119.21032,
          40.770373
        ]
      }
    },
    {
      "type": "Feature",
      "properties": {
        "uid": "a1XVI00000FMR7N2AX",
        "name": "Beats 'n Deets"
      },
      "geometry": {
        "type": "Point",
        "coordinates": [
          -119.217984,
          40.778547
        ]
      }
    },
    {
      "type": "Feature",
      "properties": {
        "uid": "a1XVI00000FMR8z2AH",
        "name": "Baggage Check"
      },
      "geometry": {
        "type": "Point",
        "coordinates": [
          -119.197359,
          40.775748
        ]
      }
    },
    {
      "type": "Feature",
      "properties": {
        "uid": "a1XVI00000FMRto2AH",
        "name": "Argonauts"
      },
      "geometry": {
        "type": "Point",
        "coordinates": [
          -119.212906,
          40.775088
        ]
      }
    },
    {
      "type": "Feature",
      "properties": {
        "uid": "a1XVI00000FMSMn2AP",
        "name": "Bumblepuss"
      },
      "geometry": {
        "type": "Point",
        "coordinates": [
          -119.218727,
          40.792369
        ]
      }
    },
    {
      "type": "Feature",
      "properties": {
        "uid": "a1XVI00000FMSRd2AP",
        "name": "Long Feng Camp"
      },
      "geometry": {
        "type": "Point",
        "coordinates": [
          -119.21411,
          40.797919
        ]
      }
    },
    {
      "type": "Feature",
      "properties": {
        "uid": "a1XVI00000FMSTF2A5",
        "name": "Roadside Distraction"
      },
      "geometry": {
        "type": "Point",
        "coordinates": [
          -119.219064,
          40.782115
        ]
      }
    },
    {
      "type": "Feature",
      "properties": {
        "uid": "a1XVI00000FMSY52AP",
        "name": "Stampede!"
      },
      "geometry": {
        "type": "Point",
        "coordinates": [
          -119.195757,
          40.777369
        ]
      }
    },
    {
      "type": "Feature",
      "properties": {
        "uid": "a1XVI00000FMSbJ2AX",
        "name": "Fomo Playalounge"
      },
      "geometry": {
        "type": "Point",
        "coordinates": [
          -119.214895,
          40.789038
        ]
      }
    },
    {
      "type": "Feature",
      "properties": {
        "uid": "a1XVI00000FMSmb2AH",
        "name": "ADHz"
      },
      "geometry": {
        "type": "Point",
        "coordinates": [
          -119.190357,
          40.779466
        ]
      }
    },
    {
      "type": "Feature",
      "properties": {
        "uid": "a1XVI00000FMSoD2AX",
        "name": "Opulent Temple"
      },
      "geometry": {
        "type": "Point",
        "coordinates": [
          -119.210979,
          40.790336
        ]
      }
    },
    {
      "type": "Feature",
      "properties": {
        "uid": "a1XVI00000FMSpp2AH",
        "name": "Entheos Community Village"
      },
      "geometry": {
        "type": "Point",
        "coordinates": [
          -119.213786,
          40.789217
        ]
      }
    },
    {
      "type": "Feature",
      "properties": {
        "uid": "a1XVI00000FMTPJ2A5",
        "name": "People of Color Camp"
      },
      "geometry": {
        "type": "Point",
        "coordinates": [
          -119.208221,
          40.769532
        ]
      }
    },
    {
      "type": "Feature",
      "properties": {
        "uid": "a1XVI00000FMTQv2AP",
        "name": "Bistro Manonio"
      },
      "geometry": {
        "type": "Point",
        "coordinates": [
          -119.207037,
          40.775317
        ]
      }
    },
    {
      "type": "Feature",
      "properties": {
        "uid": "a1XVI00000FMTSX2A5",
        "name": "SOLARIS"
      },
      "geometry": {
        "type": "Point",
        "coordinates": [
          -119.18908,
          40.777016
        ]
      }
    },
    {
      "type": "Feature",
      "properties": {
        "uid": "a1XVI00000FMTVl2AP",
        "name": "Twisted Swan Celtic pub"
      },
      "geometry": {
        "type": "Point",
        "coordinates": [
          -119.221177,
          40.788532
        ]
      }
    },
    {
      "type": "Feature",
      "properties": {
        "uid": "a1XVI00000FMTab2AH",
        "name": "Camp Reno Nation"
      },
      "geometry": {
        "type": "Point",
        "coordinates": [
          -119.196094,
          40.779147
        ]
      }
    },
    {
      "type": "Feature",
      "properties": {
        "uid": "a1XVI00000FMTcD2AX",
        "name": "Rubber Armstrong"
      },
      "geometry": {
        "type": "Point",
        "coordinates": [
          -119.216007,
          40.793232
        ]
      }
    },
    {
      "type": "Feature",
      "properties": {
        "uid": "a1XVI00000FMTdp2AH",
        "name": "Playa Delicacies Cooking School"
      },
      "geometry": {
        "type": "Point",
        "coordinates": [
          -119.220168,
          40.782078
        ]
      }
    },
    {
      "type": "Feature",
      "properties": {
        "uid": "a1XVI00000FMTh32AH",
        "name": "Disfunktion"
      },
      "geometry": {
        "type": "Point",
        "coordinates": [
          -119.218161,
          40.79164
        ]
      }
    },
    {
      "type": "Feature",
      "properties": {
        "uid": "a1XVI00000FMTif2AH",
        "name": "Saints and Sinners"
      },
      "geometry": {
        "type": "Point",
        "coordinates": [
          -119.205985,
          40.772706
        ]
      }
    },
    {
      "type": "Feature",
      "properties": {
        "uid": "a1XVI00000FMTkH2AX",
        "name": "Disco Space Shuttle"
      },
      "geometry": {
        "type": "Point",
        "coordinates": [
          -119.221857,
          40.787702
        ]
      }
    },
    {
      "type": "Feature",
      "properties": {
        "uid": "a1XVI00000FMTlt2AH",
        "name": "Global Camp"
      },
      "geometry": {
        "type": "Point",
        "coordinates": [
          -119.221069,
          40.775239
        ]
      }
    },
    {
      "type": "Feature",
      "properties": {
        "uid": "a1XVI00000FMTnV2AX",
        "name": "The Sound Garden"
      },
      "geometry": {
        "type": "Point",
        "coordinates": [
          -119.19432,
          40.779647
        ]
      }
    },
    {
      "type": "Feature",
      "properties": {
        "uid": "a1XVI00000FMTvZ2AX",
        "name": "Hack-a-Cola"
      },
      "geometry": {
        "type": "Point",
        "coordinates": [
          -119.214484,
          40.776738
        ]
      }
    },
    {
      "type": "Feature",
      "properties": {
        "uid": "a1XVI00000FMTxB2AX",
        "name": "Tetrix Stargazer"
      },
      "geometry": {
        "type": "Point",
        "coordinates": [
          -119.216196,
          40.793466
        ]
      }
    },
    {
      "type": "Feature",
      "properties": {
        "uid": "a1XVI00000FMTyn2AH",
        "name": "T33M0"
      },
      "geometry": {
        "type": "Point",
        "coordinates": [
          -119.211536,
          40.79121
        ]
      }
    },
    {
      "type": "Feature",
      "properties": {
        "uid": "a1XVI00000FMU0P2AX",
        "name": "Vibe Check"
      },
      "geometry": {
        "type": "Point",
        "coordinates": [
          -119.202735,
          40.773832
        ]
      }
    },
    {
      "type": "Feature",
      "properties": {
        "uid": "a1XVI00000FMU212AH",
        "name": "MidNight Caff Cove"
      },
      "geometry": {
        "type": "Point",
        "coordinates": [
          -119.218779,
          40.773225
        ]
      }
    },
    {
      "type": "Feature",
      "properties": {
        "uid": "a1XVI00000FMUYH2A5",
        "name": "Camp O-Wow"
      },
      "geometry": {
        "type": "Point",
        "coordinates": [
          -119.220309,
          40.78403
        ]
      }
    },
    {
      "type": "Feature",
      "properties": {
        "uid": "a1XVI00000FMUd72AH",
        "name": "BLD"
      },
      "geometry": {
        "type": "Point",
        "coordinates": [
          -119.219424,
          40.773651
        ]
      }
    },
    {
      "type": "Feature",
      "properties": {
        "uid": "a1XVI00000FMUgL2AX",
        "name": "Discotique Pancake Boutique"
      },
      "geometry": {
        "type": "Point",
        "coordinates": [
          -119.19094,
          40.779199
        ]
      }
    },
    {
      "type": "Feature",
      "properties": {
        "uid": "a1XVI00000FMUhx2AH",
        "name": "MARA"
      },
      "geometry": {
        "type": "Point",
        "coordinates": [
          -119.215866,
          40.794422
        ]
      }
    },
    {
      "type": "Feature",
      "properties": {
        "uid": "a1XVI00000FMUlB2AX",
        "name": "Dragon Axis Disco"
      },
      "geometry": {
        "type": "Point",
        "coordinates": [
          -119.196881,
          40.776752
        ]
      }
    },
    {
      "type": "Feature",
      "properties": {
        "uid": "a1XVI00000FMVm52AH",
        "name": "Afterglow Lounge & Spa"
      },
      "geometry": {
        "type": "Point",
        "coordinates": [
          -119.210564,
          40.774257
        ]
      }
    },
    {
      "type": "Feature",
      "properties": {
        "uid": "a1XVI00000FMVnh2AH",
        "name": "Y Knot Saloon"
      },
      "geometry": {
        "type": "Point",
        "coordinates": [
          -119.199818,
          40.773208
        ]
      }
    },
    {
      "type": "Feature",
      "properties": {
        "uid": "a1XVI00000FMWtR2AX",
        "name": "Rumpus"
      },
      "geometry": {
        "type": "Point",
        "coordinates": [
          -119.198771,
          40.776047
        ]
      }
    },
    {
      "type": "Feature",
      "properties": {
        "uid": "a1XVI00000FMWzt2AH",
        "name": "Ocean Beach"
      },
      "geometry": {
        "type": "Point",
        "coordinates": [
          -119.204687,
          40.775295
        ]
      }
    },
    {
      "type": "Feature",
      "properties": {
        "uid": "a1XVI00000FMX4j2AH",
        "name": "Mural Maze Support Camp"
      },
      "geometry": {
        "type": "Point",
        "coordinates": [
          -119.219579,
          40.782414
        ]
      }
    },
    {
      "type": "Feature",
      "properties": {
        "uid": "a1XVI00000FMX7x2AH",
        "name": "Cloud 9"
      },
      "geometry": {
        "type": "Point",
        "coordinates": [
          -119.220581,
          40.785463
        ]
      }
    },
    {
      "type": "Feature",
      "properties": {
        "uid": "a1XVI00000FMXO52AP",
        "name": "Fast & Bi-Curious"
      },
      "geometry": {
        "type": "Point",
        "coordinates": [
          -119.202642,
          40.775482
        ]
      }
    },
    {
      "type": "Feature",
      "properties": {
        "uid": "a1XVI00000FMXfp2AH",
        "name": "Neodebauchery"
      },
      "geometry": {
        "type": "Point",
        "coordinates": [
          -119.197052,
          40.774186
        ]
      }
    },
    {
      "type": "Feature",
      "properties": {
        "uid": "a1XVI00000FMZCz2AP",
        "name": "Big Unicorn Energy"
      },
      "geometry": {
        "type": "Point",
        "coordinates": [
          -119.217747,
          40.79681
        ]
      }
    },
    {
      "type": "Feature",
      "properties": {
        "uid": "a1XVI00000FMZzP2AX",
        "name": "Caravan D'Light"
      },
      "geometry": {
        "type": "Point",
        "coordinates": [
          -119.222163,
          40.787305
        ]
      }
    },
    {
      "type": "Feature",
      "properties": {
        "uid": "a1XVI00000FMaDt2AL",
        "name": "Fresh Squeezed!"
      },
      "geometry": {
        "type": "Point",
        "coordinates": [
          -119.210127,
          40.774839
        ]
      }
    },
    {
      "type": "Feature",
      "properties": {
        "uid": "a1XVI00000FMasD2AT",
        "name": "3907"
      },
      "geometry": {
        "type": "Point",
        "coordinates": [
          -119.210319,
          40.775217
        ]
      }
    },
    {
      "type": "Feature",
      "properties": {
        "uid": "a1XVI00000FMbI12AL",
        "name": "Mountain Mayhem"
      },
      "geometry": {
        "type": "Point",
        "coordinates": [
          -119.218469,
          40.788778
        ]
      }
    },
    {
      "type": "Feature",
      "properties": {
        "uid": "a1XVI00000FMbd02AD",
        "name": "Camp Truth or Dare"
      },
      "geometry": {
        "type": "Point",
        "coordinates": [
          -119.216269,
          40.775746
        ]
      }
    },
    {
      "type": "Feature",
      "properties": {
        "uid": "a1XVI00000FMbxx2AD",
        "name": "The Lavender Lounge"
      },
      "geometry": {
        "type": "Point",
        "coordinates": [
          -119.219236,
          40.776557
        ]
      }
    },
    {
      "type": "Feature",
      "properties": {
        "uid": "a1XVI00000FMcSb2AL",
        "name": "Pink Squirrel"
      },
      "geometry": {
        "type": "Point",
        "coordinates": [
          -119.208547,
          40.770951
        ]
      }
    },
    {
      "type": "Feature",
      "properties": {
        "uid": "a1XVI00000FMcVs2AL",
        "name": "Martha Love"
      },
      "geometry": {
        "type": "Point",
        "coordinates": [
          -119.19739,
          40.776947
        ]
      }
    },
    {
      "type": "Feature",
      "properties": {
        "uid": "a1XVI00000FMccH2AT",
        "name": "Camp Contact"
      },
      "geometry": {
        "type": "Point",
        "coordinates": [
          -119.202394,
          40.774168
        ]
      }
    },
    {
      "type": "Feature",
      "properties": {
        "uid": "a1XVI00000FMcvd2AD",
        "name": "Videogasm"
      },
      "geometry": {
        "type": "Point",
        "coordinates": [
          -119.217094,
          40.781066
        ]
      }
    },
    {
      "type": "Feature",
      "properties": {
        "uid": "a1XVI00000FMcxF2AT",
        "name": "Titanic"
      },
      "geometry": {
        "type": "Point",
        "coordinates": [
          -119.213192,
          40.794132
        ]
      }
    },
    {
      "type": "Feature",
      "properties": {
        "uid": "a1XVI00000FMdGb2AL",
        "name": "Cozy Cat Camp"
      },
      "geometry": {
        "type": "Point",
        "coordinates": [
          -119.205985,
          40.771852
        ]
      }
    },
    {
      "type": "Feature",
      "properties": {
        "uid": "a1XVI00000FMdN32AL",
        "name": "Clevian Circularity"
      },
      "geometry": {
        "type": "Point",
        "coordinates": [
          -119.217033,
          40.780922
        ]
      }
    },
    {
      "type": "Feature",
      "properties": {
        "uid": "a1XVI00000FMdjd2AD",
        "name": "ING"
      },
      "geometry": {
        "type": "Point",
        "coordinates": [
          -119.220101,
          40.788214
        ]
      }
    },
    {
      "type": "Feature",
      "properties": {
        "uid": "a1XVI00000FMdtJ2AT",
        "name": "Shamandome"
      },
      "geometry": {
        "type": "Point",
        "coordinates": [
          -119.222721,
          40.778887
        ]
      }
    },
    {
      "type": "Feature",
      "properties": {
        "uid": "a1XVI00000FMduv2AD",
        "name": "Accult"
      },
      "geometry": {
        "type": "Point",
        "coordinates": [
          -119.213747,
          40.790404
        ]
      }
    },
    {
      "type": "Feature",
      "properties": {
        "uid": "a1XVI00000FMe9R2AT",
        "name": "Cabana Club"
      },
      "geometry": {
        "type": "Point",
        "coordinates": [
          -119.20554,
          40.774827
        ]
      }
    },
    {
      "type": "Feature",
      "properties": {
        "uid": "a1XVI00000FMePZ2A1",
        "name": "The Melon Motel"
      },
      "geometry": {
        "type": "Point",
        "coordinates": [
          -119.189609,
          40.778933
        ]
      }
    },
    {
      "type": "Feature",
      "properties": {
        "uid": "a1XVI00000FMem92AD",
        "name": "Camp Hot Cheeks"
      },
      "geometry": {
        "type": "Point",
        "coordinates": [
          -119.218585,
          40.785947
        ]
      }
    },
    {
      "type": "Feature",
      "properties": {
        "uid": "a1XVI00000FMepN2AT",
        "name": "Black Rock Public Library"
      },
      "geometry": {
        "type": "Point",
        "coordinates": [
          -119.218894,
          40.777531
        ]
      }
    },
    {
      "type": "Feature",
      "properties": {
        "uid": "a1XVI00000FMesb2AD",
        "name": "Pink Ponies"
      },
      "geometry": {
        "type": "Point",
        "coordinates": [
          -119.22353,
          40.78042
        ]
      }
    },
    {
      "type": "Feature",
      "properties": {
        "uid": "a1XVI00000FMf0f2AD",
        "name": "HARDLY"
      },
      "geometry": {
        "type": "Point",
        "coordinates": [
          -119.200299,
          40.778923
        ]
      }
    },
    {
      "type": "Feature",
      "properties": {
        "uid": "a1XVI00000FMf2H2AT",
        "name": "SHANTI TOWN SOUND MOVEMENT"
      },
      "geometry": {
        "type": "Point",
        "coordinates": [
          -119.194586,
          40.777098
        ]
      }
    },
    {
      "type": "Feature",
      "properties": {
        "uid": "a1XVI00000FMfNF2A1",
        "name": "Casa de la Rumba"
      },
      "geometry": {
        "type": "Point",
        "coordinates": [
          -119.222186,
          40.78289
        ]
      }
    },
    {
      "type": "Feature",
      "properties": {
        "uid": "a1XVI00000FMfzx2AD",
        "name": "Beverly Grillz"
      },
      "geometry": {
        "type": "Point",
        "coordinates": [
          -119.2198,
          40.783873
        ]
      }
    },
    {
      "type": "Feature",
      "properties": {
        "uid": "a1XVI00000FMfzy2AD",
        "name": "PopoVille"
      },
      "geometry": {
        "type": "Point",
        "coordinates": [
          -119.207331,
          40.77051
        ]
      }
    },
    {
      "type": "Feature",
      "properties": {
        "uid": "a1XVI00000FMgBF2A1",
        "name": "Captain Pump's Raiders"
      },
      "geometry": {
        "type": "Point",
        "coordinates": [
          -119.221839,
          40.776222
        ]
      }
    },
    {
      "type": "Feature",
      "properties": {
        "uid": "a1XVI00000FMgXp2AL",
        "name": "Orphan Endorphin"
      },
      "geometry": {
        "type": "Point",
        "coordinates": [
          -119.223031,
          40.784015
        ]
      }
    },
    {
      "type": "Feature",
      "properties": {
        "uid": "a1XVI00000FMgnx2AD",
        "name": "Deco Fish"
      },
      "geometry": {
        "type": "Point",
        "coordinates": [
          -119.215332,
          40.797673
        ]
      }
    },
    {
      "type": "Feature",
      "properties": {
        "uid": "a1XVI00000FMgsn2AD",
        "name": "Gauchos del Fuego"
      },
      "geometry": {
        "type": "Point",
        "coordinates": [
          -119.218371,
          40.778369
        ]
      }
    },
    {
      "type": "Feature",
      "properties": {
        "uid": "a1XVI00000FMh0r2AD",
        "name": "Atom Cult"
      },
      "geometry": {
        "type": "Point",
        "coordinates": [
          -119.222152,
          40.784081
        ]
      }
    },
    {
      "type": "Feature",
      "properties": {
        "uid": "a1XVI00000FMhAX2A1",
        "name": "HORIZON"
      },
      "geometry": {
        "type": "Point",
        "coordinates": [
          -119.215577,
          40.78754
        ]
      }
    },
    {
      "type": "Feature",
      "properties": {
        "uid": "a1XVI00000FMhGz2AL",
        "name": "People's Art Congress"
      },
      "geometry": {
        "type": "Point",
        "coordinates": [
          -119.22087,
          40.773845
        ]
      }
    },
    {
      "type": "Feature",
      "properties": {
        "uid": "a1XVI00000FMhLp2AL",
        "name": "Dickhead Camp"
      },
      "geometry": {
        "type": "Point",
        "coordinates": [
          -119.205514,
          40.771903
        ]
      }
    },
    {
      "type": "Feature",
      "properties": {
        "uid": "a1XVI00000FMhP32AL",
        "name": "GlowMeUp"
      },
      "geometry": {
        "type": "Point",
        "coordinates": [
          -119.20582,
          40.773174
        ]
      }
    },
    {
      "type": "Feature",
      "properties": {
        "uid": "a1XVI00000FMhQf2AL",
        "name": "Cockpit"
      },
      "geometry": {
        "type": "Point",
        "coordinates": [
          -119.218643,
          40.779578
        ]
      }
    },
    {
      "type": "Feature",
      "properties": {
        "uid": "a1XVI00000FMhSH2A1",
        "name": "Shake, Shake, Shake"
      },
      "geometry": {
        "type": "Point",
        "coordinates": [
          -119.215836,
          40.778442
        ]
      }
    },
    {
      "type": "Feature",
      "properties": {
        "uid": "a1XVI00000FMhww2AD",
        "name": "Disorient"
      },
      "geometry": {
        "type": "Point",
        "coordinates": [
          -119.217244,
          40.78552
        ]
      }
    },
    {
      "type": "Feature",
      "properties": {
        "uid": "a1XVI00000FMhyX2AT",
        "name": "planet wood collective"
      },
      "geometry": {
        "type": "Point",
        "coordinates": [
          -119.206069,
          40.775118
        ]
      }
    },
    {
      "type": "Feature",
      "properties": {
        "uid": "a1XVI00000FMi8F2AT",
        "name": "Aya The Tiger"
      },
      "geometry": {
        "type": "Point",
        "coordinates": [
          -119.215959,
          40.791364
        ]
      }
    },
    {
      "type": "Feature",
      "properties": {
        "uid": "a1XVI00000FMiGH2A1",
        "name": "Camp Slow Your Roll"
      },
      "geometry": {
        "type": "Point",
        "coordinates": [
          -119.218226,
          40.786827
        ]
      }
    },
    {
      "type": "Feature",
      "properties": {
        "uid": "a1XVI00000FMiJV2A1",
        "name": "Legends of the Hidden Playa"
      },
      "geometry": {
        "type": "Point",
        "coordinates": [
          -119.207145,
          40.774606
        ]
      }
    },
    {
      "type": "Feature",
      "properties": {
        "uid": "a1XVI00000FMiL82AL",
        "name": "Slutplatz"
      },
      "geometry": {
        "type": "Point",
        "coordinates": [
          -119.220051,
          40.784973
        ]
      }
    },
    {
      "type": "Feature",
      "properties": {
        "uid": "a1XVI00000FMiTB2A1",
        "name": "Partner Dance Adventures"
      },
      "geometry": {
        "type": "Point",
        "coordinates": [
          -119.216209,
          40.776614
        ]
      }
    },
    {
      "type": "Feature",
      "properties": {
        "uid": "a1XVI00000FMig52AD",
        "name": "VCamp - Vibrations in the Desert"
      },
      "geometry": {
        "type": "Point",
        "coordinates": [
          -119.196293,
          40.780109
        ]
      }
    },
    {
      "type": "Feature",
      "properties": {
        "uid": "a1XVI00000FMipl2AD",
        "name": "BRCvr presents BurnerSphere"
      },
      "geometry": {
        "type": "Point",
        "coordinates": [
          -119.203381,
          40.774831
        ]
      }
    },
    {
      "type": "Feature",
      "properties": {
        "uid": "a1XVI00000FMizR2AT",
        "name": "Mansonian Institute 4 Urban Study"
      },
      "geometry": {
        "type": "Point",
        "coordinates": [
          -119.218339,
          40.778948
        ]
      }
    },
    {
      "type": "Feature",
      "properties": {
        "uid": "a1XVI00000FMj2f2AD",
        "name": "Tazii"
      },
      "geometry": {
        "type": "Point",
        "coordinates": [
          -119.198306,
          40.775606
        ]
      }
    },
    {
      "type": "Feature",
      "properties": {
        "uid": "a1XVI00000FMj972AD",
        "name": "Witches Brew"
      },
      "geometry": {
        "type": "Point",
        "coordinates": [
          -119.198516,
          40.77882
        ]
      }
    },
    {
      "type": "Feature",
      "properties": {
        "uid": "a1XVI00000FMjAj2AL",
        "name": "Camp Bangers Only"
      },
      "geometry": {
        "type": "Point",
        "coordinates": [
          -119.212422,
          40.794471
        ]
      }
    },
    {
      "type": "Feature",
      "properties": {
        "uid": "a1XVI00000FMjCL2A1",
        "name": "Vin Et Gare"
      },
      "geometry": {
        "type": "Point",
        "coordinates": [
          -119.221758,
          40.782127
        ]
      }
    },
    {
      "type": "Feature",
      "properties": {
        "uid": "a1XVI00000FMjYw2AL",
        "name": "Catmandu"
      },
      "geometry": {
        "type": "Point",
        "coordinates": [
          -119.207398,
          40.773128
        ]
      }
    },
    {
      "type": "Feature",
      "properties": {
        "uid": "a1XVI00000FMjc92AD",
        "name": "No Adults Detected"
      },
      "geometry": {
        "type": "Point",
        "coordinates": [
          -119.218509,
          40.79298
        ]
      }
    },
    {
      "type": "Feature",
      "properties": {
        "uid": "a1XVI00000FMjdl2AD",
        "name": "Baconeers"
      },
      "geometry": {
        "type": "Point",
        "coordinates": [
          -119.197497,
          40.776042
        ]
      }
    },
    {
      "type": "Feature",
      "properties": {
        "uid": "a1XVI00000FMjlp2AD",
        "name": "Mos Eisley Village"
      },
      "geometry": {
        "type": "Point",
        "coordinates": [
          -119.220708,
          40.778411
        ]
      }
    },
    {
      "type": "Feature",
      "properties": {
        "uid": "a1XVI00000FMjsH2AT",
        "name": "Cosmic Giggle"
      },
      "geometry": {
        "type": "Point",
        "coordinates": [
          -119.197992,
          40.775358
        ]
      }
    },
    {
      "type": "Feature",
      "properties": {
        "uid": "a1XVI00000FMjtt2AD",
        "name": "ConTent"
      },
      "geometry": {
        "type": "Point",
        "coordinates": [
          -119.21469,
          40.792891
        ]
      }
    },
    {
      "type": "Feature",
      "properties": {
        "uid": "a1XVI00000FMjyj2AD",
        "name": "EBB & Glow Village"
      },
      "geometry": {
        "type": "Point",
        "coordinates": [
          -119.208404,
          40.775504
        ]
      }
    },
    {
      "type": "Feature",
      "properties": {
        "uid": "a1XVI00000FMk5B2AT",
        "name": "Very Inappropriate People"
      },
      "geometry": {
        "type": "Point",
        "coordinates": [
          -119.208811,
          40.77608
        ]
      }
    },
    {
      "type": "Feature",
      "properties": {
        "uid": "a1XVI00000FMk6n2AD",
        "name": "Astropups"
      },
      "geometry": {
        "type": "Point",
        "coordinates": [
          -119.219441,
          40.77987
        ]
      }
    },
    {
      "type": "Feature",
      "properties": {
        "uid": "a1XVI00000FMkDF2A1",
        "name": "Miki Beach"
      },
      "geometry": {
        "type": "Point",
        "coordinates": [
          -119.212798,
          40.794881
        ]
      }
    },
    {
      "type": "Feature",
      "properties": {
        "uid": "a1XVI00000FMkLJ2A1",
        "name": "Booty Worship"
      },
      "geometry": {
        "type": "Point",
        "coordinates": [
          -119.220721,
          40.782891
        ]
      }
    },
    {
      "type": "Feature",
      "properties": {
        "uid": "a1XVI00000FMkd32AD",
        "name": "The Shrimp Ranch"
      },
      "geometry": {
        "type": "Point",
        "coordinates": [
          -119.205816,
          40.77068
        ]
      }
    },
    {
      "type": "Feature",
      "properties": {
        "uid": "a1XVI00000FMkef2AD",
        "name": "Alchemy Stop"
      },
      "geometry": {
        "type": "Point",
        "coordinates": [
          -119.212422,
          40.771065
        ]
      }
    },
    {
      "type": "Feature",
      "properties": {
        "uid": "a1XVI00000FMlAv2AL",
        "name": "Burning Man T-Shirt Factory"
      },
      "geometry": {
        "type": "Point",
        "coordinates": [
          -119.218079,
          40.779266
        ]
      }
    },
    {
      "type": "Feature",
      "properties": {
        "uid": "a1XVI00000FMlVt2AL",
        "name": "Math Camp @ Group W"
      },
      "geometry": {
        "type": "Point",
        "coordinates": [
          -119.198822,
          40.774051
        ]
      }
    },
    {
      "type": "Feature",
      "properties": {
        "uid": "a1XVI00000FMlnd2AD",
        "name": "Club 40 at Cafe Calm"
      },
      "geometry": {
        "type": "Point",
        "coordinates": [
          -119.210582,
          40.770752
        ]
      }
    },
    {
      "type": "Feature",
      "properties": {
        "uid": "a1XVI00000FMlxJ2AT",
        "name": "Water Temple"
      },
      "geometry": {
        "type": "Point",
        "coordinates": [
          -119.223856,
          40.783749
        ]
      }
    },
    {
      "type": "Feature",
      "properties": {
        "uid": "a1XVI00000FMm8b2AD",
        "name": "Mission Country Club"
      },
      "geometry": {
        "type": "Point",
        "coordinates": [
          -119.221199,
          40.780318
        ]
      }
    },
    {
      "type": "Feature",
      "properties": {
        "uid": "a1XVI00000FMmBp2AL",
        "name": "Nose Fish"
      },
      "geometry": {
        "type": "Point",
        "coordinates": [
          -119.219492,
          40.777406
        ]
      }
    },
    {
      "type": "Feature",
      "properties": {
        "uid": "a1XVI00000FMmGf2AL",
        "name": "Jungle Oddity"
      },
      "geometry": {
        "type": "Point",
        "coordinates": [
          -119.221168,
          40.782806
        ]
      }
    },
    {
      "type": "Feature",
      "properties": {
        "uid": "a1XVI00000FMmLV2A1",
        "name": "BigFrankEnergy"
      },
      "geometry": {
        "type": "Point",
        "coordinates": [
          -119.206279,
          40.773541
        ]
      }
    },
    {
      "type": "Feature",
      "properties": {
        "uid": "a1XVI00000FMmN72AL",
        "name": "Backstage"
      },
      "geometry": {
        "type": "Point",
        "coordinates": [
          -119.215395,
          40.792585
        ]
      }
    },
    {
      "type": "Feature",
      "properties": {
        "uid": "a1XVI00000FMmoX2AT",
        "name": "Norms Garage"
      },
      "geometry": {
        "type": "Point",
        "coordinates": [
          -119.212963,
          40.771189
        ]
      }
    },
    {
      "type": "Feature",
      "properties": {
        "uid": "a1XVI00000FMmq92AD",
        "name": "French Maid Brigade"
      },
      "geometry": {
        "type": "Point",
        "coordinates": [
          -119.199342,
          40.778882
        ]
      }
    },
    {
      "type": "Feature",
      "properties": {
        "uid": "a1XVI00000FMnkb2AD",
        "name": "Gaian Airship"
      },
      "geometry": {
        "type": "Point",
        "coordinates": [
          -119.199253,
          40.774715
        ]
      }
    },
    {
      "type": "Feature",
      "properties": {
        "uid": "a1XVI00000FMnnp2AD",
        "name": "HIGHKU"
      },
      "geometry": {
        "type": "Point",
        "coordinates": [
          -119.215768,
          40.775526
        ]
      }
    },
    {
      "type": "Feature",
      "properties": {
        "uid": "a1XVI00000FMnpR2AT",
        "name": "Reverbia"
      },
      "geometry": {
        "type": "Point",
        "coordinates": [
          -119.217624,
          40.784211
        ]
      }
    },
    {
      "type": "Feature",
      "properties": {
        "uid": "a1XVI00000FMnz72AD",
        "name": "Cicadia"
      },
      "geometry": {
        "type": "Point",
        "coordinates": [
          -119.222183,
          40.781947
        ]
      }
    },
    {
      "type": "Feature",
      "properties": {
        "uid": "a1XVI00000FMo0j2AD",
        "name": "Toxic Disco Clam"
      },
      "geometry": {
        "type": "Point",
        "coordinates": [
          -119.20619,
          40.770649
        ]
      }
    },
    {
      "type": "Feature",
      "properties": {
        "uid": "a1XVI00000FMojt2AD",
        "name": "Kentucky Fried Camp"
      },
      "geometry": {
        "type": "Point",
        "coordinates": [
          -119.217467,
          40.776532
        ]
      }
    },
    {
      "type": "Feature",
      "properties": {
        "uid": "a1XVI00000FMpkn2AD",
        "name": "LAF Lazy-Ass Fuckers"
      },
      "geometry": {
        "type": "Point",
        "coordinates": [
          -119.217794,
          40.779184
        ]
      }
    },
    {
      "type": "Feature",
      "properties": {
        "uid": "a1XVI00000FMsKT2A1",
        "name": "ReEntry Station"
      },
      "geometry": {
        "type": "Point",
        "coordinates": [
          -119.209865,
          40.770328
        ]
      }
    },
    {
      "type": "Feature",
      "properties": {
        "uid": "a1XVI00000FMsM62AL",
        "name": "Dusty Bottoms"
      },
      "geometry": {
        "type": "Point",
        "coordinates": [
          -119.221938,
          40.785295
        ]
      }
    },
    {
      "type": "Feature",
      "properties": {
        "uid": "a1XVI00000FMuUL2A1",
        "name": "Dusty Delight"
      },
      "geometry": {
        "type": "Point",
        "coordinates": [
          -119.220598,
          40.780276
        ]
      }
    },
    {
      "type": "Feature",
      "properties": {
        "uid": "a1XVI00000FMvJx2AL",
        "name": "Camp VRC"
      },
      "geometry": {
        "type": "Point",
        "coordinates": [
          -119.221555,
          40.776027
        ]
      }
    },
    {
      "type": "Feature",
      "properties": {
        "uid": "a1XVI00000FMvLZ2A1",
        "name": "GDI's - Gawd Damn Independents"
      },
      "geometry": {
        "type": "Point",
        "coordinates": [
          -119.224279,
          40.788215
        ]
      }
    },
    {
      "type": "Feature",
      "properties": {
        "uid": "a1XVI00000FMvgX2AT",
        "name": "Mimosa"
      },
      "geometry": {
        "type": "Point",
        "coordinates": [
          -119.202409,
          40.775249
        ]
      }
    },
    {
      "type": "Feature",
      "properties": {
        "uid": "a1XVI00000FMvlN2AT",
        "name": "Mary E's Lavender Hand Wash"
      },
      "geometry": {
        "type": "Point",
        "coordinates": [
          -119.212944,
          40.772503
        ]
      }
    },
    {
      "type": "Feature",
      "properties": {
        "uid": "a1XVI00000FMvob2AD",
        "name": "Fucking Joe Camp"
      },
      "geometry": {
        "type": "Point",
        "coordinates": [
          -119.218955,
          40.785196
        ]
      }
    },
    {
      "type": "Feature",
      "properties": {
        "uid": "a1XVI00000FMwJF2A1",
        "name": "ClusterF*ck United"
      },
      "geometry": {
        "type": "Point",
        "coordinates": [
          -119.206192,
          40.774755
        ]
      }
    },
    {
      "type": "Feature",
      "properties": {
        "uid": "a1XVI00000FMwRJ2A1",
        "name": "Daydream"
      },
      "geometry": {
        "type": "Point",
        "coordinates": [
          -119.193712,
          40.779261
        ]
      }
    },
    {
      "type": "Feature",
      "properties": {
        "uid": "a1XVI00000FMyJR2A1",
        "name": "Spoonful of Friends"
      },
      "geometry": {
        "type": "Point",
        "coordinates": [
          -119.220789,
          40.781867
        ]
      }
    },
    {
      "type": "Feature",
      "properties": {
        "uid": "a1XVI00000FMycn2AD",
        "name": "adult playground"
      },
      "geometry": {
        "type": "Point",
        "coordinates": [
          -119.213573,
          40.793303
        ]
      }
    },
    {
      "type": "Feature",
      "properties": {
        "uid": "a1XVI00000FN9rZ2AT",
        "name": "Fantastica Music Healing Camp"
      },
      "geometry": {
        "type": "Point",
        "coordinates": [
          -119.221084,
          40.78448
        ]
      }
    },
    {
      "type": "Feature",
      "properties": {
        "uid": "a1XVI00000FNGzV2AX",
        "name": "Camp XUZA"
      },
      "geometry": {
        "type": "Point",
        "coordinates": [
          -119.219949,
          40.795763
        ]
      }
    },
    {
      "type": "Feature",
      "properties": {
        "uid": "a1XVI00000FNJCb2AP",
        "name": "Fjörgyn's Lair"
      },
      "geometry": {
        "type": "Point",
        "coordinates": [
          -119.196976,
          40.773486
        ]
      }
    },
    {
      "type": "Feature",
      "properties": {
        "uid": "a1XVI00000FNJyz2AH",
        "name": "Camp Questionmark"
      },
      "geometry": {
        "type": "Point",
        "coordinates": [
          -119.198533,
          40.780889
        ]
      }
    },
    {
      "type": "Feature",
      "properties": {
        "uid": "a1XVI00000FNLxZ2AX",
        "name": "Inflatable Wildlife"
      },
      "geometry": {
        "type": "Point",
        "coordinates": [
          -119.217596,
          40.782904
        ]
      }
    },
    {
      "type": "Feature",
      "properties": {
        "uid": "a1XVI00000FNMFJ2A5",
        "name": "Garage Mahal"
      },
      "geometry": {
        "type": "Point",
        "coordinates": [
          -119.218192,
          40.794218
        ]
      }
    },
    {
      "type": "Feature",
      "properties": {
        "uid": "a1XVI00000FNOBK2A5",
        "name": "Black Rock Roller Disco"
      },
      "geometry": {
        "type": "Point",
        "coordinates": [
          -119.217102,
          40.781642
        ]
      }
    },
    {
      "type": "Feature",
      "properties": {
        "uid": "a1XVI00000FNQNl2AP",
        "name": "Dilla's Den"
      },
      "geometry": {
        "type": "Point",
        "coordinates": [
          -119.197378,
          40.773412
        ]
      }
    },
    {
      "type": "Feature",
      "properties": {
        "uid": "a1XVI00000FNQVp2AP",
        "name": "Cirkus Freaks"
      },
      "geometry": {
        "type": "Point",
        "coordinates": [
          -119.219936,
          40.787516
        ]
      }
    },
    {
      "type": "Feature",
      "properties": {
        "uid": "a1XVI00000FNQij2AH",
        "name": "Chivo Loco"
      },
      "geometry": {
        "type": "Point",
        "coordinates": [
          -119.195945,
          40.778599
        ]
      }
    },
    {
      "type": "Feature",
      "properties": {
        "uid": "a1XVI00000FNQkL2AX",
        "name": "Sozo Experience"
      },
      "geometry": {
        "type": "Point",
        "coordinates": [
          -119.214806,
          40.77544
        ]
      }
    },
    {
      "type": "Feature",
      "properties": {
        "uid": "a1XVI00000FNTqH2AX",
        "name": "Rebel Camp"
      },
      "geometry": {
        "type": "Point",
        "coordinates": [
          -119.215072,
          40.771598
        ]
      }
    },
    {
      "type": "Feature",
      "properties": {
        "uid": "a1XVI00000FNTtV2AX",
        "name": "Rocket 'n Roll"
      },
      "geometry": {
        "type": "Point",
        "coordinates": [
          -119.219031,
          40.776399
        ]
      }
    },
    {
      "type": "Feature",
      "properties": {
        "uid": "a1XVI00000FNW9p2AH",
        "name": "RIPPLE"
      },
      "geometry": {
        "type": "Point",
        "coordinates": [
          -119.212091,
          40.775283
        ]
      }
    },
    {
      "type": "Feature",
      "properties": {
        "uid": "a1XVI00000FNabe2AD",
        "name": "SKYTING HQ"
      },
      "geometry": {
        "type": "Point",
        "coordinates": [
          -119.202452,
          40.773126
        ]
      }
    },
    {
      "type": "Feature",
      "properties": {
        "uid": "a1XVI00000FNm4v2AD",
        "name": "Happy Hanuman"
      },
      "geometry": {
        "type": "Point",
        "coordinates": [
          -119.223592,
          40.780962
        ]
      }
    },
    {
      "type": "Feature",
      "properties": {
        "uid": "a1XVI00000FNqy92AD",
        "name": "Ray's Fix It"
      },
      "geometry": {
        "type": "Point",
        "coordinates": [
          -119.218099,
          40.77622
        ]
      }
    },
    {
      "type": "Feature",
      "properties": {
        "uid": "a1XVI00000FNtsn2AD",
        "name": "Rooftop Frose"
      },
      "geometry": {
        "type": "Point",
        "coordinates": [
          -119.21035,
          40.770724
        ]
      }
    },
    {
      "type": "Feature",
      "properties": {
        "uid": "a1XVI00000FNwqg2AD",
        "name": "Freqz of Love"
      },
      "geometry": {
        "type": "Point",
        "coordinates": [
          -119.221699,
          40.786331
        ]
      }
    },
    {
      "type": "Feature",
      "properties": {
        "uid": "a1XVI00000FNzrl2AD",
        "name": "Anonymous Village"
      },
      "geometry": {
        "type": "Point",
        "coordinates": [
          -119.217195,
          40.772445
        ]
      }
    },
    {
      "type": "Feature",
      "properties": {
        "uid": "a1XVI00000FO5CP2A1",
        "name": "Turbaza Chayka"
      },
      "geometry": {
        "type": "Point",
        "coordinates": [
          -119.219223,
          40.778647
        ]
      }
    },
    {
      "type": "Feature",
      "properties": {
        "uid": "a1XVI00000FO5Qv2AL",
        "name": "Camp Tell You"
      },
      "geometry": {
        "type": "Point",
        "coordinates": [
          -119.216157,
          40.776238
        ]
      }
    },
    {
      "type": "Feature",
      "properties": {
        "uid": "a1XVI00000FOHQT2A5",
        "name": "UniverseCity"
      },
      "geometry": {
        "type": "Point",
        "coordinates": [
          -119.218632,
          40.781786
        ]
      }
    },
    {
      "type": "Feature",
      "properties": {
        "uid": "a1XVI00000FOPuH2AX",
        "name": "Pleasant Camp"
      },
      "geometry": {
        "type": "Point",
        "coordinates": [
          -119.209383,
          40.770291
        ]
      }
    },
    {
      "type": "Feature",
      "properties": {
        "uid": "a1XVI00000FOTmb2AH",
        "name": "StarPups"
      },
      "geometry": {
        "type": "Point",
        "coordinates": [
          -119.204537,
          40.770839
        ]
      }
    },
    {
      "type": "Feature",
      "properties": {
        "uid": "a1XVI00000FOYMT2A5",
        "name": "Camp LandHO!"
      },
      "geometry": {
        "type": "Point",
        "coordinates": [
          -119.193407,
          40.779947
        ]
      }
    },
    {
      "type": "Feature",
      "properties": {
        "uid": "a1XVI00000FOaHp2AL",
        "name": "Zero Fucks"
      },
      "geometry": {
        "type": "Point",
        "coordinates": [
          -119.213139,
          40.790905
        ]
      }
    },
    {
      "type": "Feature",
      "properties": {
        "uid": "a1XVI00000FOauX2AT",
        "name": "Hammered and Sickled"
      },
      "geometry": {
        "type": "Point",
        "coordinates": [
          -119.217481,
          40.792169
        ]
      }
    },
    {
      "type": "Feature",
      "properties": {
        "uid": "a1XVI00000FObFV2A1",
        "name": "BAAAHS Station"
      },
      "geometry": {
        "type": "Point",
        "coordinates": [
          -119.224351,
          40.780309
        ]
      }
    },
    {
      "type": "Feature",
      "properties": {
        "uid": "a1XVI00000FObll2AD",
        "name": "The Balls Depot"
      },
      "geometry": {
        "type": "Point",
        "coordinates": [
          -119.197248,
          40.778395
        ]
      }
    },
    {
      "type": "Feature",
      "properties": {
        "uid": "a1XVI00000FOboz2AD",
        "name": "Playa Art Park Support"
      },
      "geometry": {
        "type": "Point",
        "coordinates": [
          -119.22003,
          40.777751
        ]
      }
    },
    {
      "type": "Feature",
      "properties": {
        "uid": "a1XVI00000FOc3V2AT",
        "name": "Bunny Meth Lab"
      },
      "geometry": {
        "type": "Point",
        "coordinates": [
          -119.212972,
          40.789387
        ]
      }
    },
    {
      "type": "Feature",
      "properties": {
        "uid": "a1XVI00000FOfuD2AT",
        "name": "MESA"
      },
      "geometry": {
        "type": "Point",
        "coordinates": [
          -119.212394,
          40.790234
        ]
      }
    },
    {
      "type": "Feature",
      "properties": {
        "uid": "a1XVI00000FOsD72AL",
        "name": "Dusty Dreamers"
      },
      "geometry": {
        "type": "Point",
        "coordinates": [
          -119.222782,
          40.783574
        ]
      }
    },
    {
      "type": "Feature",
      "properties": {
        "uid": "a1XVI00000FOyiN2AT",
        "name": "Raditude"
      },
      "geometry": {
        "type": "Point",
        "coordinates": [
          -119.214411,
          40.77789
        ]
      }
    },
    {
      "type": "Feature",
      "properties": {
        "uid": "a1XVI00000FP0k92AD",
        "name": "Vitruvian"
      },
      "geometry": {
        "type": "Point",
        "coordinates": [
          -119.214163,
          40.777263
        ]
      }
    },
    {
      "type": "Feature",
      "properties": {
        "uid": "a1XVI00000FP1ep2AD",
        "name": "Camp Be Bothered"
      },
      "geometry": {
        "type": "Point",
        "coordinates": [
          -119.220841,
          40.780958
        ]
      }
    },
    {
      "type": "Feature",
      "properties": {
        "uid": "a1XVI00000FP2sP2AT",
        "name": "Nipple Pie"
      },
      "geometry": {
        "type": "Point",
        "coordinates": [
          -119.197638,
          40.774991
        ]
      }
    },
    {
      "type": "Feature",
      "properties": {
        "uid": "a1XVI00000FP3DN2A1",
        "name": "...cats"
      },
      "geometry": {
        "type": "Point",
        "coordinates": [
          -119.20579,
          40.776293
        ]
      }
    },
    {
      "type": "Feature",
      "properties": {
        "uid": "a1XVI00000FP3Jp2AL",
        "name": "Raccoons"
      },
      "geometry": {
        "type": "Point",
        "coordinates": [
          -119.219818,
          40.774523
        ]
      }
    },
    {
      "type": "Feature",
      "properties": {
        "uid": "a1XVI00000FP7KD2A1",
        "name": "Deep Ohm"
      },
      "geometry": {
        "type": "Point",
        "coordinates": [
          -119.207127,
          40.774321
        ]
      }
    },
    {
      "type": "Feature",
      "properties": {
        "uid": "a1XVI00000FP7ld2AD",
        "name": "Chop Shop"
      },
      "geometry": {
        "type": "Point",
        "coordinates": [
          -119.222278,
          40.786673
        ]
      }
    },
    {
      "type": "Feature",
      "properties": {
        "uid": "a1XVI00000FP8TB2A1",
        "name": "SlöMóth"
      },
      "geometry": {
        "type": "Point",
        "coordinates": [
          -119.221014,
          40.792193
        ]
      }
    },
    {
      "type": "Feature",
      "properties": {
        "uid": "a1XVI00000FP9972AD",
        "name": "Sol Family"
      },
      "geometry": {
        "type": "Point",
        "coordinates": [
          -119.197259,
          40.77909
        ]
      }
    },
    {
      "type": "Feature",
      "properties": {
        "uid": "a1XVI00000FP9FZ2A1",
        "name": "Bubbles and Bass"
      },
      "geometry": {
        "type": "Point",
        "coordinates": [
          -119.216716,
          40.786183
        ]
      }
    },
    {
      "type": "Feature",
      "properties": {
        "uid": "a1XVI00000FP9M12AL",
        "name": "Favela Culture"
      },
      "geometry": {
        "type": "Point",
        "coordinates": [
          -119.215905,
          40.797
        ]
      }
    },
    {
      "type": "Feature",
      "properties": {
        "uid": "a1XVI00000FP9Vh2AL",
        "name": "Alchemist Bazaar"
      },
      "geometry": {
        "type": "Point",
        "coordinates": [
          -119.200329,
          40.774147
        ]
      }
    },
    {
      "type": "Feature",
      "properties": {
        "uid": "a1XVI00000FP9Yv2AL",
        "name": "Golden Gate Project"
      },
      "geometry": {
        "type": "Point",
        "coordinates": [
          -119.214126,
          40.79698
        ]
      }
    },
    {
      "type": "Feature",
      "properties": {
        "uid": "a1XVI00000FP9fN2AT",
        "name": "Rustic WerQ Ranch"
      },
      "geometry": {
        "type": "Point",
        "coordinates": [
          -119.220785,
          40.779205
        ]
      }
    },
    {
      "type": "Feature",
      "properties": {
        "uid": "a1XVI00000FPAA22AP",
        "name": "Node"
      },
      "geometry": {
        "type": "Point",
        "coordinates": [
          -119.22004,
          40.791973
        ]
      }
    },
    {
      "type": "Feature",
      "properties": {
        "uid": "a1XVI00000FPABd2AP",
        "name": "Burning Questions"
      },
      "geometry": {
        "type": "Point",
        "coordinates": [
          -119.204655,
          40.774945
        ]
      }
    },
    {
      "type": "Feature",
      "properties": {
        "uid": "a1XVI00000FPAQ92AP",
        "name": "Lunars Camp"
      },
      "geometry": {
        "type": "Point",
        "coordinates": [
          -119.202449,
          40.777074
        ]
      }
    },
    {
      "type": "Feature",
      "properties": {
        "uid": "a1XVI00000FPCmv2AH",
        "name": "Fire Camp"
      },
      "geometry": {
        "type": "Point",
        "coordinates": [
          -119.218156,
          40.782844
        ]
      }
    },
    {
      "type": "Feature",
      "properties": {
        "uid": "a1XVI00000FPDO12AP",
        "name": "Camp Kinetic"
      },
      "geometry": {
        "type": "Point",
        "coordinates": [
          -119.19744,
          40.774557
        ]
      }
    },
    {
      "type": "Feature",
      "properties": {
        "uid": "a1XVI00000FPE2L2AX",
        "name": "Snarket"
      },
      "geometry": {
        "type": "Point",
        "coordinates": [
          -119.200403,
          40.776723
        ]
      }
    },
    {
      "type": "Feature",
      "properties": {
        "uid": "a1XVI00000FPIVl2AP",
        "name": "CornHub"
      },
      "geometry": {
        "type": "Point",
        "coordinates": [
          -119.211108,
          40.775381
        ]
      }
    },
    {
      "type": "Feature",
      "properties": {
        "uid": "a1XVI00000FPOOH2A5",
        "name": "Magic Paradise"
      },
      "geometry": {
        "type": "Point",
        "coordinates": [
          -119.211336,
          40.775077
        ]
      }
    },
    {
      "type": "Feature",
      "properties": {
        "uid": "a1XVI00000FPOWL2A5",
        "name": "Dark Heart"
      },
      "geometry": {
        "type": "Point",
        "coordinates": [
          -119.201615,
          40.774311
        ]
      }
    },
    {
      "type": "Feature",
      "properties": {
        "uid": "a1XVI00000FPQWY2A5",
        "name": "Crepes and Tonic"
      },
      "geometry": {
        "type": "Point",
        "coordinates": [
          -119.206399,
          40.77133
        ]
      }
    },
    {
      "type": "Feature",
      "properties": {
        "uid": "a1XVI00000FPSQH2A5",
        "name": "Rootist Lounge"
      },
      "geometry": {
        "type": "Point",
        "coordinates": [
          -119.200666,
          40.774835
        ]
      }
    },
    {
      "type": "Feature",
      "properties": {
        "uid": "a1XVI00000FPSdB2AX",
        "name": "Brain Freeze Camp"
      },
      "geometry": {
        "type": "Point",
        "coordinates": [
          -119.211659,
          40.774523
        ]
      }
    },
    {
      "type": "Feature",
      "properties": {
        "uid": "a1XVI00000FPT1N2AX",
        "name": "Swing City"
      },
      "geometry": {
        "type": "Point",
        "coordinates": [
          -119.218316,
          40.790488
        ]
      }
    },
    {
      "type": "Feature",
      "properties": {
        "uid": "a1XVI00000FPTe52AH",
        "name": "Storytime Friends"
      },
      "geometry": {
        "type": "Point",
        "coordinates": [
          -119.1974,
          40.778207
        ]
      }
    },
    {
      "type": "Feature",
      "properties": {
        "uid": "a1XVI00000FPWAX2A5",
        "name": "Wild Horses support camp"
      },
      "geometry": {
        "type": "Point",
        "coordinates": [
          -119.208686,
          40.770598
        ]
      }
    },
    {
      "type": "Feature",
      "properties": {
        "uid": "a1XVI00000FPbq92AD",
        "name": "Nobo House"
      },
      "geometry": {
        "type": "Point",
        "coordinates": [
          -119.210646,
          40.773415
        ]
      }
    },
    {
      "type": "Feature",
      "properties": {
        "uid": "a1XVI00000FPdYb2AL",
        "name": "Bisous"
      },
      "geometry": {
        "type": "Point",
        "coordinates": [
          -119.219871,
          40.790321
        ]
      }
    },
    {
      "type": "Feature",
      "properties": {
        "uid": "a1XVI00000FPdjt2AD",
        "name": "Hush Hush Pony Barn"
      },
      "geometry": {
        "type": "Point",
        "coordinates": [
          -119.203085,
          40.774094
        ]
      }
    },
    {
      "type": "Feature",
      "properties": {
        "uid": "a1XVI00000FPeUf2AL",
        "name": "Beaverton"
      },
      "geometry": {
        "type": "Point",
        "coordinates": [
          -119.222212,
          40.779426
        ]
      }
    },
    {
      "type": "Feature",
      "properties": {
        "uid": "a1XVI00000FQ2NJ2A1",
        "name": "Rogue Nation (SEAWeed)"
      },
      "geometry": {
        "type": "Point",
        "coordinates": [
          -119.219529,
          40.776798
        ]
      }
    },
    {
      "type": "Feature",
      "properties": {
        "uid": "a1XVI00000FQ4tl2AD",
        "name": "Mindwerk"
      },
      "geometry": {
        "type": "Point",
        "coordinates": [
          -119.206416,
          40.772756
        ]
      }
    },
    {
      "type": "Feature",
      "properties": {
        "uid": "a1XVI00000FQ5TF2A1",
        "name": "From Mars With Love"
      },
      "geometry": {
        "type": "Point",
        "coordinates": [
          -119.216193,
          40.792186
        ]
      }
    },
    {
      "type": "Feature",
      "properties": {
        "uid": "a1XVI00000FQ9DV2A1",
        "name": "Nordic Paradise"
      },
      "geometry": {
        "type": "Point",
        "coordinates": [
          -119.218188,
          40.783566
        ]
      }
    },
    {
      "type": "Feature",
      "properties": {
        "uid": "a1XVI00000FQ9a52AD",
        "name": "Humble Be Art cars"
      },
      "geometry": {
        "type": "Point",
        "coordinates": [
          -119.211843,
          40.79098
        ]
      }
    },
    {
      "type": "Feature",
      "properties": {
        "uid": "a1XVI00000FQ9gX2AT",
        "name": "TRANSCEND"
      },
      "geometry": {
        "type": "Point",
        "coordinates": [
          -119.213084,
          40.791688
        ]
      }
    },
    {
      "type": "Feature",
      "properties": {
        "uid": "a1XVI00000FQL1l2AH",
        "name": "Imagine Nation Art Lounge"
      },
      "geometry": {
        "type": "Point",
        "coordinates": [
          -119.197352,
          40.780136
        ]
      }
    },
    {
      "type": "Feature",
      "properties": {
        "uid": "a1XVI00000FQOHN2A5",
        "name": "Organic Fruit & Veggie Camp"
      },
      "geometry": {
        "type": "Point",
        "coordinates": [
          -119.193748,
          40.772024
        ]
      }
    },
    {
      "type": "Feature",
      "properties": {
        "uid": "a1XVI00000FQOfZ2AX",
        "name": "Black Rock Piano Lounge"
      },
      "geometry": {
        "type": "Point",
        "coordinates": [
          -119.21689,
          40.789554
        ]
      }
    },
    {
      "type": "Feature",
      "properties": {
        "uid": "a1XVI00000FQOin2AH",
        "name": "Nova Heaven"
      },
      "geometry": {
        "type": "Point",
        "coordinates": [
          -119.212302,
          40.79249
        ]
      }
    },
    {
      "type": "Feature",
      "properties": {
        "uid": "a1XVI00000FQrBJ2A1",
        "name": "Playa Agora"
      },
      "geometry": {
        "type": "Point",
        "coordinates": [
          -119.221239,
          40.790053
        ]
      }
    },
    {
      "type": "Feature",
      "properties": {
        "uid": "a1XVI00000FQsyb2AD",
        "name": "Wrongtown"
      },
      "geometry": {
        "type": "Point",
        "coordinates": [
          -119.221829,
          40.77868
        ]
      }
    },
    {
      "type": "Feature",
      "properties": {
        "uid": "a1XVI00000FQtBV2A1",
        "name": "Rum Amok"
      },
      "geometry": {
        "type": "Point",
        "coordinates": [
          -119.220629,
          40.784474
        ]
      }
    },
    {
      "type": "Feature",
      "properties": {
        "uid": "a1XVI00000FQtuf2AD",
        "name": "Gender Blender"
      },
      "geometry": {
        "type": "Point",
        "coordinates": [
          -119.222978,
          40.779224
        ]
      }
    },
    {
      "type": "Feature",
      "properties": {
        "uid": "a1XVI00000FQtwH2AT",
        "name": "Heart of Parkness"
      },
      "geometry": {
        "type": "Point",
        "coordinates": [
          -119.21865,
          40.784092
        ]
      }
    },
    {
      "type": "Feature",
      "properties": {
        "uid": "a1XVI00000FQxQP2A1",
        "name": "Moon Landing"
      },
      "geometry": {
        "type": "Point",
        "coordinates": [
          -119.218665,
          40.784538
        ]
      }
    },
    {
      "type": "Feature",
      "properties": {
        "uid": "a1XVI00000FRCXV2A5",
        "name": "Camp PtP - Papillio Ovum"
      },
      "geometry": {
        "type": "Point",
        "coordinates": [
          -119.209144,
          40.773873
        ]
      }
    },
    {
      "type": "Feature",
      "properties": {
        "uid": "a1XVI00000FRDIH2A5",
        "name": "THE VEIL"
      },
      "geometry": {
        "type": "Point",
        "coordinates": [
          -119.220134,
          40.780307
        ]
      }
    },
    {
      "type": "Feature",
      "properties": {
        "uid": "a1XVI00000FRDoX2AX",
        "name": "Prairie Kids"
      },
      "geometry": {
        "type": "Point",
        "coordinates": [
          -119.218241,
          40.779678
        ]
      }
    },
    {
      "type": "Feature",
      "properties": {
        "uid": "a1XVI00000FRN6L2AX",
        "name": "Vines Without Borders"
      },
      "geometry": {
        "type": "Point",
        "coordinates": [
          -119.207326,
          40.775576
        ]
      }
    },
    {
      "type": "Feature",
      "properties": {
        "uid": "a1XVI00000FRQvR2AX",
        "name": "You Look Amazing"
      },
      "geometry": {
        "type": "Point",
        "coordinates": [
          -119.220218,
          40.782444
        ]
      }
    },
    {
      "type": "Feature",
      "properties": {
        "uid": "a1XVI00000FRSCT2A5",
        "name": "Camp THREAT"
      },
      "geometry": {
        "type": "Point",
        "coordinates": [
          -119.213607,
          40.776088
        ]
      }
    },
    {
      "type": "Feature",
      "properties": {
        "uid": "a1XVI00000FRVqH2AX",
        "name": "Lost + Found"
      },
      "geometry": {
        "type": "Point",
        "coordinates": [
          -119.215847,
          40.791934
        ]
      }
    },
    {
      "type": "Feature",
      "properties": {
        "uid": "a1XVI00000FRY3N2AX",
        "name": "Bubble Lounge"
      },
      "geometry": {
        "type": "Point",
        "coordinates": [
          -119.219797,
          40.782542
        ]
      }
    },
    {
      "type": "Feature",
      "properties": {
        "uid": "a1XVI00000FRhmb2AD",
        "name": "the Garage"
      },
      "geometry": {
        "type": "Point",
        "coordinates": [
          -119.21873,
          40.789094
        ]
      }
    },
    {
      "type": "Feature",
      "properties": {
        "uid": "a1XVI00000FS33x2AD",
        "name": "XXX-MAS"
      },
      "geometry": {
        "type": "Point",
        "coordinates": [
          -119.2171,
          40.790534
        ]
      }
    },
    {
      "type": "Feature",
      "properties": {
        "uid": "a1XVI00000FS3rx2AD",
        "name": "Camp Cul-de-Sac"
      },
      "geometry": {
        "type": "Point",
        "coordinates": [
          -119.200459,
          40.775759
        ]
      }
    },
    {
      "type": "Feature",
      "properties": {
        "uid": "a1XVI00000FS3tZ2AT",
        "name": "Bubble Camp"
      },
      "geometry": {
        "type": "Point",
        "coordinates": [
          -119.2184,
          40.77246
        ]
      }
    },
    {
      "type": "Feature",
      "properties": {
        "uid": "a1XVI00000FS4b72AD",
        "name": "Alborz"
      },
      "geometry": {
        "type": "Point",
        "coordinates": [
          -119.213941,
          40.793788
        ]
      }
    },
    {
      "type": "Feature",
      "properties": {
        "uid": "a1XVI00000FS4jB2AT",
        "name": "Queertirement"
      },
      "geometry": {
        "type": "Point",
        "coordinates": [
          -119.223165,
          40.779902
        ]
      }
    },
    {
      "type": "Feature",
      "properties": {
        "uid": "a1XVI00000FS6Rd2AL",
        "name": "Burning Globe"
      },
      "geometry": {
        "type": "Point",
        "coordinates": [
          -119.218212,
          40.788429
        ]
      }
    },
    {
      "type": "Feature",
      "properties": {
        "uid": "a1XVI00000FS6t32AD",
        "name": "Kwalq Camp"
      },
      "geometry": {
        "type": "Point",
        "coordinates": [
          -119.202482,
          40.776588
        ]
      }
    },
    {
      "type": "Feature",
      "properties": {
        "uid": "a1XVI00000FS8Jl2AL",
        "name": "Black Rock Brewery"
      },
      "geometry": {
        "type": "Point",
        "coordinates": [
          -119.203164,
          40.776299
        ]
      }
    },
    {
      "type": "Feature",
      "properties": {
        "uid": "a1XVI00000FSKsn2AH",
        "name": "Camp Babe"
      },
      "geometry": {
        "type": "Point",
        "coordinates": [
          -119.225985,
          40.783429
        ]
      }
    },
    {
      "type": "Feature",
      "properties": {
        "uid": "a1XVI00000FSO0L2AX",
        "name": "D'JUNGLE"
      },
      "geometry": {
        "type": "Point",
        "coordinates": [
          -119.213156,
          40.796854
        ]
      }
    },
    {
      "type": "Feature",
      "properties": {
        "uid": "a1XVI00000FSXmn2AH",
        "name": "Arctica Ice Sales"
      },
      "geometry": {
        "type": "Point",
        "coordinates": [
          -119.216725,
          40.777922
        ]
      }
    },
    {
      "type": "Feature",
      "properties": {
        "uid": "a1XVI00000FSXmo2AH",
        "name": "Arctica Ice Sales - Ice Cubed"
      },
      "geometry": {
        "type": "Point",
        "coordinates": [
          -119.194842,
          40.773753
        ]
      }
    },
    {
      "type": "Feature",
      "properties": {
        "uid": "a1XVI00000FSXmp2AH",
        "name": "Arctica Ice Sales - Ice Nine"
      },
      "geometry": {
        "type": "Point",
        "coordinates": [
          -119.220901,
          40.792728
        ]
      }
    },
    {
      "type": "Feature",
      "properties": {
        "uid": "a1XVI00000FSXmq2AH",
        "name": "Arctica Outpost"
      },
      "geometry": {
        "type": "Point",
        "coordinates": [
          -119.223596,
          40.773334
        ]
      }
    },
    {
      "type": "Feature",
      "properties": {
        "uid": "a1XVI00000FSXms2AH",
        "name": "ARTery Pavilion"
      },
      "geometry": {
        "type": "Point",
        "coordinates": [
          -119.214931,
          40.779074
        ]
      }
    },
    {
      "type": "Feature",
      "properties": {
        "uid": "a1XVI00000FSXmt2AH",
        "name": "BLM/FNW Interpretive Camp"
      },
      "geometry": {
        "type": "Point",
        "coordinates": [
          -119.210988,
          40.776667
        ]
      }
    },
    {
      "type": "Feature",
      "properties": {
        "uid": "a1XVI00000FSXn02AH",
        "name": "Burner Express Bus Depot"
      },
      "geometry": {
        "type": "Point",
        "coordinates": [
          -119.22272,
          40.773329
        ]
      }
    },
    {
      "type": "Feature",
      "properties": {
        "uid": "a1XVI00000FSXn22AH",
        "name": "Census"
      },
      "geometry": {
        "type": "Point",
        "coordinates": [
          -119.21661,
          40.778937
        ]
      }
    },
    {
      "type": "Feature",
      "properties": {
        "uid": "a1XVI00000FSXn92AH",
        "name": "Earth Guardians"
      },
      "geometry": {
        "type": "Point",
        "coordinates": [
          -119.21068,
          40.776275
        ]
      }
    },
    {
      "type": "Feature",
      "properties": {
        "uid": "a1XVI00000FSXnB2AX",
        "name": "ESD Rampart"
      },
      "geometry": {
        "type": "Point",
        "coordinates": [
          -119.211631,
          40.776327
        ]
      }
    },
    {
      "type": "Feature",
      "properties": {
        "uid": "a1XVI00000FSXnC2AX",
        "name": "ESD Station 3:00"
      },
      "geometry": {
        "type": "Point",
        "coordinates": [
          -119.1993,
          40.775715
        ]
      }
    },
    {
      "type": "Feature",
      "properties": {
        "uid": "a1XVI00000FSXnD2AX",
        "name": "ESD Station 9:00"
      },
      "geometry": {
        "type": "Point",
        "coordinates": [
          -119.216443,
          40.790766
        ]
      }
    },
    {
      "type": "Feature",
      "properties": {
        "uid": "a1XVI00000FSXnJ2AX",
        "name": "Fire Conclave Convergence"
      },
      "geometry": {
        "type": "Point",
        "coordinates": [
          -119.213473,
          40.778413
        ]
      }
    },
    {
      "type": "Feature",
      "properties": {
        "uid": "a1XVI00000FSXnK2AX",
        "name": "Felis Mundi"
      },
      "geometry": {
        "type": "Point",
        "coordinates": [
          -119.214409,
          40.778907
        ]
      }
    },
    {
      "type": "Feature",
      "properties": {
        "uid": "a1XVI00000FSXnN2AX",
        "name": "HOVerlandia"
      },
      "geometry": {
        "type": "Point",
        "coordinates": [
          -119.222495,
          40.773877
        ]
      }
    },
    {
      "type": "Feature",
      "properties": {
        "uid": "a1XVI00000FSXnO2AX",
        "name": "Lamplighters"
      },
      "geometry": {
        "type": "Point",
        "coordinates": [
          -119.21696,
          40.780374
        ]
      }
    },
    {
      "type": "Feature",
      "properties": {
        "uid": "a1XVI00000FSXnP2AX",
        "name": "Media Mecca"
      },
      "geometry": {
        "type": "Point",
        "coordinates": [
          -119.216247,
          40.779047
        ]
      }
    },
    {
      "type": "Feature",
      "properties": {
        "uid": "a1XVI00000FSXnS2AX",
        "name": "MOOP MAP HQ"
      },
      "geometry": {
        "type": "Point",
        "coordinates": [
          -119.212409,
          40.776999
        ]
      }
    },
    {
      "type": "Feature",
      "properties": {
        "uid": "a1XVI00000FSXna2AH",
        "name": "Placement HQ"
      },
      "geometry": {
        "type": "Point",
        "coordinates": [
          -119.21321,
          40.778231
        ]
      }
    },
    {
      "type": "Feature",
      "properties": {
        "uid": "a1XVI00000FSXnb2AH",
        "name": "Playa Info/VRT"
      },
      "geometry": {
        "type": "Point",
        "coordinates": [
          -119.21342,
          40.777903
        ]
      }
    },
    {
      "type": "Feature",
      "properties": {
        "uid": "a1XVI00000FSXne2AH",
        "name": "Ranger Headquarters"
      },
      "geometry": {
        "type": "Point",
        "coordinates": [
          -119.216371,
          40.779914
        ]
      }
    },
    {
      "type": "Feature",
      "properties": {
        "uid": "a1XVI00000FSXnf2AH",
        "name": "Ranger Outpost Berlin"
      },
      "geometry": {
        "type": "Point",
        "coordinates": [
          -119.198099,
          40.776628
        ]
      }
    },
    {
      "type": "Feature",
      "properties": {
        "uid": "a1XVI00000FSXng2AH",
        "name": "Ranger Outpost Tokyo"
      },
      "geometry": {
        "type": "Point",
        "coordinates": [
          -119.217693,
          40.789823
        ]
      }
    },
    {
      "type": "Feature",
      "properties": {
        "uid": "a1XVI00000FSXnh2AH",
        "name": "Recycle Camp"
      },
      "geometry": {
        "type": "Point",
        "coordinates": [
          -119.213335,
          40.776997
        ]
      }
    },
    {
      "type": "Feature",
      "properties": {
        "uid": "a1XVI00000FSXnj2AH",
        "name": "Temple Guardians"
      },
      "geometry": {
        "type": "Point",
        "coordinates": [
          -119.21327,
          40.777297
        ]
      }
    },
    {
      "type": "Feature",
      "properties": {
        "uid": "a1XVI00000FSXnk2AH",
        "name": "the black hole"
      },
      "geometry": {
        "type": "Point",
        "coordinates": [
          -119.217219,
          40.773778
        ]
      }
    },
    {
      "type": "Feature",
      "properties": {
        "uid": "a1XVI00000FSXnp2AH",
        "name": "Waterworks"
      },
      "geometry": {
        "type": "Point",
        "coordinates": [
          -119.212172,
          40.777103
        ]
      }
    },
    {
      "type": "Feature",
      "properties": {
        "uid": "a1XVI00000FSXnq2AH",
        "name": "Yellow Bike Project"
      },
      "geometry": {
        "type": "Point",
        "coordinates": [
          -119.214539,
          40.773917
        ]
      }
    },
    {
      "type": "Feature",
      "properties": {
        "uid": "a1XVI00000FSXwT2AX",
        "name": "Pink Mammoth"
      },
      "geometry": {
        "type": "Point",
        "coordinates": [
          -119.219684,
          40.7935
        ]
      }
    },
    {
      "type": "Feature",
      "properties": {
        "uid": "a1XVI00000FSYSk2AP",
        "name": "Breakaway Republic"
      },
      "geometry": {
        "type": "Point",
        "coordinates": [
          -119.215824,
          40.779119
        ]
      }
    },
    {
      "type": "Feature",
      "properties": {
        "uid": "a1XVI00000FSbf92AD",
        "name": "Dusty Bunnies"
      },
      "geometry": {
        "type": "Point",
        "coordinates": [
          -119.20045,
          40.776132
        ]
      }
    },
    {
      "type": "Feature",
      "properties": {
        "uid": "a1XVI00000FSdgv2AD",
        "name": "This Is It"
      },
      "geometry": {
        "type": "Point",
        "coordinates": [
          -119.218074,
          40.780262
        ]
      }
    },
    {
      "type": "Feature",
      "properties": {
        "uid": "a1XVI00000FSeDB2A1",
        "name": "Camp of the Rising Buns"
      },
      "geometry": {
        "type": "Point",
        "coordinates": [
          -119.212285,
          40.791659
        ]
      }
    },
    {
      "type": "Feature",
      "properties": {
        "uid": "a1XVI00000FSeLF2A1",
        "name": "The Market"
      },
      "geometry": {
        "type": "Point",
        "coordinates": [
          -119.19648,
          40.775096
        ]
      }
    },
    {
      "type": "Feature",
      "properties": {
        "uid": "a1XVI00000FSeUv2AL",
        "name": "Sidequest Sideshow"
      },
      "geometry": {
        "type": "Point",
        "coordinates": [
          -119.220303,
          40.778565
        ]
      }
    },
    {
      "type": "Feature",
      "properties": {
        "uid": "a1XVI00000FSeWX2A1",
        "name": "PLUR Pups"
      },
      "geometry": {
        "type": "Point",
        "coordinates": [
          -119.219079,
          40.784279
        ]
      }
    },
    {
      "type": "Feature",
      "properties": {
        "uid": "a1XVI00000FSsw52AD",
        "name": "Deoxidized"
      },
      "geometry": {
        "type": "Point",
        "coordinates": [
          -119.194834,
          40.779597
        ]
      }
    },
    {
      "type": "Feature",
      "properties": {
        "uid": "a1XVI00000FSwI92AL",
        "name": "Hungry Games"
      },
      "geometry": {
        "type": "Point",
        "coordinates": [
          -119.218511,
          40.779198
        ]
      }
    },
    {
      "type": "Feature",
      "properties": {
        "uid": "a1XVI00000FT2SP2A1",
        "name": "Our Own Devices"
      },
      "geometry": {
        "type": "Point",
        "coordinates": [
          -119.206462,
          40.775031
        ]
      }
    },
    {
      "type": "Feature",
      "properties": {
        "uid": "a1XVI00000FT7ez2AD",
        "name": "Church of Chill"
      },
      "geometry": {
        "type": "Point",
        "coordinates": [
          -119.22103,
          40.784776
        ]
      }
    },
    {
      "type": "Feature",
      "properties": {
        "uid": "a1XVI00000FT7tV2AT",
        "name": "House of Sammich"
      },
      "geometry": {
        "type": "Point",
        "coordinates": [
          -119.221725,
          40.781918
        ]
      }
    },
    {
      "type": "Feature",
      "properties": {
        "uid": "a1XVI00000FT7wj2AD",
        "name": "Your New Friend"
      },
      "geometry": {
        "type": "Point",
        "coordinates": [
          -119.199211,
          40.778289
        ]
      }
    },
    {
      "type": "Feature",
      "properties": {
        "uid": "a1XVI00000FT7yL2AT",
        "name": "Joey Glowey Bar"
      },
      "geometry": {
        "type": "Point",
        "coordinates": [
          -119.219606,
          40.781989
        ]
      }
    },
    {
      "type": "Feature",
      "properties": {
        "uid": "a1XVI00000FT81Z2AT",
        "name": "Fat Panda"
      },
      "geometry": {
        "type": "Point",
        "coordinates": [
          -119.224512,
          40.782748
        ]
      }
    },
    {
      "type": "Feature",
      "properties": {
        "uid": "a1XVI00000FTD2r2AH",
        "name": "Iron Monkeys"
      },
      "geometry": {
        "type": "Point",
        "coordinates": [
          -119.212748,
          40.774657
        ]
      }
    },
    {
      "type": "Feature",
      "properties": {
        "uid": "a1XVI00000FTD4T2AX",
        "name": "Solid City"
      },
      "geometry": {
        "type": "Point",
        "coordinates": [
          -119.219303,
          40.777267
        ]
      }
    },
    {
      "type": "Feature",
      "properties": {
        "uid": "a1XVI00000FTD7h2AH",
        "name": "Bat Haus"
      },
      "geometry": {
        "type": "Point",
        "coordinates": [
          -119.221084,
          40.785319
        ]
      }
    },
    {
      "type": "Feature",
      "properties": {
        "uid": "a1XVI00000FTD9J2AX",
        "name": "Abraxas Camp"
      },
      "geometry": {
        "type": "Point",
        "coordinates": [
          -119.190361,
          40.778115
        ]
      }
    },
    {
      "type": "Feature",
      "properties": {
        "uid": "a1XVI00000FTDAv2AP",
        "name": "Empire of Dirt"
      },
      "geometry": {
        "type": "Point",
        "coordinates": [
          -119.204135,
          40.775435
        ]
      }
    },
    {
      "type": "Feature",
      "properties": {
        "uid": "a1XVI00000FTRiX2AX",
        "name": "High Maintenance Entertainment"
      },
      "geometry": {
        "type": "Point",
        "coordinates": [
          -119.217287,
          40.79468
        ]
      }
    },
    {
      "type": "Feature",
      "properties": {
        "uid": "a1XVI00000FTkur2AD",
        "name": "Colita de Rana"
      },
      "geometry": {
        "type": "Point",
        "coordinates": [
          -119.21721,
          40.793721
        ]
      }
    },
    {
      "type": "Feature",
      "properties": {
        "uid": "a1XVI00000FToNN2A1",
        "name": "PlayaDough"
      },
      "geometry": {
        "type": "Point",
        "coordinates": [
          -119.219285,
          40.772994
        ]
      }
    },
    {
      "type": "Feature",
      "properties": {
        "uid": "a1XVI00000FTsij2AD",
        "name": "ArtSled"
      },
      "geometry": {
        "type": "Point",
        "coordinates": [
          -119.221052,
          40.785083
        ]
      }
    },
    {
      "type": "Feature",
      "properties": {
        "uid": "a1XVI00000FTxGz2AL",
        "name": "Snarky Marquee"
      },
      "geometry": {
        "type": "Point",
        "coordinates": [
          -119.216009,
          40.771963
        ]
      }
    },
    {
      "type": "Feature",
      "properties": {
        "uid": "a1XVI00000FTzPF2A1",
        "name": "La Calaca Village"
      },
      "geometry": {
        "type": "Point",
        "coordinates": [
          -119.203,
          40.771729
        ]
      }
    },
    {
      "type": "Feature",
      "properties": {
        "uid": "a1XVI00000FUYEv2AP",
        "name": "Camp (Can't) Stop"
      },
      "geometry": {
        "type": "Point",
        "coordinates": [
          -119.21853,
          40.785617
        ]
      }
    },
    {
      "type": "Feature",
      "properties": {
        "uid": "a1XVI00000FUwVl2AL",
        "name": "Counter Culture"
      },
      "geometry": {
        "type": "Point",
        "coordinates": [
          -119.219396,
          40.778904
        ]
      }
    },
    {
      "type": "Feature",
      "properties": {
        "uid": "a1XVI00000FV2hd2AD",
        "name": "Choo Choo"
      },
      "geometry": {
        "type": "Point",
        "coordinates": [
          -119.21495,
          40.79477
        ]
      }
    },
    {
      "type": "Feature",
      "properties": {
        "uid": "a1XVI00000FV6QH2A1",
        "name": "Frizz"
      },
      "geometry": {
        "type": "Point",
        "coordinates": [
          -119.209698,
          40.773218
        ]
      }
    },
    {
      "type": "Feature",
      "properties": {
        "uid": "a1XVI00000FV6tJ2AT",
        "name": "Happy Seats"
      },
      "geometry": {
        "type": "Point",
        "coordinates": [
          -119.202807,
          40.77302
        ]
      }
    },
    {
      "type": "Feature",
      "properties": {
        "uid": "a1XVI00000FV7UP2A1",
        "name": "Read Write Draw Camp"
      },
      "geometry": {
        "type": "Point",
        "coordinates": [
          -119.211623,
          40.770979
        ]
      }
    },
    {
      "type": "Feature",
      "properties": {
        "uid": "a1XVI00000FVNMH2A5",
        "name": "Camp Fly"
      },
      "geometry": {
        "type": "Point",
        "coordinates": [
          -119.197534,
          40.777311
        ]
      }
    },
    {
      "type": "Feature",
      "properties": {
        "uid": "a1XVI00000FVOev2AH",
        "name": "Mouse Trap"
      },
      "geometry": {
        "type": "Point",
        "coordinates": [
          -119.218259,
          40.773259
        ]
      }
    },
    {
      "type": "Feature",
      "properties": {
        "uid": "a1XVI00000FVZIb2AP",
        "name": "THICC VIBEZ"
      },
      "geometry": {
        "type": "Point",
        "coordinates": [
          -119.213602,
          40.792372
        ]
      }
    },
    {
      "type": "Feature",
      "properties": {
        "uid": "a1XVI00000FW7aP2AT",
        "name": "Star Buds"
      },
      "geometry": {
        "type": "Point",
        "coordinates": [
          -119.203544,
          40.775315
        ]
      }
    },
    {
      "type": "Feature",
      "properties": {
        "uid": "a1XVI00000FW7gr2AD",
        "name": "Struggletown Station"
      },
      "geometry": {
        "type": "Point",
        "coordinates": [
          -119.196113,
          40.777028
        ]
      }
    },
    {
      "type": "Feature",
      "properties": {
        "uid": "a1XVI00000FW80D2AT",
        "name": "Disco Mushroom"
      },
      "geometry": {
        "type": "Point",
        "coordinates": [
          -119.214244,
          40.789904
        ]
      }
    },
    {
      "type": "Feature",
      "properties": {
        "uid": "a1XVI00000FW9Kb2AL",
        "name": "Pranksters in the Pines"
      },
      "geometry": {
        "type": "Point",
        "coordinates": [
          -119.21284,
          40.790636
        ]
      }
    },
    {
      "type": "Feature",
      "properties": {
        "uid": "a1XVI00000FWB4X2AX",
        "name": "LIZARD"
      },
      "geometry": {
        "type": "Point",
        "coordinates": [
          -119.20137,
          40.776567
        ]
      }
    },
    {
      "type": "Feature",
      "properties": {
        "uid": "a1XVI00000FWBe12AH",
        "name": "Arctic Court"
      },
      "geometry": {
        "type": "Point",
        "coordinates": [
          -119.205527,
          40.773211
        ]
      }
    },
    {
      "type": "Feature",
      "properties": {
        "uid": "a1XVI00000FWBhF2AX",
        "name": "Flock of Donkeys"
      },
      "geometry": {
        "type": "Point",
        "coordinates": [
          -119.199075,
          40.77316
        ]
      }
    },
    {
      "type": "Feature",
      "properties": {
        "uid": "a1XVI00000FWBir2AH",
        "name": "Chair Camp"
      },
      "geometry": {
        "type": "Point",
        "coordinates": [
          -119.214044,
          40.793083
        ]
      }
    },
    {
      "type": "Feature",
      "properties": {
        "uid": "a1XVI00000FWBkT2AX",
        "name": "FDA: Food & Dance Administration"
      },
      "geometry": {
        "type": "Point",
        "coordinates": [
          -119.223235,
          40.783582
        ]
      }
    },
    {
      "type": "Feature",
      "properties": {
        "uid": "a1XVI00000FWBxN2AX",
        "name": "Dome Sweet Dome"
      },
      "geometry": {
        "type": "Point",
        "coordinates": [
          -119.203411,
          40.773707
        ]
      }
    },
    {
      "type": "Feature",
      "properties": {
        "uid": "a1XVI00000FWByz2AH",
        "name": "Charting the Uncharted"
      },
      "geometry": {
        "type": "Point",
        "coordinates": [
          -119.1988,
          40.778607
        ]
      }
    },
    {
      "type": "Feature",
      "properties": {
        "uid": "a1XVI00000FWqcL2AT",
        "name": "Extinct Oasis"
      },
      "geometry": {
        "type": "Point",
        "coordinates": [
          -119.217679,
          40.788417
        ]
      }
    },
    {
      "type": "Feature",
      "properties": {
        "uid": "a1XVI00000FWrer2AD",
        "name": "pandemonium"
      },
      "geometry": {
        "type": "Point",
        "coordinates": [
          -119.196681,
          40.77445
        ]
      }
    },
    {
      "type": "Feature",
      "properties": {
        "uid": "a1XVI00000FWsXh2AL",
        "name": "Lightning Bug Lounge"
      },
      "geometry": {
        "type": "Point",
        "coordinates": [
          -119.207148,
          40.772711
        ]
      }
    },
    {
      "type": "Feature",
      "properties": {
        "uid": "a1XVI00000FWujB2AT",
        "name": "Love Tripping"
      },
      "geometry": {
        "type": "Point",
        "coordinates": [
          -119.2204,
          40.79158
        ]
      }
    },
    {
      "type": "Feature",
      "properties": {
        "uid": "a1XVI00000FX6h72AD",
        "name": "Acid On Ice"
      },
      "geometry": {
        "type": "Point",
        "coordinates": [
          -119.218831,
          40.788355
        ]
      }
    },
    {
      "type": "Feature",
      "properties": {
        "uid": "a1XVI00000FXKH32AP",
        "name": "Playacuda"
      },
      "geometry": {
        "type": "Point",
        "coordinates": [
          -119.217514,
          40.793561
        ]
      }
    },
    {
      "type": "Feature",
      "properties": {
        "uid": "a1XVI00000FXRIX2A5",
        "name": "Metamorphosis Energy Lab"
      },
      "geometry": {
        "type": "Point",
        "coordinates": [
          -119.221949,
          40.785592
        ]
      }
    },
    {
      "type": "Feature",
      "properties": {
        "uid": "a1XVI00000FXSbB2AX",
        "name": "Lookout! The Camp"
      },
      "geometry": {
        "type": "Point",
        "coordinates": [
          -119.197013,
          40.777387
        ]
      }
    },
    {
      "type": "Feature",
      "properties": {
        "uid": "a1XVI00000FXSkr2AH",
        "name": "BlinkingManCamp97"
      },
      "geometry": {
        "type": "Point",
        "coordinates": [
          -119.21296,
          40.774263
        ]
      }
    },
    {
      "type": "Feature",
      "properties": {
        "uid": "a1XVI00000FXWJp2AP",
        "name": "Luminary Camp"
      },
      "geometry": {
        "type": "Point",
        "coordinates": [
          -119.213275,
          40.793324
        ]
      }
    },
    {
      "type": "Feature",
      "properties": {
        "uid": "a1XVI00000FXhAP2A1",
        "name": "Eitherlight"
      },
      "geometry": {
        "type": "Point",
        "coordinates": [
          -119.198599,
          40.774899
        ]
      }
    },
    {
      "type": "Feature",
      "properties": {
        "uid": "a1XVI00000FXv8X2AT",
        "name": "Mona Camp"
      },
      "geometry": {
        "type": "Point",
        "coordinates": [
          -119.222319,
          40.77516
        ]
      }
    },
    {
      "type": "Feature",
      "properties": {
        "uid": "a1XVI00000FXvgP2AT",
        "name": "Helios Hideout"
      },
      "geometry": {
        "type": "Point",
        "coordinates": [
          -119.217782,
          40.792791
        ]
      }
    },
    {
      "type": "Feature",
      "properties": {
        "uid": "a1XVI00000FY5B72AL",
        "name": "Gritty Garden"
      },
      "geometry": {
        "type": "Point",
        "coordinates": [
          -119.212553,
          40.775432
        ]
      }
    },
    {
      "type": "Feature",
      "properties": {
        "uid": "a1XVI00000FY8fF2AT",
        "name": "Tree of Love"
      },
      "geometry": {
        "type": "Point",
        "coordinates": [
          -119.222844,
          40.785863
        ]
      }
    },
    {
      "type": "Feature",
      "properties": {
        "uid": "a1XVI00000FY8lh2AD",
        "name": "BUBBLEGASM"
      },
      "geometry": {
        "type": "Point",
        "coordinates": [
          -119.224584,
          40.782458
        ]
      }
    },
    {
      "type": "Feature",
      "properties": {
        "uid": "a1XVI00000FY9uf2AD",
        "name": "STRANGELOVE"
      },
      "geometry": {
        "type": "Point",
        "coordinates": [
          -119.205937,
          40.774285
        ]
      }
    },
    {
      "type": "Feature",
      "properties": {
        "uid": "a1XVI00000FYAHF2A5",
        "name": "Mindseye Bonsai"
      },
      "geometry": {
        "type": "Point",
        "coordinates": [
          -119.219748,
          40.777107
        ]
      }
    },
    {
      "type": "Feature",
      "properties": {
        "uid": "a1XVI00000FYANh2AP",
        "name": "Tengri Camp"
      },
      "geometry": {
        "type": "Point",
        "coordinates": [
          -119.202084,
          40.77264
        ]
      }
    },
    {
      "type": "Feature",
      "properties": {
        "uid": "a1XVI00000FYAXN2A5",
        "name": "Touch Glass"
      },
      "geometry": {
        "type": "Point",
        "coordinates": [
          -119.221685,
          40.782273
        ]
      }
    },
    {
      "type": "Feature",
      "properties": {
        "uid": "a1XVI00000FYBgL2AX",
        "name": "Renewables For Artists RAT HQ"
      },
      "geometry": {
        "type": "Point",
        "coordinates": [
          -119.195154,
          40.774963
        ]
      }
    },
    {
      "type": "Feature",
      "properties": {
        "uid": "a1XVI00000FYBlB2AX",
        "name": "Camp Condundrum"
      },
      "geometry": {
        "type": "Point",
        "coordinates": [
          -119.212174,
          40.774774
        ]
      }
    },
    {
      "type": "Feature",
      "properties": {
        "uid": "a1XVI00000FYDa52AH",
        "name": "Water Suckers"
      },
      "geometry": {
        "type": "Point",
        "coordinates": [
          -119.207033,
          40.773487
        ]
      }
    },
    {
      "type": "Feature",
      "properties": {
        "uid": "a1XVI00000FYIjR2AX",
        "name": "Sound Cabin"
      },
      "geometry": {
        "type": "Point",
        "coordinates": [
          -119.215315,
          40.795022
        ]
      }
    },
    {
      "type": "Feature",
      "properties": {
        "uid": "a1XVI00000FYIuj2AH",
        "name": "Central Cafe"
      },
      "geometry": {
        "type": "Point",
        "coordinates": [
          -119.208301,
          40.775916
        ]
      }
    },
    {
      "type": "Feature",
      "properties": {
        "uid": "a1XVI00000FYOFN2A5",
        "name": "Enrichment.Institute"
      },
      "geometry": {
        "type": "Point",
        "coordinates": [
          -119.221645,
          40.776718
        ]
      }
    },
    {
      "type": "Feature",
      "properties": {
        "uid": "a1XVI00000FYPg52AH",
        "name": "Dustmight"
      },
      "geometry": {
        "type": "Point",
        "coordinates": [
          -119.201128,
          40.774918
        ]
      }
    },
    {
      "type": "Feature",
      "properties": {
        "uid": "a1XVI00000FYQ972AH",
        "name": "Dinosaur King"
      },
      "geometry": {
        "type": "Point",
        "coordinates": [
          -119.223027,
          40.776343
        ]
      }
    },
    {
      "type": "Feature",
      "properties": {
        "uid": "a1XVI00000FYRmj2AH",
        "name": "San Marco Square"
      },
      "geometry": {
        "type": "Point",
        "coordinates": [
          -119.216704,
          40.793224
        ]
      }
    },
    {
      "type": "Feature",
      "properties": {
        "uid": "a1XVI00000FYRy12AH",
        "name": "MAXA"
      },
      "geometry": {
        "type": "Point",
        "coordinates": [
          -119.226035,
          40.790332
        ]
      }
    },
    {
      "type": "Feature",
      "properties": {
        "uid": "a1XVI00000FYVLh2AP",
        "name": "Kosmic Korner"
      },
      "geometry": {
        "type": "Point",
        "coordinates": [
          -119.198747,
          40.778928
        ]
      }
    },
    {
      "type": "Feature",
      "properties": {
        "uid": "a1XVI00000FYksb2AD",
        "name": "Elsewhere Institute"
      },
      "geometry": {
        "type": "Point",
        "coordinates": [
          -119.216282,
          40.787732
        ]
      }
    },
    {
      "type": "Feature",
      "properties": {
        "uid": "a1XVI00000FZQlN2AX",
        "name": "Camp Kühloff"
      },
      "geometry": {
        "type": "Point",
        "coordinates": [
          -119.197595,
          40.773281
        ]
      }
    },
    {
      "type": "Feature",
      "properties": {
        "uid": "a1XVI00000FaOft2AF",
        "name": "OHM HOME"
      },
      "geometry": {
        "type": "Point",
        "coordinates": [
          -119.217457,
          40.796414
        ]
      }
    },
    {
      "type": "Feature",
      "properties": {
        "uid": "a1XVI00000FaYKH2A3",
        "name": "Playa Peace Project"
      },
      "geometry": {
        "type": "Point",
        "coordinates": [
          -119.217144,
          40.793023
        ]
      }
    },
    {
      "type": "Feature",
      "properties": {
        "uid": "a1XVI00000FaYnJ2AV",
        "name": "TBA"
      },
      "geometry": {
        "type": "Point",
        "coordinates": [
          -119.19048,
          40.776042
        ]
      }
    },
    {
      "type": "Feature",
      "properties": {
        "uid": "a1XVI00000Faesj2AB",
        "name": "Camp Connection"
      },
      "geometry": {
        "type": "Point",
        "coordinates": [
          -119.220609,
          40.785021
        ]
      }
    },
    {
      "type": "Feature",
      "properties": {
        "uid": "a1XVI00000FbACf2AN",
        "name": "Coming Home"
      },
      "geometry": {
        "type": "Point",
        "coordinates": [
          -119.197111,
          40.776533
        ]
      }
    },
    {
      "type": "Feature",
      "properties": {
        "uid": "a1XVI00000Fbpan2AB",
        "name": "BRCSPCA (anti-human society)"
      },
      "geometry": {
        "type": "Point",
        "coordinates": [
          -119.202102,
          40.773239
        ]
      }
    },
    {
      "type": "Feature",
      "properties": {
        "uid": "a1XVI00000FcDoP2AV",
        "name": "Draft Punk"
      },
      "geometry": {
        "type": "Point",
        "coordinates": [
          -119.217673,
          40.79127
        ]
      }
    },
    {
      "type": "Feature",
      "properties": {
        "uid": "a1XVI00000FchrK2AR",
        "name": "As Above So At Camp"
      },
      "geometry": {
        "type": "Point",
        "coordinates": [
          -119.212867,
          40.773861
        ]
      }
    },
    {
      "type": "Feature",
      "properties": {
        "uid": "a1XVI00000FcpAX2AZ",
        "name": "Navigate to YES"
      },
      "geometry": {
        "type": "Point",
        "coordinates": [
          -119.190215,
          40.778618
        ]
      }
    },
    {
      "type": "Feature",
      "properties": {
        "uid": "a1XVI00000Fcqxp2AB",
        "name": "ARMÉ - Army of Love"
      },
      "geometry": {
        "type": "Point",
        "coordinates": [
          -119.194225,
          40.778326
        ]
      }
    },
    {
      "type": "Feature",
      "properties": {
        "uid": "a1XVI00000FdM9h2AF",
        "name": "Seashell Cartel"
      },
      "geometry": {
        "type": "Point",
        "coordinates": [
          -119.218374,
          40.796638
        ]
      }
    },
    {
      "type": "Feature",
      "properties": {
        "uid": "a1XVI00000Fe8r32AB",
        "name": "Ragnarokk"
      },
      "geometry": {
        "type": "Point",
        "coordinates": [
          -119.219474,
          40.796021
        ]
      }
    },
    {
      "type": "Feature",
      "properties": {
        "uid": "a1XVI00000FedQD2AZ",
        "name": "Moonraker"
      },
      "geometry": {
        "type": "Point",
        "coordinates": [
          -119.209902,
          40.773658
        ]
      }
    },
    {
      "type": "Feature",
      "properties": {
        "uid": "a1XVI00000Ff5sj2AB",
        "name": "The Makers Space"
      },
      "geometry": {
        "type": "Point",
        "coordinates": [
          -119.196682,
          40.776977
        ]
      }
    },
    {
      "type": "Feature",
      "properties": {
        "uid": "a1XVI00000FfS7l2AF",
        "name": "KonaZona Coffee & Tiki Bar"
      },
      "geometry": {
        "type": "Point",
        "coordinates": [
          -119.219641,
          40.776916
        ]
      }
    },
    {
      "type": "Feature",
      "properties": {
        "uid": "a1XVI00000FgNfV2AV",
        "name": "Camp BYUS"
      },
      "geometry": {
        "type": "Point",
        "coordinates": [
          -119.222879,
          40.781437
        ]
      }
    },
    {
      "type": "Feature",
      "properties": {
        "uid": "a1XVI00000FgYFx2AN",
        "name": "Airpusher Collective"
      },
      "geometry": {
        "type": "Point",
        "coordinates": [
          -119.216652,
          40.791926
        ]
      }
    },
    {
      "type": "Feature",
      "properties": {
        "uid": "a1XVI00000Fh86X2AR",
        "name": "Kaya"
      },
      "geometry": {
        "type": "Point",
        "coordinates": [
          -119.212211,
          40.790865
        ]
      }
    },
    {
      "type": "Feature",
      "properties": {
        "uid": "a1XVI00000Fh8ph2AB",
        "name": "White Elephant Exchange"
      },
      "geometry": {
        "type": "Point",
        "coordinates": [
          -119.203877,
          40.773589
        ]
      }
    },
    {
      "type": "Feature",
      "properties": {
        "uid": "a1XVI00000Fhhgz2AB",
        "name": "The Back Hole"
      },
      "geometry": {
        "type": "Point",
        "coordinates": [
          -119.217267,
          40.77279
        ]
      }
    },
    {
      "type": "Feature",
      "properties": {
        "uid": "a1XVI00000FhjcL2AR",
        "name": "Terrapin Station"
      },
      "geometry": {
        "type": "Point",
        "coordinates": [
          -119.214163,
          40.795785
        ]
      }
    },
    {
      "type": "Feature",
      "properties": {
        "uid": "a1XVI00000Fi00T2AR",
        "name": "Hooter Tooterville"
      },
      "geometry": {
        "type": "Point",
        "coordinates": [
          -119.206516,
          40.770143
        ]
      }
    },
    {
      "type": "Feature",
      "properties": {
        "uid": "a1XVI00000FiEWT2A3",
        "name": "The G Spot"
      },
      "geometry": {
        "type": "Point",
        "coordinates": [
          -119.190064,
          40.778964
        ]
      }
    },
    {
      "type": "Feature",
      "properties": {
        "uid": "a1XVI00000FiPjd2AF",
        "name": "42 Ramen"
      },
      "geometry": {
        "type": "Point",
        "coordinates": [
          -119.221107,
          40.780084
        ]
      }
    },
    {
      "type": "Feature",
      "properties": {
        "uid": "a1XVI00000Fj28H2AR",
        "name": "For the Glory of The C Ship"
      },
      "geometry": {
        "type": "Point",
        "coordinates": [
          -119.191166,
          40.778421
        ]
      }
    },
    {
      "type": "Feature",
      "properties": {
        "uid": "a1XVI00000FkAyE2AV",
        "name": "Camp Fortress of Solitude"
      },
      "geometry": {
        "type": "Point",
        "coordinates": [
          -119.212682,
          40.771567
        ]
      }
    },
    {
      "type": "Feature",
      "properties": {
        "uid": "a1XVI00000FlKqg2AF",
        "name": "Analog"
      },
      "geometry": {
        "type": "Point",
        "coordinates": [
          -119.223036,
          40.787337
        ]
      }
    },
    {
      "type": "Feature",
      "properties": {
        "uid": "a1XVI00000FlbGP2AZ",
        "name": "sunny side up"
      },
      "geometry": {
        "type": "Point",
        "coordinates": [
          -119.219209,
          40.787042
        ]
      }
    },
    {
      "type": "Feature",
      "properties": {
        "uid": "a1XVI00000Flfjp2AB",
        "name": "Sha La La"
      },
      "geometry": {
        "type": "Point",
        "coordinates": [
          -119.216166,
          40.794689
        ]
      }
    },
    {
      "type": "Feature",
      "properties": {
        "uid": "a1XVI00000FmisX2AR",
        "name": "The Cage"
      },
      "geometry": {
        "type": "Point",
        "coordinates": [
          -119.189486,
          40.777857
        ]
      }
    },
    {
      "type": "Feature",
      "properties": {
        "uid": "a1XVI00000FnyFJ2AZ",
        "name": "Wild Tribe"
      },
      "geometry": {
        "type": "Point",
        "coordinates": [
          -119.21887,
          40.793198
        ]
      }
    },
    {
      "type": "Feature",
      "properties": {
        "uid": "a1XVI00000FoqVp2AJ",
        "name": "AmberDust"
      },
      "geometry": {
        "type": "Point",
        "coordinates": [
          -119.223535,
          40.786045
        ]
      }
    },
    {
      "type": "Feature",
      "properties": {
        "uid": "a1XVI00000FpxS12AJ",
        "name": "Holy Babel"
      },
      "geometry": {
        "type": "Point",
        "coordinates": [
          -119.212697,
          40.77418
        ]
      }
    },
    {
      "type": "Feature",
      "properties": {
        "uid": "a1XVI00000FruY52AJ",
        "name": "The Mystical Grill"
      },
      "geometry": {
        "type": "Point",
        "coordinates": [
          -119.213883,
          40.771362
        ]
      }
    },
    {
      "type": "Feature",
      "properties": {
        "uid": "a1XVI00000FsICE2A3",
        "name": "Harmonic Drift"
      },
      "geometry": {
        "type": "Point",
        "coordinates": [
          -119.218735,
          40.777275
        ]
      }
    },
    {
      "type": "Feature",
      "properties": {
        "uid": "a1XVI00000FsuEI2AZ",
        "name": "Camp ASL Support Services HUB"
      },
      "geometry": {
        "type": "Point",
        "coordinates": [
          -119.217757,
          40.772114
        ]
      }
    },
    {
      "type": "Feature",
      "properties": {
        "uid": "a1XVI00000Ft0ef2AB",
        "name": "D.F.C.B.(Don't Fckn' Care Bear)"
      },
      "geometry": {
        "type": "Point",
        "coordinates": [
          -119.213705,
          40.796726
        ]
      }
    },
    {
      "type": "Feature",
      "properties": {
        "uid": "a1XVI00000Fusl32AB",
        "name": "Resonance"
      },
      "geometry": {
        "type": "Point",
        "coordinates": [
          -119.19487,
          40.775333
        ]
      }
    },
    {
      "type": "Feature",
      "properties": {
        "uid": "a1XVI00000FuuoT2AR",
        "name": "Icarus Camp"
      },
      "geometry": {
        "type": "Point",
        "coordinates": [
          -119.213292,
          40.795571
        ]
      }
    },
    {
      "type": "Feature",
      "properties": {
        "uid": "a1XVI00000FvEVR2A3",
        "name": "Tequila Bees"
      },
      "geometry": {
        "type": "Point",
        "coordinates": [
          -119.208895,
          40.769837
        ]
      }
    },
    {
      "type": "Feature",
      "properties": {
        "uid": "a1XVI00000Fvukn2AB",
        "name": "Booboos Gaagoos"
      },
      "geometry": {
        "type": "Point",
        "coordinates": [
          -119.221022,
          40.779885
        ]
      }
    },
    {
      "type": "Feature",
      "properties": {
        "uid": "a1XVI00000FwV9F2AV",
        "name": "MIDAS TEAR COLLECTIVE"
      },
      "geometry": {
        "type": "Point",
        "coordinates": [
          -119.219344,
          40.776722
        ]
      }
    },
    {
      "type": "Feature",
      "properties": {
        "uid": "a1XVI00000FzNWv2AN",
        "name": "Playa Pete's Plaza"
      },
      "geometry": {
        "type": "Point",
        "coordinates": [
          -119.216955,
          40.795881
        ]
      }
    },
    {
      "type": "Feature",
      "properties": {
        "uid": "a1XVI00000G1MLR2A3",
        "name": "Halloween Town BRC"
      },
      "geometry": {
        "type": "Point",
        "coordinates": [
          -119.19058,
          40.778912
        ]
      }
    },
    {
      "type": "Feature",
      "properties": {
        "uid": "a1XVI00000G1s5B2AR",
        "name": "Hushville"
      },
      "geometry": {
        "type": "Point",
        "coordinates": [
          -119.209246,
          40.771123
        ]
      }
    }
  ]
}
