{
    "type": "FeatureCollection",
    "features": [
        {
            "type": "Feature",
            "properties": {},
            "geometry": {
                "type": "Polygon",
                "coordinates": [
                    [
                        [
                            -119.22387028803406,
                            40.786956119038386
                        ],
                        [
                            -119.22387027090477,
                            40.7869559454364
                        ],
                        [
                            -119.22387027058602,
                            40.78695492817578
                        ],
                        [
                            -119.22385022446777,
                            40.78626682723607
                        ],
                        [
                            -119.22385008750858,
                            40.786264464158194
                        ],
                        [
                            -119.22379041990831,
                            40.785577680167
                        ],
                        [
                            -119.22379014873098,
                            40.7855753388462
                        ],
                        [
                            -119.2236909744507,
                            40.7848911790747
                        ],
                        [
                            -119.22369057293484,
                            40.784888873239
                        ],
                        [
                            -119.22355208196097,
                            40.78420863992295
                        ],
                        [
                            -119.2235515556905,
                            40.78420638233986
                        ],
                        [
                            -119.22337401282309,
                            40.78353137020148
                        ],
                        [
                            -119.22337336884117,
                            40.78352917238337
                        ],
                        [
                            -119.22315711318085,
                            40.78286066616788
                        ],
                        [
                            -119.2231563596973,
                            40.78285853815251
                        ],
                        [
                            -119.22290180399122,
                            40.78219781018386
                        ],
                        [
                            -119.22290095006502,
                            40.782195760396554
                        ],
                        [
                            -119.22260857991274,
                            40.78154406815718
                        ],
                        [
                            -119.22260763513174,
                            40.781542103353964
                        ],
                        [
                            -119.22227800805311,
                            40.78090068709293
                        ],
                        [
                            -119.22227698222986,
                            40.78089881237741
                        ],
                        [
                            -119.2219107265962,
                            40.7802688927518
                        ],
                        [
                            -119.22190962949541,
                            40.7802671116541
                        ],
                        [
                            -119.22150744332653,
                            40.77964988740771
                        ],
                        [
                            -119.22150628443349,
                            40.77964820201111
                        ],
                        [
                            -119.2210989204214,
                            40.77908621589839
                        ],
                        [
                            -119.22285446862142,
                            40.77831832200481
                        ],
                        [
                            -119.2228615059532,
                            40.77831438090364
                        ],
                        [
                            -119.22286763919394,
                            40.7783091426143
                        ],
                        [
                            -119.22287263264661,
                            40.77830280844131
                        ],
                        [
                            -119.22287629441566,
                            40.778295621803395
                        ],
                        [
                            -119.22287848378132,
                            40.778287858879004
                        ],
                        [
                            -119.22287911660752,
                            40.77827981799298
                        ],
                        [
                            -119.22287816857508,
                            40.77827180815206
                        ],
                        [
                            -119.22287567611639,
                            40.77826413716994
                        ],
                        [
                            -119.22287173501522,
                            40.77825709983816
                        ],
                        [
                            -119.22286649672589,
                            40.778250966597426
                        ],
                        [
                            -119.2228601625529,
                            40.778245973144756
                        ],
                        [
                            -119.22285297591498,
                            40.77824231137572
                        ],
                        [
                            -119.22284521299059,
                            40.778240122010054
                        ],
                        [
                            -119.22283717210458,
                            40.77823948918386
                        ],
                        [
                            -119.22282916226365,
                            40.77824043721628
                        ],
                        [
                            -119.22282149128154,
                            40.778242929674974
                        ],
                        [
                            -119.2210480079156,
                            40.77901866858494
                        ],
                        [
                            -119.22059604100747,
                            40.77845492253629
                        ],
                        [
                            -119.22059478498899,
                            40.77845342982048
                        ],
                        [
                            -119.22008967101891,
                            40.77788123113519
                        ],
                        [
                            -119.22008837836778,
                            40.77787983336491
                        ],
                        [
                            -119.21994251315445,
                            40.77772925025238
                        ],
                        [
                            -119.21929839677804,
                            40.77464986905414
                        ],
                        [
                            -119.22027583568675,
                            40.77390967414711
                        ],
                        [
                            -119.22028175750489,
                            40.77390419798177
                        ],
                        [
                            -119.22028649719012,
                            40.77389767175
                        ],
                        [
                            -119.22028987259894,
                            40.77389034625123
                        ],
                        [
                            -119.22029175401633,
                            40.773882503000266
                        ],
                        [
                            -119.22029206914044,
                            40.77387444340885
                        ],
                        [
                            -119.22029080586125,
                            40.77386647720255
                        ],
                        [
                            -119.22028801272587,
                            40.77385891051822
                        ],
                        [
                            -119.22028379707292,
                            40.77385203413929
                        ],
                        [
                            -119.22027832090758,
                            40.77384611232114
                        ],
                        [
                            -119.22027179467581,
                            40.77384137263593
                        ],
                        [
                            -119.22026446917704,
                            40.7738379972271
                        ],
                        [
                            -119.22025662592607,
                            40.773836115809715
                        ],
                        [
                            -119.22024856633466,
                            40.77383580068559
                        ],
                        [
                            -119.22024060012836,
                            40.77383706396478
                        ],
                        [
                            -119.22023303344403,
                            40.773839857100164
                        ],
                        [
                            -119.2202261570651,
                            40.773844072753114
                        ],
                        [
                            -119.2192411959765,
                            40.774589964056304
                        ],
                        [
                            -119.21514013246242,
                            40.77409789866566
                        ],
                        [
                            -119.21496219185299,
                            40.773999123184275
                        ],
                        [
                            -119.2149607951128,
                            40.77399838258747
                        ],
                        [
                            -119.21420504480857,
                            40.77361607668651
                        ],
                        [
                            -119.21420364879519,
                            40.77361540321312
                        ],
                        [
                            -119.21347330540331,
                            40.773279874849884
                        ],
                        [
                            -119.21448255581738,
                            40.77195566520829
                        ],
                        [
                            -119.21448679269656,
                            40.771948801887525
                        ],
                        [
                            -119.21448960919786,
                            40.771941243869435
                        ],
                        [
                            -119.21449089708467,
                            40.77193328160439
                        ],
                        [
                            -119.21449060686425,
                            40.77192522107779
                        ],
                        [
                            -119.21448874968961,
                            40.771917372051135
                        ],
                        [
                            -119.21448539693091,
                            40.771910036158125
                        ],
                        [
                            -119.2144806774328,
                            40.77190349531302
                        ],
                        [
                            -119.21447477256297,
                            40.771898000876824
                        ],
                        [
                            -119.2144679092422,
                            40.77189376399764
                        ],
                        [
                            -119.2144603512241,
                            40.77189094749636
                        ],
                        [
                            -119.21445238895906,
                            40.77188965960954
                        ],
                        [
                            -119.21444432843246,
                            40.771889949829955
                        ],
                        [
                            -119.2144364794058,
                            40.7718918070046
                        ],
                        [
                            -119.2144291435128,
                            40.7718951597633
                        ],
                        [
                            -119.2144226026677,
                            40.7718998792614
                        ],
                        [
                            -119.2144171082315,
                            40.77190578413124
                        ],
                        [
                            -119.2133959272829,
                            40.773245647498264
                        ],
                        [
                            -119.21262835465491,
                            40.77292683062018
                        ],
                        [
                            -119.2126269636995,
                            40.772926282292275
                        ],
                        [
                            -119.21181180860333,
                            40.77262193382012
                        ],
                        [
                            -119.21181042129136,
                            40.77262144392844
                        ],
                        [
                            -119.21097851920156,
                            40.77234430637991
                        ],
                        [
                            -119.21097713589444,
                            40.772343872470685
                        ],
                        [
                            -119.21013006955194,
                            40.77209447304927
                        ],
                        [
                            -119.2101286903764,
                            40.77209409290922
                        ],
                        [
                            -119.20926807131214,
                            40.77187290604607
                        ],
                        [
                            -119.20926669619651,
                            40.77187257770765
                        ],
                        [
                            -119.20842324621067,
                            40.77168644262468
                        ],
                        [
                            -119.20775501534946,
                            40.764382715564984
                        ],
                        [
                            -119.20775349671433,
                            40.764374794071166
                        ],
                        [
                            -119.20775046185257,
                            40.76436732105764
                        ],
                        [
                            -119.20774602739222,
                            40.76436058370813
                        ],
                        [
                            -119.20774036374709,
                            40.764354840935205
                        ],
                        [
                            -119.20773368856788,
                            40.7643503134304
                        ],
                        [
                            -119.20772625837802,
                            40.76434717518319
                        ],
                        [
                            -119.20771835871551,
                            40.76434554679466
                        ],
                        [
                            -119.20771029315995,
                            40.76434549084286
                        ],
                        [
                            -119.20770237166613,
                            40.76434700947798
                        ],
                        [
                            -119.2076948986526,
                            40.76435004433974
                        ],
                        [
                            -119.2076881613031,
                            40.7643544788001
                        ],
                        [
                            -119.20768241853017,
                            40.76436014244523
                        ],
                        [
                            -119.20767789102537,
                            40.76436681762442
                        ],
                        [
                            -119.20767475277816,
                            40.76437424781429
                        ],
                        [
                            -119.20767312438961,
                            40.7643821474768
                        ],
                        [
                            -119.20767306843781,
                            40.764390213032364
                        ],
                        [
                            -119.20833909039996,
                            40.771669796945126
                        ],
                        [
                            -119.20751000027131,
                            40.77151619196058
                        ],
                        [
                            -119.20750863242604,
                            40.77151596231638
                        ],
                        [
                            -119.20661726608807,
                            40.77138171909383
                        ],
                        [
                            -119.20661590120581,
                            40.77138153683929
                        ],
                        [
                            -119.20571765426523,
                            40.771276859699704
                        ],
                        [
                            -119.2057162917739,
                            40.77127672385956
                        ],
                        [
                            -119.20481287292068,
                            40.7712018119217
                        ],
                        [
                            -119.20481151218262,
                            40.7712017217662
                        ],
                        [
                            -119.20390463992403,
                            40.77115671752832
                        ],
                        [
                            -119.20390328025589,
                            40.77115667257184
                        ],
                        [
                            -119.20299467965431,
                            40.77114166164127
                        ],
                        [
                            -119.20299405699876,
                            40.77114166164127
                        ],
                        [
                            -119.20299400000003,
                            40.77114165602739
                        ],
                        [
                            -119.2029939430013,
                            40.77114166164127
                        ],
                        [
                            -119.20299332034575,
                            40.77114166164127
                        ],
                        [
                            -119.20208471974416,
                            40.77115667257184
                        ],
                        [
                            -119.20208336007602,
                            40.77115671752832
                        ],
                        [
                            -119.20117648781742,
                            40.7712017217662
                        ],
                        [
                            -119.20117512707935,
                            40.7712018119217
                        ],
                        [
                            -119.20027170822614,
                            40.77127672385956
                        ],
                        [
                            -119.20027034573481,
                            40.771276859699704
                        ],
                        [
                            -119.19937209879426,
                            40.77138153683929
                        ],
                        [
                            -119.19937073391199,
                            40.77138171909383
                        ],
                        [
                            -119.19847936757401,
                            40.77151596231638
                        ],
                        [
                            -119.19847799972874,
                            40.77151619196058
                        ],
                        [
                            -119.19759520962243,
                            40.77167974590478
                        ],
                        [
                            -119.19759383832915,
                            40.77168002416085
                        ],
                        [
                            -119.19672130380353,
                            40.77187257770765
                        ],
                        [
                            -119.1967199286879,
                            40.77187290604607
                        ],
                        [
                            -119.19585930962366,
                            40.77209409290922
                        ],
                        [
                            -119.19585793044811,
                            40.77209447304927
                        ],
                        [
                            -119.19501086410561,
                            40.772343872470685
                        ],
                        [
                            -119.19500948079849,
                            40.77234430637991
                        ],
                        [
                            -119.19417757870868,
                            40.77262144392844
                        ],
                        [
                            -119.1941761913967,
                            40.77262193382012
                        ],
                        [
                            -119.19336103630053,
                            40.772926282292275
                        ],
                        [
                            -119.19335964534513,
                            40.77292683062018
                        ],
                        [
                            -119.1925627881868,
                            40.77325781104109
                        ],
                        [
                            -119.19256139422441,
                            40.77325842049044
                        ],
                        [
                            -119.19178435120486,
                            40.77361540321312
                        ],
                        [
                            -119.19178295519148,
                            40.77361607668651
                        ],
                        [
                            -119.19102720488723,
                            40.77399838258747
                        ],
                        [
                            -119.19102580814705,
                            40.773999123184275
                        ],
                        [
                            -119.19029278870015,
                            40.774406024953116
                        ],
                        [
                            -119.19029139297807,
                            40.774406835940795
                        ],
                        [
                            -119.18958249936185,
                            40.774837559461396
                        ],
                        [
                            -119.18958110687919,
                            40.774838444236785
                        ],
                        [
                            -119.18889768824577,
                            40.77529217005756
                        ],
                        [
                            -119.18889630175786,
                            40.77529313209615
                        ],
                        [
                            -119.18823965887208,
                            40.77576899698638
                        ],
                        [
                            -119.1882382817263,
                            40.775770039777626
                        ],
                        [
                            -119.18760966449078,
                            40.77626713836717
                        ],
                        [
                            -119.1876083006824,
                            40.77626826533371
                        ],
                        [
                            -119.18700890575873,
                            40.776785651832945
                        ],
                        [
                            -119.18700755998132,
                            40.77678686623222
                        ],
                        [
                            -119.18643852851179,
                            40.77732355622881
                        ],
                        [
                            -119.18643720619824,
                            40.77732486103567
                        ],
                        [
                            -119.18589962163227,
                            40.77787983336491
                        ],
                        [
                            -119.18589832898114,
                            40.77788123113519
                        ],
                        [
                            -119.18539321501106,
                            40.77845342982048
                        ],
                        [
                            -119.18539195899258,
                            40.77845492253629
                        ],
                        [
                            -119.18492027760205,
                            40.779043258795745
                        ],
                        [
                            -119.1849190659374,
                            40.779044847695275
                        ],
                        [
                            -119.18448171556655,
                            40.77964820201111
                        ],
                        [
                            -119.1844805566735,
                            40.77964988740771
                        ],
                        [
                            -119.18407837050464,
                            40.7802671116541
                        ],
                        [
                            -119.18407727340384,
                            40.7802688927518
                        ],
                        [
                            -119.18371101777018,
                            40.78089881237741
                        ],
                        [
                            -119.18370999194693,
                            40.78090068709293
                        ],
                        [
                            -119.1833803648683,
                            40.781542103353964
                        ],
                        [
                            -119.18337942008729,
                            40.78154406815718
                        ],
                        [
                            -119.18308704993503,
                            40.782195760396554
                        ],
                        [
                            -119.18308619600883,
                            40.78219781018386
                        ],
                        [
                            -119.18283164030275,
                            40.78285853815251
                        ],
                        [
                            -119.182830724188,
                            40.78286185392259
                        ],
                        [
                            -119.18282971245753,
                            40.78286514177876
                        ],
                        [
                            -119.18282965148781,
                            40.782865736435326
                        ],
                        [
                            -119.18282949229315,
                            40.782866312621735
                        ],
                        [
                            -119.18282924065593,
                            40.78286974340536
                        ],
                        [
                            -119.18282888979451,
                            40.7828731654651
                        ],
                        [
                            -119.18282894600803,
                            40.78287376059008
                        ],
                        [
                            -119.18282890228065,
                            40.782874356762605
                        ],
                        [
                            -119.18282932479124,
                            40.78287777071663
                        ],
                        [
                            -119.18282964828227,
                            40.78288119547216
                        ],
                        [
                            -119.1828298195188,
                            40.782881768195296
                        ],
                        [
                            -119.18282989293911,
                            40.78288236144329
                        ],
                        [
                            -119.18283097336068,
                            40.782885627371414
                        ],
                        [
                            -119.18283195877257,
                            40.78288892321126
                        ],
                        [
                            -119.18283223845157,
                            40.78288945152307
                        ],
                        [
                            -119.18283242619808,
                            40.7828900190484
                        ],
                        [
                            -119.18283412301065,
                            40.78289301144292
                        ],
                        [
                            -119.18283573247454,
                            40.78289605170973
                        ],
                        [
                            -119.18283610984811,
                            40.782896515307506
                        ],
                        [
                            -119.18283640470582,
                            40.78289703530047
                        ],
                        [
                            -119.1828386527018,
                            40.782899639165215
                        ],
                        [
                            -119.18284082436696,
                            40.782902307023356
                        ],
                        [
                            -119.18284128493285,
                            40.782902688091305
                        ],
                        [
                            -119.18284167557054,
                            40.78290314056886
                        ],
                        [
                            -119.1828443883606,
                            40.78290525583872
                        ],
                        [
                            -119.18284703877124,
                            40.782907448763964
                        ],
                        [
                            -119.18284756483018,
                            40.78290773265787
                        ],
                        [
                            -119.18284803623585,
                            40.782908100231545
                        ],
                        [
                            -119.1828511095692,
                            40.782909645618055
                        ],
                        [
                            -119.18285413687133,
                            40.78291127933733
                        ],
                        [
                            -119.1828547082071,
                            40.78291145514727
                        ],
                        [
                            -119.18285524226495,
                            40.782911723691456
                        ],
                        [
                            -119.18285855803502,
                            40.782912639806206
                        ],
                        [
                            -119.1828618458912,
                            40.782913651536674
                        ],
                        [
                            -119.18354367762129,
                            40.78305211204753
                        ],
                        [
                            -119.18417306335603,
                            40.78317991820338
                        ],
                        [
                            -119.18515211253951,
                            40.78337872096059
                        ],
                        [
                            -119.18611368441675,
                            40.7835739656165
                        ],
                        [
                            -119.18711022863297,
                            40.783776301680845
                        ],
                        [
                            -119.18878863226321,
                            40.78411705876066
                        ],
                        [
                            -119.18976770907895,
                            40.78431582250966
                        ],
                        [
                            -119.19074679175483,
                            40.78451457798372
                        ],
                        [
                            -119.19172588029076,
                            40.78471332518276
                        ],
                        [
                            -119.19270497479353,
                            40.78491206412837
                        ],
                        [
                            -119.1942435629518,
                            40.78522435131281
                        ],
                        [
                            -119.19424415865794,
                            40.78522441233152
                        ],
                        [
                            -119.19424473587922,
                            40.78522457171998
                        ],
                        [
                            -119.19424816566084,
                            40.785224822772385
                        ],
                        [
                            -119.19425158671824,
                            40.78522517319433
                        ],
                        [
                            -119.19425218288221,
                            40.78522511682407
                        ],
                        [
                            -119.19425278010749,
                            40.78522516053964
                        ],
                        [
                            -119.19425619296466,
                            40.78522473765094
                        ],
                        [
                            -119.19425961665138,
                            40.78522441392443
                        ],
                        [
                            -119.19426019036294,
                            40.785224242331495
                        ],
                        [
                            -119.19426078464119,
                            40.78522416869421
                        ],
                        [
                            -119.1942640494197,
                            40.78522308811582
                        ],
                        [
                            -119.1942673441654,
                            40.78522210268146
                        ],
                        [
                            -119.19426787337716,
                            40.785221822460045
                        ],
                        [
                            -119.19426844187056,
                            40.78522163429975
                        ],
                        [
                            -119.19427143310692,
                            40.78521993755767
                        ],
                        [
                            -119.19427447229626,
                            40.78521832828517
                        ],
                        [
                            -119.19427493667087,
                            40.78521795020405
                        ],
                        [
                            -119.1942754575326,
                            40.78521765475163
                        ],
                        [
                            -119.19427806027535,
                            40.7852154070506
                        ],
                        [
                            -119.1942807271139,
                            40.785213235783495
                        ],
                        [
                            -119.19428110880568,
                            40.78521277437215
                        ],
                        [
                            -119.19428156201934,
                            40.78521238298164
                        ],
                        [
                            -119.19428367624639,
                            40.785209670699636
                        ],
                        [
                            -119.1942858682492,
                            40.78520702087843
                        ],
                        [
                            -119.19428615259001,
                            40.78520649386855
                        ],
                        [
                            -119.19428652073876,
                            40.785206021580954
                        ],
                        [
                            -119.19428806520146,
                            40.78520294894967
                        ],
                        [
                            -119.19428969813119,
                            40.78519992240528
                        ],
                        [
                            -119.19428987419394,
                            40.78519935004961
                        ],
                        [
                            -119.19429014313008,
                            40.78519881501463
                        ],
                        [
                            -119.19440027944326,
                            40.78491281741494
                        ],
                        [
                            -119.19452634354732,
                            40.784631715649006
                        ],
                        [
                            -119.19466850915705,
                            40.78435498876445
                        ],
                        [
                            -119.19482651342992,
                            40.78408316280506
                        ],
                        [
                            -119.19500006307607,
                            40.78381675582047
                        ],
                        [
                            -119.19518883472644,
                            40.783556276731844
                        ],
                        [
                            -119.19539247540533,
                            40.78330222418969
                        ],
                        [
                            -119.19561060310309,
                            40.783055085443806
                        ],
                        [
                            -119.19584280744618,
                            40.782815335232904
                        ],
                        [
                            -119.19608865045589,
                            40.78258343470882
                        ],
                        [
                            -119.1963476673882,
                            40.78235983040032
                        ],
                        [
                            -119.19659506991732,
                            40.78216416935322
                        ],
                        [
                            -119.20244943991646,
                            40.78659725428211
                        ],
                        [
                            -119.2024393323557,
                            40.78660560587607
                        ],
                        [
                            -119.20240087854548,
                            40.78664354904123
                        ],
                        [
                            -119.2023669386837,
                            40.78668388536824
                        ],
                        [
                            -119.20233777107822,
                            40.7867263078774
                        ],
                        [
                            -119.20231359771896,
                            40.786770493711465
                        ],
                        [
                            -119.20229460258811,
                            40.786816106592724
                        ],
                        [
                            -119.20228093025986,
                            40.786862799382206
                        ],
                        [
                            -119.2022726847996,
                            40.78691021672147
                        ],
                        [
                            -119.20226992897176,
                            40.78695799773709
                        ],
                        [
                            -119.2022726837616,
                            40.787005778787105
                        ],
                        [
                            -119.20228092821543,
                            40.78705319622845
                        ],
                        [
                            -119.20229459959936,
                            40.78709988918463
                        ],
                        [
                            -119.20231359387671,
                            40.787145502292134
                        ],
                        [
                            -119.20233776649923,
                            40.78718968840512
                        ],
                        [
                            -119.20236693350705,
                            40.787232111237394
                        ],
                        [
                            -119.20240087292848,
                            40.78727244792191
                        ],
                        [
                            -119.20243932646902,
                            40.787310391468075
                        ],
                        [
                            -119.2024493840481,
                            40.78731870187384
                        ],
                        [
                            -119.19656875405117,
                            40.79177069690781
                        ],
                        [
                            -119.19656283147057,
                            40.79177617224853
                        ],
                        [
                            -119.19655809087668,
                            40.79178269782028
                        ],
                        [
                            -119.19655471444787,
                            40.79179002284898
                        ],
                        [
                            -119.19655283193839,
                            40.79179786583789
                        ],
                        [
                            -119.19655251569203,
                            40.79180592538536
                        ],
                        [
                            -119.19655377786198,
                            40.791813891767475
                        ],
                        [
                            -119.19655656994374,
                            40.79182145884066
                        ],
                        [
                            -119.19656078463917,
                            40.79182833580652
                        ],
                        [
                            -119.1965662599799,
                            40.79183425838712
                        ],
                        [
                            -119.19657278555164,
                            40.791838998981014
                        ],
                        [
                            -119.19658011058034,
                            40.79184237540983
                        ],
                        [
                            -119.19658795356926,
                            40.7918442579193
                        ],
                        [
                            -119.19659601311672,
                            40.79184457416565
                        ],
                        [
                            -119.19660397949885,
                            40.791843311995706
                        ],
                        [
                            -119.19661154657202,
                            40.79184051991395
                        ],
                        [
                            -119.19661842353788,
                            40.79183630521852
                        ],
                        [
                            -119.20251754355019,
                            40.78737031211688
                        ],
                        [
                            -119.20252857317115,
                            40.78737796444566
                        ],
                        [
                            -119.20257868711144,
                            40.78740707959697
                        ],
                        [
                            -119.20263196189752,
                            40.78743277696397
                        ],
                        [
                            -119.20268799207113,
                            40.7874548609701
                        ],
                        [
                            -119.202746351202,
                            40.78747316353906
                        ],
                        [
                            -119.2028065951335,
                            40.78748754537407
                        ],
                        [
                            -119.20286826536324,
                            40.78749789701812
                        ],
                        [
                            -119.20293089253275,
                            40.78750413968702
                        ],
                        [
                            -119.20299400000003,
                            40.78750622586916
                        ],
                        [
                            -119.2030571074673,
                            40.78750413968702
                        ],
                        [
                            -119.20311973463681,
                            40.78749789701812
                        ],
                        [
                            -119.20318140486656,
                            40.78748754537407
                        ],
                        [
                            -119.20324164879804,
                            40.78747316353906
                        ],
                        [
                            -119.2033000079289,
                            40.7874548609701
                        ],
                        [
                            -119.20335603810251,
                            40.78743277696397
                        ],
                        [
                            -119.2034093128886,
                            40.78740707959697
                        ],
                        [
                            -119.20345942682889,
                            40.78737796444566
                        ],
                        [
                            -119.20347046148947,
                            40.787370308620396
                        ],
                        [
                            -119.20932476655449,
                            40.79180228868804
                        ],
                        [
                            -119.20914341536178,
                            40.79193605850441
                        ],
                        [
                            -119.20885019121344,
                            40.79213422469053
                        ],
                        [
                            -119.20854577937062,
                            40.7923225476791
                        ],
                        [
                            -119.20823075940285,
                            40.79250066379243
                        ],
                        [
                            -119.20790573161429,
                            40.7926682290182
                        ],
                        [
                            -119.20757104068144,
                            40.7928250486309
                        ],
                        [
                            -119.20750357559135,
                            40.79285483896045
                        ],
                        [
                            -119.20722822088212,
                            40.7929704062365
                        ],
                        [
                            -119.20687688989513,
                            40.793104488479734
                        ],
                        [
                            -119.20651820575398,
                            40.79322682664136
                        ],
                        [
                            -119.20615278307972,
                            40.79333721145579
                        ],
                        [
                            -119.2057813202152,
                            40.79343542979692
                        ],
                        [
                            -119.2054042545346,
                            40.79352135418568
                        ],
                        [
                            -119.20532845787034,
                            40.79353700033111
                        ],
                        [
                            -119.20532577461391,
                            40.79353783547275
                        ],
                        [
                            -119.20532304630807,
                            40.79353850902577
                        ],
                        [
                            -119.20532193180705,
                            40.79353903151498
                        ],
                        [
                            -119.20532075652027,
                            40.79353939731339
                        ],
                        [
                            -119.20531828774998,
                            40.79354073988533
                        ],
                        [
                            -119.20531574327136,
                            40.793541932762324
                        ],
                        [
                            -119.20531475211772,
                            40.79354266264044
                        ],
                        [
                            -119.20531367077751,
                            40.793543250697184
                        ],
                        [
                            -119.20531151136679,
                            40.79354504910514
                        ],
                        [
                            -119.20530924849832,
                            40.79354671546452
                        ],
                        [
                            -119.20530841878158,
                            40.793547624682716
                        ],
                        [
                            -119.2053074729432,
                            40.793548412399126
                        ],
                        [
                            -119.20530570587685,
                            40.79355059753141
                        ],
                        [
                            -119.20530381157945,
                            40.7935526733358
                        ],
                        [
                            -119.2053031751852,
                            40.79355372695327
                        ],
                        [
                            -119.20530240119663,
                            40.7935546840579
                        ],
                        [
                            -119.20530109438212,
                            40.793557171941046
                        ],
                        [
                            -119.20529964145247,
                            40.793559577418506
                        ],
                        [
                            -119.2052992228369,
                            40.7935607349454
                        ],
                        [
                            -119.20529865044219,
                            40.79356182465718
                        ],
                        [
                            -119.20529785409968,
                            40.79356451968317
                        ],
                        [
                            -119.20529689837304,
                            40.79356716239261
                        ],
                        [
                            -119.20529671362335,
                            40.793568379345764
                        ],
                        [
                            -119.20529636481925,
                            40.79356955978775
                        ],
                        [
                            -119.20529610955172,
                            40.79357235838835
                        ],
                        [
                            -119.20529568775613,
                            40.79357513677183
                        ],
                        [
                            -119.20529574397214,
                            40.79357636638447
                        ],
                        [
                            -119.20529563216303,
                            40.79357759219286
                        ],
                        [
                            -119.2052959277803,
                            40.79358038681944
                        ],
                        [
                            -119.20529605612512,
                            40.79358319410522
                        ],
                        [
                            -119.20529635114646,
                            40.79358438912391
                        ],
                        [
                            -119.20529648062909,
                            40.7935856131917
                        ],
                        [
                            -119.20529731577076,
                            40.793588296448235
                        ],
                        [
                            -119.20529798932375,
                            40.79359102475398
                        ],
                        [
                            -119.20571036631472,
                            40.79475601620032
                        ],
                        [
                            -119.20597279558974,
                            40.795497373680384
                        ],
                        [
                            -119.20623523072591,
                            40.79623873056594
                        ],
                        [
                            -119.20649767172355,
                            40.7969800868569
                        ],
                        [
                            -119.20676011861855,
                            40.797721442654115
                        ],
                        [
                            -119.20721004112367,
                            40.79899233665189
                        ],
                        [
                            -119.20747719078145,
                            40.79974692918954
                        ],
                        [
                            -119.20773497252767,
                            40.80047504421935
                        ],
                        [
                            -119.20799744700665,
                            40.801216397061836
                        ],
                        [
                            -119.20816618371063,
                            40.8016929807579
                        ],
                        [
                            -119.20834898446853,
                            40.802209279279744
                        ],
                        [
                            -119.20834962549075,
                            40.80221064634721
                        ],
                        [
                            -119.20835009383325,
                            40.80221208176998
                        ],
                        [
                            -119.2083513337712,
                            40.80221428948864
                        ],
                        [
                            -119.20835240876276,
                            40.802216582054974
                        ],
                        [
                            -119.20835330416958,
                            40.80221779779741
                        ],
                        [
                            -119.20835404355007,
                            40.80221911426982
                        ],
                        [
                            -119.20835569036748,
                            40.802221037667834
                        ],
                        [
                            -119.20835719196091,
                            40.80222307646275
                        ],
                        [
                            -119.20835830734232,
                            40.80222409415983
                        ],
                        [
                            -119.20835928934686,
                            40.802225241090625
                        ],
                        [
                            -119.2083612797575,
                            40.802226806252975
                        ],
                        [
                            -119.20836315024737,
                            40.802228512926646
                        ],
                        [
                            -119.20836444273989,
                            40.802229293468855
                        ],
                        [
                            -119.20836562963058,
                            40.8022302267821
                        ],
                        [
                            -119.20836788714404,
                            40.80223137356043
                        ],
                        [
                            -119.2083700546485,
                            40.80223268252639
                        ],
                        [
                            -119.20837147458239,
                            40.80223319591792
                        ],
                        [
                            -119.20837282074767,
                            40.802233879746915
                        ],
                        [
                            -119.20837525860901,
                            40.8022345640712
                        ],
                        [
                            -119.20837763983207,
                            40.802235425026595
                        ],
                        [
                            -119.20837913264002,
                            40.80223565153809
                        ],
                        [
                            -119.20838058634754,
                            40.80223605960369
                        ],
                        [
                            -119.20838311087108,
                            40.80223625517572
                        ],
                        [
                            -119.2083856143037,
                            40.80223663503453
                        ],
                        [
                            -119.20838712261798,
                            40.80223656596128
                        ],
                        [
                            -119.20838862800257,
                            40.80223668258175
                        ],
                        [
                            -119.20839114217227,
                            40.802236381885805
                        ],
                        [
                            -119.20839367160893,
                            40.802236266050265
                        ],
                        [
                            -119.20839513746587,
                            40.80223590404672
                        ],
                        [
                            -119.20839663667643,
                            40.80223572474039
                        ],
                        [
                            -119.20926953535799,
                            40.80204308336759
                        ],
                        [
                            -119.20927091064398,
                            40.80204275497349
                        ],
                        [
                            -119.21013187225896,
                            40.80182146860332
                        ],
                        [
                            -119.21013325165251,
                            40.80182108838044
                        ],
                        [
                            -119.21098063633347,
                            40.801571578528296
                        ],
                        [
                            -119.21098201990996,
                            40.80157114450162
                        ],
                        [
                            -119.21181421370316,
                            40.801293886439105
                        ],
                        [
                            -119.21181560133843,
                            40.801293396387074
                        ],
                        [
                            -119.21263101928301,
                            40.80098891823484
                        ],
                        [
                            -119.21263241061696,
                            40.800988369694736
                        ],
                        [
                            -119.21342949976821,
                            40.80065725141461
                        ],
                        [
                            -119.21343089416423,
                            40.80065664169169
                        ],
                        [
                            -119.21420813655561,
                            40.80029951397986
                        ],
                        [
                            -119.21420953305581,
                            40.80029884016165
                        ],
                        [
                            -119.2149654485934,
                            40.79991638324505
                        ],
                        [
                            -119.21496684586978,
                            40.79991564222214
                        ],
                        [
                            -119.2156999951541,
                            40.7995085845605
                        ],
                        [
                            -119.21570139145581,
                            40.79950777305551
                        ],
                        [
                            -119.21641037852537,
                            40.799076889951365
                        ],
                        [
                            -119.21641177162283,
                            40.799076004558025
                        ],
                        [
                            -119.21709524661426,
                            40.79862211667753
                        ],
                        [
                            -119.2170966337414,
                            40.79862115391182
                        ],
                        [
                            -119.21775329546094,
                            40.798145125719024
                        ],
                        [
                            -119.21775467325699,
                            40.79814408208437
                        ],
                        [
                            -119.21838327165868,
                            40.797646820192256
                        ],
                        [
                            -119.21838463611243,
                            40.79764569226088
                        ],
                        [
                            -119.21898397467803,
                            40.79712814370192
                        ],
                        [
                            -119.21898532107737,
                            40.79712692821392
                        ],
                        [
                            -119.21955425909351,
                            40.79659007863382
                        ],
                        [
                            -119.21955558198471,
                            40.796588772615216
                        ],
                        [
                            -119.22009303671314,
                            40.79603364439317
                        ],
                        [
                            -119.22009432987488,
                            40.796032245293055
                        ],
                        [
                            -119.22059927861153,
                            40.79545989559215
                        ],
                        [
                            -119.2206005350495,
                            40.795458401438125
                        ],
                        [
                            -119.22107201706821,
                            40.794869920189534
                        ],
                        [
                            -119.22107322903675,
                            40.79486832975845
                        ],
                        [
                            -119.22151034741465,
                            40.794264837583434
                        ],
                        [
                            -119.22151150647207,
                            40.79426315058282
                        ],
                        [
                            -119.22191342979252,
                            40.79364579665638
                        ],
                        [
                            -119.22191452689617,
                            40.793644013909024
                        ],
                        [
                            -119.22228049082638,
                            40.79301397376944
                        ],
                        [
                            -119.22228151647238,
                            40.79301209739127
                        ],
                        [
                            -119.22261082521256,
                            40.79237057069953
                        ],
                        [
                            -119.22261176962255,
                            40.792368604258535
                        ],
                        [
                            -119.22290379722412,
                            40.791716812512156
                        ],
                        [
                            -119.22290465057827,
                            40.7917147611539
                        ],
                        [
                            -119.22315884212844,
                            40.79105394535926
                        ],
                        [
                            -119.22315959483943,
                            40.791051815884295
                        ],
                        [
                            -119.22337546751002,
                            40.79038323419225
                        ],
                        [
                            -119.2233761105281,
                            40.7903810350709
                        ],
                        [
                            -119.22355325448682,
                            40.7897059603798
                        ],
                        [
                            -119.22355377962047,
                            40.78970370169291
                        ],
                        [
                            -119.22369185880255,
                            40.78902341922405
                        ],
                        [
                            -119.22369225903589,
                            40.78902111252264
                        ],
                        [
                            -119.22379101177529,
                            40.788336917372334
                        ],
                        [
                            -119.22379128155958,
                            40.78833457545552
                        ],
                        [
                            -119.22385052107809,
                            40.787647770128764
                        ],
                        [
                            -119.22385065657524,
                            40.78764540674705
                        ],
                        [
                            -119.22387027132878,
                            40.7869572986774
                        ],
                        [
                            -119.22387027101341,
                            40.786956292165854
                        ],
                        [
                            -119.22387028803406,
                            40.786956119038386
                        ]
                    ],
                    [
                        [
                            -119.22378680909307,
                            40.7869972783866
                        ],
                        [
                            -119.22376843455203,
                            40.787641878378125
                        ],
                        [
                            -119.22370939812357,
                            40.788326329139274
                        ],
                        [
                            -119.22361447630519,
                            40.7889839822655
                        ],
                        [
                            -119.22299646918128,
                            40.7889224914851
                        ],
                        [
                            -119.22308770029707,
                            40.7882904551674
                        ],
                        [
                            -119.22308797010498,
                            40.78828811326064
                        ],
                        [
                            -119.22314520938411,
                            40.78762457970421
                        ],
                        [
                            -119.22314534490603,
                            40.787622216327605
                        ],
                        [
                            -119.2231631624698,
                            40.7869973886543
                        ],
                        [
                            -119.22378680909307,
                            40.7869972783866
                        ]
                    ],
                    [
                        [
                            -119.2237867829759,
                            40.7869149892148
                        ],
                        [
                            -119.22316313784961,
                            40.786915099482236
                        ],
                        [
                            -119.22314494156082,
                            40.78629026770033
                        ],
                        [
                            -119.22314480462639,
                            40.78628790461727
                        ],
                        [
                            -119.2230871657839,
                            40.78562439097504
                        ],
                        [
                            -119.22308689463016,
                            40.7856220496441
                        ],
                        [
                            -119.22299528856072,
                            40.78499005357576
                        ],
                        [
                            -119.22361321297036,
                            40.78492834687294
                        ],
                        [
                            -119.22370854159311,
                            40.785585977143285
                        ],
                        [
                            -119.22376800466861,
                            40.786270407020474
                        ],
                        [
                            -119.2237867829759,
                            40.7869149892148
                        ]
                    ],
                    [
                        [
                            -119.22360489972182,
                            40.789038159744074
                        ],
                        [
                            -119.22347336561573,
                            40.78968619621912
                        ],
                        [
                            -119.22329680694341,
                            40.79035904045292
                        ],
                        [
                            -119.22309258251946,
                            40.790991546228405
                        ],
                        [
                            -119.22249174755729,
                            40.79086976854158
                        ],
                        [
                            -119.22268616278443,
                            40.790267662196634
                        ],
                        [
                            -119.22268680581885,
                            40.79026546309734
                        ],
                        [
                            -119.22285795403775,
                            40.78961326337547
                        ],
                        [
                            -119.22285847919068,
                            40.78961100470726
                        ],
                        [
                            -119.22298723221924,
                            40.78897670275549
                        ],
                        [
                            -119.22360489972182,
                            40.789038159744074
                        ]
                    ],
                    [
                        [
                            -119.22360360300144,
                            40.78487417422832
                        ],
                        [
                            -119.22298602033679,
                            40.78493584680406
                        ],
                        [
                            -119.22285689446788,
                            40.78430157984081
                        ],
                        [
                            -119.22285636821665,
                            40.784299322238994
                        ],
                        [
                            -119.22268484766396,
                            40.78364718090264
                        ],
                        [
                            -119.22268420369834,
                            40.78364498306243
                        ],
                        [
                            -119.22248945660326,
                            40.78304294657825
                        ],
                        [
                            -119.2230901321134,
                            40.78292096657303
                        ],
                        [
                            -119.22329472178596,
                            40.783553409985295
                        ],
                        [
                            -119.22347167831215,
                            40.78422619287359
                        ],
                        [
                            -119.22360360300144,
                            40.78487417422832
                        ]
                    ],
                    [
                        [
                            -119.2230808394363,
                            40.786997402961816
                        ],
                        [
                            -119.22306312292024,
                            40.78761868708743
                        ],
                        [
                            -119.22300608675546,
                            40.78827986608606
                        ],
                        [
                            -119.2229145043814,
                            40.78891433587156
                        ],
                        [
                            -119.22235034252198,
                            40.78885819922301
                        ],
                        [
                            -119.22243849057534,
                            40.78824756318824
                        ],
                        [
                            -119.22243876040505,
                            40.78824522129077
                        ],
                        [
                            -119.22249415287307,
                            40.7876031693469
                        ],
                        [
                            -119.22249428841786,
                            40.78760080597501
                        ],
                        [
                            -119.22251149817886,
                            40.78699750029146
                        ],
                        [
                            -119.2230808394363,
                            40.786997402961816
                        ]
                    ],
                    [
                        [
                            -119.22308081420442,
                            40.786915113789796
                        ],
                        [
                            -119.22251147435605,
                            40.7869152111192
                        ],
                        [
                            -119.22249391074334,
                            40.78631190124074
                        ],
                        [
                            -119.22249377383177,
                            40.786309538152885
                        ],
                        [
                            -119.22243800725259,
                            40.785667504854686
                        ],
                        [
                            -119.22243773612061,
                            40.78566516351439
                        ],
                        [
                            -119.22234923757954,
                            40.7850545654031
                        ],
                        [
                            -119.22291332578816,
                            40.78499823824147
                        ],
                        [
                            -119.22300528738171,
                            40.78563268709324
                        ],
                        [
                            -119.22306272172372,
                            40.786293846613596
                        ],
                        [
                            -119.22308081420442,
                            40.786915113789796
                        ]
                    ],
                    [
                        [
                            -119.2230645646946,
                            40.791069829917696
                        ],
                        [
                            -119.22282824654397,
                            40.791684180655906
                        ],
                        [
                            -119.22253711945343,
                            40.79233396250436
                        ],
                        [
                            -119.22221778385261,
                            40.7929560605132
                        ],
                        [
                            -119.22164511615601,
                            40.79277658655778
                        ],
                        [
                            -119.22194732501121,
                            40.79218786454435
                        ],
                        [
                            -119.22194826942753,
                            40.792185898131095
                        ],
                        [
                            -119.22223040769894,
                            40.791556193049686
                        ],
                        [
                            -119.2222312610628,
                            40.791554141718045
                        ],
                        [
                            -119.2224643585718,
                            40.79094817968452
                        ],
                        [
                            -119.2230645646946,
                            40.791069829917696
                        ]
                    ],
                    [
                        [
                            -119.2230620712936,
                            40.78284269616809
                        ],
                        [
                            -119.22246202648378,
                            40.782964548096125
                        ],
                        [
                            -119.22222860385888,
                            40.78235865737465
                        ],
                        [
                            -119.22222774994236,
                            40.78235660756072
                        ],
                        [
                            -119.22194529194066,
                            40.781726995357246
                        ],
                        [
                            -119.2219443471659,
                            40.78172503052628
                        ],
                        [
                            -119.22164185608601,
                            40.781136406446144
                        ],
                        [
                            -119.222214300281,
                            40.78095675134087
                        ],
                        [
                            -119.2225339466179,
                            40.78157874623013
                        ],
                        [
                            -119.22282541578664,
                            40.78222843017976
                        ],
                        [
                            -119.2230620712936,
                            40.78284269616809
                        ]
                    ],
                    [
                        [
                            -119.22290492723185,
                            40.78896851326889
                        ],
                        [
                            -119.22277806536125,
                            40.78959349842868
                        ],
                        [
                            -119.22260750244659,
                            40.79024346771388
                        ],
                        [
                            -119.22241058658912,
                            40.790853318541664
                        ],
                        [
                            -119.22186221529792,
                            40.79074217068227
                        ],
                        [
                            -119.222049883629,
                            40.79016097671397
                        ],
                        [
                            -119.22205052667852,
                            40.79015877763504
                        ],
                        [
                            -119.22221613996169,
                            40.789527693205805
                        ],
                        [
                            -119.22221666513242,
                            40.789525434554825
                        ],
                        [
                            -119.22234110505356,
                            40.78891241042014
                        ],
                        [
                            -119.22290492723185,
                            40.78896851326889
                        ]
                    ],
                    [
                        [
                            -119.22290371638508,
                            40.78494406551535
                        ],
                        [
                            -119.22233996986175,
                            40.78500035855791
                        ],
                        [
                            -119.22221518120895,
                            40.78438736683135
                        ],
                        [
                            -119.22221465497547,
                            40.784385109212245
                        ],
                        [
                            -119.22204869307623,
                            40.783754079449366
                        ],
                        [
                            -119.22204804912568,
                            40.783751881588756
                        ],
                        [
                            -119.22186007087295,
                            40.78317075302537
                        ],
                        [
                            -119.2224083002245,
                            40.78305942688294
                        ],
                        [
                            -119.22260555641408,
                            40.7836692199215
                        ],
                        [
                            -119.22277649064343,
                            40.78431913198744
                        ],
                        [
                            -119.22290371638508,
                            40.78494406551535
                        ]
                    ],
                    [
                        [
                            -119.2224291751376,
                            40.78699751406034
                        ],
                        [
                            -119.2224120664666,
                            40.78759727593087
                        ],
                        [
                            -119.2223568771354,
                            40.788236973323855
                        ],
                        [
                            -119.22226837776532,
                            40.7888500430669
                        ],
                        [
                            -119.22134525910639,
                            40.788758181792
                        ],
                        [
                            -119.22142861045307,
                            40.78818083509997
                        ],
                        [
                            -119.2214288803167,
                            40.788178493216954
                        ],
                        [
                            -119.22148139913494,
                            40.78756985707366
                        ],
                        [
                            -119.22148153471531,
                            40.787567493709105
                        ],
                        [
                            -119.22149779816874,
                            40.78699766658568
                        ],
                        [
                            -119.2224291751376,
                            40.78699751406034
                        ]
                    ],
                    [
                        [
                            -119.22242915071853,
                            40.786915224888105
                        ],
                        [
                            -119.22149777558185,
                            40.78691537741314
                        ],
                        [
                            -119.22148119529535,
                            40.78634554614232
                        ],
                        [
                            -119.22148105841934,
                            40.78634318304702
                        ],
                        [
                            -119.22142820341757,
                            40.785734563659105
                        ],
                        [
                            -119.22142793231947,
                            40.78573222230426
                        ],
                        [
                            -119.22134426688011,
                            40.78515490989076
                        ],
                        [
                            -119.22226727476362,
                            40.78506274952623
                        ],
                        [
                            -119.22235612877006,
                            40.785675800180485
                        ],
                        [
                            -119.22241169087121,
                            40.78631547935011
                        ],
                        [
                            -119.22242915071853,
                            40.786915224888105
                        ]
                    ],
                    [
                        [
                            -119.22238256803455,
                            40.79093160200751
                        ],
                        [
                            -119.22215485729669,
                            40.79152356055038
                        ],
                        [
                            -119.22187361954421,
                            40.79215125576138
                        ],
                        [
                            -119.22156543701433,
                            40.79275161487189
                        ],
                        [
                            -119.22104295326147,
                            40.79258786475673
                        ],
                        [
                            -119.22133486652795,
                            40.792019209335685
                        ],
                        [
                            -119.2213358109501,
                            40.79201724294804
                        ],
                        [
                            -119.22160882025973,
                            40.7914079254561
                        ],
                        [
                            -119.22160967363256,
                            40.79140587414901
                        ],
                        [
                            -119.2218348256465,
                            40.79082058161876
                        ],
                        [
                            -119.22238256803455,
                            40.79093160200751
                        ]
                    ],
                    [
                        [
                            -119.2223802401336,
                            40.78298115625435
                        ],
                        [
                            -119.22183264141874,
                            40.783092354336596
                        ],
                        [
                            -119.22160718545815,
                            40.7825071282323
                        ],
                        [
                            -119.22160633155056,
                            40.7825050783938
                        ],
                        [
                            -119.22133302287749,
                            40.78189584786345
                        ],
                        [
                            -119.22133207810852,
                            40.78189388300687
                        ],
                        [
                            -119.22103990106869,
                            40.78132531913256
                        ],
                        [
                            -119.2215621860488,
                            40.781161409725044
                        ],
                        [
                            -119.22187065835986,
                            40.78176167281516
                        ],
                        [
                            -119.22215221538616,
                            40.78238927670198
                        ],
                        [
                            -119.2223802401336,
                            40.78298115625435
                        ]
                    ],
                    [
                        [
                            -119.22225880009874,
                            40.788904220382214
                        ],
                        [
                            -119.22213625146475,
                            40.789507927533634
                        ],
                        [
                            -119.22197122350236,
                            40.790136781544895
                        ],
                        [
                            -119.22178105442592,
                            40.790725720123675
                        ],
                        [
                            -119.2208829477328,
                            40.790543678233064
                        ],
                        [
                            -119.22106012011798,
                            40.78999501457208
                        ],
                        [
                            -119.22106076319098,
                            40.78999281552482
                        ],
                        [
                            -119.22121776579799,
                            40.789394576984954
                        ],
                        [
                            -119.2212182909964,
                            40.7893923183608
                        ],
                        [
                            -119.2213360208535,
                            40.78881239288301
                        ],
                        [
                            -119.22225880009874,
                            40.788904220382214
                        ]
                    ],
                    [
                        [
                            -119.22225766587727,
                            40.78500857671785
                        ],
                        [
                            -119.22133499994644,
                            40.785100702939125
                        ],
                        [
                            -119.22121695728887,
                            40.78452080619545
                        ],
                        [
                            -119.22121643108304,
                            40.78451854854946
                        ],
                        [
                            -119.2210591152028,
                            40.78392035913384
                        ],
                        [
                            -119.22105847127565,
                            40.783918161241495
                        ],
                        [
                            -119.22088102155986,
                            40.783369556167294
                        ],
                        [
                            -119.22177891439776,
                            40.78318723277143
                        ],
                        [
                            -119.22196940163008,
                            40.78377611776241
                        ],
                        [
                            -119.22213477722235,
                            40.78440491823564
                        ],
                        [
                            -119.22225766587727,
                            40.78500857671785
                        ]
                    ],
                    [
                        [
                            -119.22219053312595,
                            40.793005010630935
                        ],
                        [
                            -119.22184389657775,
                            40.793601776927225
                        ],
                        [
                            -119.22144310303291,
                            40.79421739551916
                        ],
                        [
                            -119.22102601956446,
                            40.79479322719831
                        ],
                        [
                            -119.22049167320492,
                            40.794559780909125
                        ],
                        [
                            -119.2208840098414,
                            40.79401812204819
                        ],
                        [
                            -119.22088516889603,
                            40.794016435074774
                        ],
                        [
                            -119.22127347792211,
                            40.79342000143107
                        ],
                        [
                            -119.22127457502573,
                            40.79341821871167
                        ],
                        [
                            -119.22161869411005,
                            40.792825796383894
                        ],
                        [
                            -119.22219053312595,
                            40.793005010630935
                        ]
                    ],
                    [
                        [
                            -119.22218702764377,
                            40.78090781285366
                        ],
                        [
                            -119.22161541249851,
                            40.78108720777111
                        ],
                        [
                            -119.2212710276077,
                            40.78049489352464
                        ],
                        [
                            -119.22126993050685,
                            40.780493112399
                        ],
                        [
                            -119.22088137614307,
                            40.779896799796184
                        ],
                        [
                            -119.22088021724723,
                            40.77989511437243
                        ],
                        [
                            -119.2204876760317,
                            40.77935357034858
                        ],
                        [
                            -119.22102175303003,
                            40.779119969140254
                        ],
                        [
                            -119.22143905758182,
                            40.77969566889752
                        ],
                        [
                            -119.22184011406037,
                            40.78031115943867
                        ],
                        [
                            -119.22218702764377,
                            40.78090781285366
                        ]
                    ],
                    [
                        [
                            -119.22175303520982,
                            40.790804003362766
                        ],
                        [
                            -119.221533270114,
                            40.791375292363206
                        ],
                        [
                            -119.22126116133064,
                            40.79198260001006
                        ],
                        [
                            -119.22096327430239,
                            40.79256289249052
                        ],
                        [
                            -119.22010626227662,
                            40.792294291197614
                        ],
                        [
                            -119.22038215951633,
                            40.791756850352556
                        ],
                        [
                            -119.22038310394751,
                            40.79175488400475
                        ],
                        [
                            -119.2206419119832,
                            40.79117728034756
                        ],
                        [
                            -119.22064276536997,
                            40.79117522907868
                        ],
                        [
                            -119.22085555704227,
                            40.79062208887125
                        ],
                        [
                            -119.22175303520982,
                            40.790804003362766
                        ]
                    ],
                    [
                        [
                            -119.2217508549677,
                            40.783108961915865
                        ],
                        [
                            -119.2208535931438,
                            40.783291157179946
                        ],
                        [
                            -119.22064052909052,
                            40.78273807627401
                        ],
                        [
                            -119.22063967519681,
                            40.78273602639729
                        ],
                        [
                            -119.22038059814732,
                            40.78215850088548
                        ],
                        [
                            -119.22037965338734,
                            40.78215653598906
                        ],
                        [
                            -119.2201035197445,
                            40.781619177002916
                        ],
                        [
                            -119.22096023084856,
                            40.781350321831255
                        ],
                        [
                            -119.22125838903284,
                            40.781930524753804
                        ],
                        [
                            -119.22153079673785,
                            40.78253774694228
                        ],
                        [
                            -119.2217508549677,
                            40.783108961915865
                        ]
                    ],
                    [
                        [
                            -119.22153818591501,
                            40.792800564793986
                        ],
                        [
                            -119.2212039450087,
                            40.79337598122623
                        ],
                        [
                            -119.2208167657569,
                            40.79397067956288
                        ],
                        [
                            -119.22041448980396,
                            40.79452606061626
                        ],
                        [
                            -119.2199271883105,
                            40.79431316325959
                        ],
                        [
                            -119.22030585621316,
                            40.7937903816252
                        ],
                        [
                            -119.22030701526523,
                            40.79378869467688
                        ],
                        [
                            -119.22068275698213,
                            40.79321157193132
                        ],
                        [
                            -119.22068385408572,
                            40.79320978923773
                        ],
                        [
                            -119.22101653086702,
                            40.792637074400815
                        ],
                        [
                            -119.22153818591501,
                            40.792800564793986
                        ]
                    ],
                    [
                        [
                            -119.22153491378363,
                            40.781112471042206
                        ],
                        [
                            -119.22101345782916,
                            40.78127612027547
                        ],
                        [
                            -119.22068053237004,
                            40.780703506487356
                        ],
                        [
                            -119.22067943526912,
                            40.78070172533592
                        ],
                        [
                            -119.2203034638426,
                            40.78012471592093
                        ],
                        [
                            -119.22030230494417,
                            40.780123030472105
                        ],
                        [
                            -119.21992344587889,
                            40.77960035594011
                        ],
                        [
                            -119.22041050815437,
                            40.77938732273318
                        ],
                        [
                            -119.22081299009865,
                            40.77994258083859
                        ],
                        [
                            -119.22120041477076,
                            40.78053715970877
                        ],
                        [
                            -119.22153491378363,
                            40.781112471042206
                        ]
                    ],
                    [
                        [
                            -119.22141547511015,
                            40.786997679699944
                        ],
                        [
                            -119.22139931281781,
                            40.78756396241401
                        ],
                        [
                            -119.22134699717127,
                            40.78817024401749
                        ],
                        [
                            -119.2212632943905,
                            40.78875002497503
                        ],
                        [
                            -119.22035812654623,
                            40.788659941967055
                        ],
                        [
                            -119.2204367658801,
                            40.7881152900152
                        ],
                        [
                            -119.22043703577701,
                            40.78811294814637
                        ],
                        [
                            -119.22048673127411,
                            40.78753713104412
                        ],
                        [
                            -119.22048686688942,
                            40.78753476768678
                        ],
                        [
                            -119.22049558206606,
                            40.78722957186914
                        ],
                        [
                            -119.22052508038811,
                            40.78722663148002
                        ],
                        [
                            -119.22055591538432,
                            40.78722145567883
                        ],
                        [
                            -119.2205860372428,
                            40.787214264789604
                        ],
                        [
                            -119.22061521671554,
                            40.78720511353999
                        ],
                        [
                            -119.22064323172708,
                            40.78719407157731
                        ],
                        [
                            -119.22066986906457,
                            40.78718122293851
                        ],
                        [
                            -119.22069492600052,
                            40.78716666541048
                        ],
                        [
                            -119.22071821183572,
                            40.78715050978589
                        ],
                        [
                            -119.22073954935068,
                            40.78713287901991
                        ],
                        [
                            -119.22075877615428,
                            40.78711390729446
                        ],
                        [
                            -119.22077574591971,
                            40.78709373899689
                        ],
                        [
                            -119.22079032949804,
                            40.78707252762114
                        ],
                        [
                            -119.22080241590118,
                            40.78705043459951
                        ],
                        [
                            -119.22081191314633,
                            40.78702762807404
                        ],
                        [
                            -119.2208187489562,
                            40.787004281616795
                        ],
                        [
                            -119.22081988080376,
                            40.78699777207107
                        ],
                        [
                            -119.22141547511015,
                            40.786997679699944
                        ]
                    ],
                    [
                        [
                            -119.22141545196159,
                            40.78691539052741
                        ],
                        [
                            -119.22081986126307,
                            40.78691548289797
                        ],
                        [
                            -119.22081874844508,
                            40.78690908319366
                        ],
                        [
                            -119.22081191239914,
                            40.78688573677809
                        ],
                        [
                            -119.22080241494061,
                            40.786862930309184
                        ],
                        [
                            -119.2207903283533,
                            40.78684083735729
                        ],
                        [
                            -119.22077574462556,
                            40.78681962606231
                        ],
                        [
                            -119.22075877475005,
                            40.78679945785412
                        ],
                        [
                            -119.22073954787902,
                            40.78678048622392
                        ],
                        [
                            -119.22071821034136,
                            40.786762855556184
                        ],
                        [
                            -119.22069492452883,
                            40.78674670002984
                        ],
                        [
                            -119.2206698676603,
                            40.78673214259706
                        ],
                        [
                            -119.22064323043294,
                            40.78671929404762
                        ],
                        [
                            -119.2206152155708,
                            40.78670825216572
                        ],
                        [
                            -119.22058603628223,
                            40.786699100985835
                        ],
                        [
                            -119.22055591463713,
                            40.78669191015316
                        ],
                        [
                            -119.220525079877,
                            40.78668673439367
                        ],
                        [
                            -119.22049543878005,
                            40.78668377977317
                        ],
                        [
                            -119.22048656305313,
                            40.78637858162446
                        ],
                        [
                            -119.22048642621205,
                            40.78637621852186
                        ],
                        [
                            -119.22043642980904,
                            40.78580041641674
                        ],
                        [
                            -119.2204361587442,
                            40.7857980750476
                        ],
                        [
                            -119.22035723914009,
                            40.7852534540951
                        ],
                        [
                            -119.2212623040233,
                            40.78516309335303
                        ],
                        [
                            -119.22134632481016,
                            40.78574285775283
                        ],
                        [
                            -119.22139897536877,
                            40.786349123000974
                        ],
                        [
                            -119.22141545196159,
                            40.78691539052741
                        ]
                    ],
                    [
                        [
                            -119.22125371591179,
                            40.78880420217265
                        ],
                        [
                            -119.22113787758042,
                            40.789374810184285
                        ],
                        [
                            -119.22098146031993,
                            40.78997081833541
                        ],
                        [
                            -119.22080178695106,
                            40.7905272269893
                        ],
                        [
                            -119.2199211727631,
                            40.7903487223094
                        ],
                        [
                            -119.22008803577134,
                            40.789832007808286
                        ],
                        [
                            -119.22008867886738,
                            40.78982980879214
                        ],
                        [
                            -119.22023722364078,
                            40.78926382946409
                        ],
                        [
                            -119.2202377488664,
                            40.789261570866266
                        ],
                        [
                            -119.22034888752019,
                            40.78871415294727
                        ],
                        [
                            -119.22125371591179,
                            40.78880420217265
                        ]
                    ],
                    [
                        [
                            -119.22125269594868,
                            40.785108920426595
                        ],
                        [
                            -119.22034797297924,
                            40.78519924703235
                        ],
                        [
                            -119.2202365548916,
                            40.78465185434105
                        ],
                        [
                            -119.22023602871289,
                            40.78464959666865
                        ],
                        [
                            -119.22008720353983,
                            40.784083661309964
                        ],
                        [
                            -119.22008655963567,
                            40.78408146338646
                        ],
                        [
                            -119.2199194495897,
                            40.78356480127449
                        ],
                        [
                            -119.22079986499416,
                            40.78338603522821
                        ],
                        [
                            -119.22097982345117,
                            40.783942396348436
                        ],
                        [
                            -119.22113655305017,
                            40.7845383564454
                        ],
                        [
                            -119.22125269594868,
                            40.785108920426595
                        ]
                    ],
                    [
                        [
                            -119.22097420879007,
                            40.79486039154903
                        ],
                        [
                            -119.22053692561119,
                            40.79540618744554
                        ],
                        [
                            -119.2200332532023,
                            40.79597709045341
                        ],
                        [
                            -119.2195090200864,
                            40.79651856228756
                        ],
                        [
                            -119.21902209634689,
                            40.796235819595786
                        ],
                        [
                            -119.21951458548772,
                            40.795727140101725
                        ],
                        [
                            -119.2195158786408,
                            40.795725741024164
                        ],
                        [
                            -119.22000372061538,
                            40.795172787051506
                        ],
                        [
                            -119.22000497704626,
                            40.79517129292186
                        ],
                        [
                            -119.22044078273827,
                            40.79462734732571
                        ],
                        [
                            -119.22097420879007,
                            40.79486039154903
                        ]
                    ],
                    [
                        [
                            -119.22096992078525,
                            40.77905282380211
                        ],
                        [
                            -119.22043676383397,
                            40.77928602258886
                        ],
                        [
                            -119.22000078211798,
                            40.77874220898365
                        ],
                        [
                            -119.21999952609241,
                            40.77874071624349
                        ],
                        [
                            -119.21951152989209,
                            40.77818790322594
                        ],
                        [
                            -119.21951023723229,
                            40.77818650543315
                        ],
                        [
                            -119.2190176266616,
                            40.77767795725169
                        ],
                        [
                            -119.21950425522701,
                            40.777395088670396
                        ],
                        [
                            -119.21987512459792,
                            40.777777953528584
                        ],
                        [
                            -119.22002861008426,
                            40.77793640338606
                        ],
                        [
                            -119.22053244819438,
                            40.77850715676309
                        ],
                        [
                            -119.22096992078525,
                            40.77905282380211
                        ]
                    ],
                    [
                        [
                            -119.22093602287468,
                            40.79261184221298
                        ],
                        [
                            -119.22061322434685,
                            40.7931675512874
                        ],
                        [
                            -119.22023861240292,
                            40.793742938751386
                        ],
                        [
                            -119.2198500052056,
                            40.79427944238512
                        ],
                        [
                            -119.21904910910432,
                            40.7939295302383
                        ],
                        [
                            -119.21940651400864,
                            40.793436113009456
                        ],
                        [
                            -119.21940767305674,
                            40.79343442610017
                        ],
                        [
                            -119.21976386511416,
                            40.79288734227745
                        ],
                        [
                            -119.2197649622177,
                            40.792885559624004
                        ],
                        [
                            -119.22007983933352,
                            40.792343500580415
                        ],
                        [
                            -119.22093602287468,
                            40.79261184221298
                        ]
                    ],
                    [
                        [
                            -119.2209329589112,
                            40.78130138294878
                        ],
                        [
                            -119.22007707705285,
                            40.781569977884544
                        ],
                        [
                            -119.21976197685021,
                            40.78102800955777
                        ],
                        [
                            -119.2197608797492,
                            40.78102622836622
                        ],
                        [
                            -119.21940448127019,
                            40.78047924638456
                        ],
                        [
                            -119.21940332236775,
                            40.78047756089673
                        ],
                        [
                            -119.21904574612529,
                            40.77998423907685
                        ],
                        [
                            -119.21984627770522,
                            40.77963410774337
                        ],
                        [
                            -119.22023507752158,
                            40.780170496550376
                        ],
                        [
                            -119.22060991925497,
                            40.7807457722071
                        ],
                        [
                            -119.2209329589112,
                            40.78130138294878
                        ]
                    ],
                    [
                        [
                            -119.22077376668896,
                            40.79060550990456
                        ],
                        [
                            -119.22056636223641,
                            40.791144646331624
                        ],
                        [
                            -119.22030845473873,
                            40.79172024018243
                        ],
                        [
                            -119.22002658350601,
                            40.79226931821475
                        ],
                        [
                            -119.21918630594,
                            40.792005952727415
                        ],
                        [
                            -119.21944647245847,
                            40.791499168724506
                        ],
                        [
                            -119.21944741689855,
                            40.79149720241584
                        ],
                        [
                            -119.21969227646456,
                            40.79095074604588
                        ],
                        [
                            -119.21969312986504,
                            40.79094869481452
                        ],
                        [
                            -119.21989378105474,
                            40.79042713263549
                        ],
                        [
                            -119.22077376668896,
                            40.79060550990456
                        ]
                    ],
                    [
                        [
                            -119.22077180660902,
                            40.78330776404854
                        ],
                        [
                            -119.21989202219056,
                            40.78348640197475
                        ],
                        [
                            -119.21969112790035,
                            40.78296489239208
                        ],
                        [
                            -119.21969027402028,
                            40.78296284247781
                        ],
                        [
                            -119.21944517366963,
                            40.782416456053
                        ],
                        [
                            -119.21944422891848,
                            40.78241449111745
                        ],
                        [
                            -119.21918385148989,
                            40.78190778012041
                        ],
                        [
                            -119.22002384933546,
                            40.781644178985104
                        ],
                        [
                            -119.22030596389219,
                            40.78219317689285
                        ],
                        [
                            -119.2205641399851,
                            40.7827686940237
                        ],
                        [
                            -119.22077180660902,
                            40.78330776404854
                        ]
                    ],
                    [
                        [
                            -119.22041330358341,
                            40.78722802274381
                        ],
                        [
                            -119.22040464504471,
                            40.787531235163264
                        ],
                        [
                            -119.22035515275364,
                            40.78810469773631
                        ],
                        [
                            -119.22027616188167,
                            40.788651784422846
                        ],
                        [
                            -119.2193351013402,
                            40.788558120898564
                        ],
                        [
                            -119.21940885629796,
                            40.78804735251171
                        ],
                        [
                            -119.21940912622938,
                            40.78804501065759
                        ],
                        [
                            -119.21945589470755,
                            40.78750320596498
                        ],
                        [
                            -119.21945603035907,
                            40.78750084261511
                        ],
                        [
                            -119.21947039813044,
                            40.78699797268412
                        ],
                        [
                            -119.22010456459464,
                            40.78699787988021
                        ],
                        [
                            -119.22010567769686,
                            40.787004281616795
                        ],
                        [
                            -119.22011251350673,
                            40.78702762807404
                        ],
                        [
                            -119.2201220107519,
                            40.78705043459951
                        ],
                        [
                            -119.22013409715501,
                            40.78707252762114
                        ],
                        [
                            -119.22014868073335,
                            40.78709373899689
                        ],
                        [
                            -119.22016565049877,
                            40.78711390729446
                        ],
                        [
                            -119.22018487730237,
                            40.78713287901991
                        ],
                        [
                            -119.22020621481734,
                            40.78715050978589
                        ],
                        [
                            -119.22022950065254,
                            40.78716666541048
                        ],
                        [
                            -119.22025455758848,
                            40.78718122293851
                        ],
                        [
                            -119.22028119492597,
                            40.78719407157731
                        ],
                        [
                            -119.22030920993751,
                            40.78720511353999
                        ],
                        [
                            -119.22033838941029,
                            40.787214264789604
                        ],
                        [
                            -119.22036851126873,
                            40.78722145567883
                        ],
                        [
                            -119.22039934626494,
                            40.78722663148002
                        ],
                        [
                            -119.22041330358341,
                            40.78722802274381
                        ]
                    ],
                    [
                        [
                            -119.22041316069507,
                            40.786685357424105
                        ],
                        [
                            -119.22039934677605,
                            40.78668673439367
                        ],
                        [
                            -119.22036851201592,
                            40.78669191015316
                        ],
                        [
                            -119.22033839037083,
                            40.786699100985835
                        ],
                        [
                            -119.22030921108227,
                            40.78670825216572
                        ],
                        [
                            -119.22028119622013,
                            40.78671929404762
                        ],
                        [
                            -119.22025455899275,
                            40.78673214259706
                        ],
                        [
                            -119.22022950212423,
                            40.78674670002984
                        ],
                        [
                            -119.22020621631171,
                            40.786762855556184
                        ],
                        [
                            -119.22018487877403,
                            40.78678048622392
                        ],
                        [
                            -119.220165651903,
                            40.78679945785412
                        ],
                        [
                            -119.2201486820275,
                            40.78681962606231
                        ],
                        [
                            -119.22013409829975,
                            40.78684083735729
                        ],
                        [
                            -119.22012201171245,
                            40.786862930309184
                        ],
                        [
                            -119.22011251425391,
                            40.78688573677809
                        ],
                        [
                            -119.22010567820797,
                            40.78690908319366
                        ],
                        [
                            -119.22010454664355,
                            40.78691559070682
                        ],
                        [
                            -119.21947037802238,
                            40.78691568351105
                        ],
                        [
                            -119.21945576132173,
                            40.7864128093854
                        ],
                        [
                            -119.21945562451683,
                            40.78641044627522
                        ],
                        [
                            -119.21940858963032,
                            40.785868654860394
                        ],
                        [
                            -119.21940831859996,
                            40.785866313476454
                        ],
                        [
                            -119.21933431639006,
                            40.785355572840764
                        ],
                        [
                            -119.2202752762318,
                            40.78526163683011
                        ],
                        [
                            -119.22035455107897,
                            40.7858087093003
                        ],
                        [
                            -119.2204043430731,
                            40.786382157254884
                        ],
                        [
                            -119.22041316069507,
                            40.786685357424105
                        ]
                    ],
                    [
                        [
                            -119.22036267866304,
                            40.79459322464729
                        ],
                        [
                            -119.2199413678897,
                            40.79511907858624
                        ],
                        [
                            -119.21945480223506,
                            40.79567058588925
                        ],
                        [
                            -119.21894877801284,
                            40.79619324542425
                        ],
                        [
                            -119.2185049543201,
                            40.79593552520453
                        ],
                        [
                            -119.21898063525117,
                            40.795444210499625
                        ],
                        [
                            -119.21898192839627,
                            40.795442811442875
                        ],
                        [
                            -119.21945397934483,
                            40.794907761065524
                        ],
                        [
                            -119.21945523576915,
                            40.794906266958385
                        ],
                        [
                            -119.21987629749343,
                            40.79438072937129
                        ],
                        [
                            -119.22036267866304,
                            40.79459322464729
                        ]
                    ],
                    [
                        [
                            -119.2203586762753,
                            40.779320177075576
                        ],
                        [
                            -119.2198725340309,
                            40.779532807875704
                        ],
                        [
                            -119.21945130780401,
                            40.77900739375873
                        ],
                        [
                            -119.21945005177186,
                            40.7790059009961
                        ],
                        [
                            -119.21897785642176,
                            40.778470982594996
                        ],
                        [
                            -119.21897656375398,
                            40.778469584781426
                        ],
                        [
                            -119.21850076913292,
                            40.777978392592594
                        ],
                        [
                            -119.21894433111147,
                            40.777720562347554
                        ],
                        [
                            -119.21945046869078,
                            40.778243075181905
                        ],
                        [
                            -119.21993718902364,
                            40.77879444286824
                        ],
                        [
                            -119.2203586762753,
                            40.779320177075576
                        ]
                    ],
                    [
                        [
                            -119.22026658260606,
                            40.78870596150394
                        ],
                        [
                            -119.22015733569755,
                            40.789244061555245
                        ],
                        [
                            -119.22000937629599,
                            40.78980781052307
                        ],
                        [
                            -119.21984001209715,
                            40.79033227030855
                        ],
                        [
                            -119.21892443012126,
                            40.790146668642286
                        ],
                        [
                            -119.21908060793926,
                            40.78966306491818
                        ],
                        [
                            -119.21908125105921,
                            40.78966086593428
                        ],
                        [
                            -119.2192210294798,
                            40.78912831872987
                        ],
                        [
                            -119.21922155473358,
                            40.78912606015935
                        ],
                        [
                            -119.21932586151328,
                            40.7886123317649
                        ],
                        [
                            -119.22026658260606,
                            40.78870596150394
                        ]
                    ],
                    [
                        [
                            -119.22026566895369,
                            40.78520746378683
                        ],
                        [
                            -119.21932505102976,
                            40.78530136566384
                        ],
                        [
                            -119.21922049741553,
                            40.784787659118365
                        ],
                        [
                            -119.21921997126493,
                            40.7847854014186
                        ],
                        [
                            -119.21907994459133,
                            40.78425289314265
                        ],
                        [
                            -119.21907930071102,
                            40.78425069518685
                        ],
                        [
                            -119.21892290539701,
                            40.78376713777037
                        ],
                        [
                            -119.2198382929079,
                            40.783581279578335
                        ],
                        [
                            -119.22000791148821,
                            40.78410569744578
                        ],
                        [
                            -119.2201561504052,
                            40.784669403456924
                        ],
                        [
                            -119.22026566895369,
                            40.78520746378683
                        ]
                    ],
                    [
                        [
                            -119.21999933154551,
                            40.79231826765351
                        ],
                        [
                            -119.21969433291162,
                            40.792843320950396
                        ],
                        [
                            -119.21933927062501,
                            40.793388669531346
                        ],
                        [
                            -119.2189719263278,
                            40.79389580864155
                        ],
                        [
                            -119.21818671970138,
                            40.79355274141069
                        ],
                        [
                            -119.21852324082845,
                            40.79308816382267
                        ],
                        [
                            -119.21852439987263,
                            40.79308647695172
                        ],
                        [
                            -119.21886139076526,
                            40.79256889534384
                        ],
                        [
                            -119.21886248786875,
                            40.79256711272981
                        ],
                        [
                            -119.21915988246357,
                            40.79205516183527
                        ],
                        [
                            -119.21999933154551,
                            40.79231826765351
                        ]
                    ],
                    [
                        [
                            -119.2199965779301,
                            40.78159523981896
                        ],
                        [
                            -119.21915740933086,
                            40.78185858072708
                        ],
                        [
                            -119.21885981537142,
                            40.78134671084102
                        ],
                        [
                            -119.21885871827033,
                            40.781344929610064
                        ],
                        [
                            -119.21852154261713,
                            40.78082743915649
                        ],
                        [
                            -119.21852038371074,
                            40.78082575363036
                        ],
                        [
                            -119.21818370976685,
                            40.7803612607675
                        ],
                        [
                            -119.2189685776228,
                            40.78001799015817
                        ],
                        [
                            -119.21933609451901,
                            40.78052502637182
                        ],
                        [
                            -119.21969136330274,
                            40.78107027455551
                        ],
                        [
                            -119.2199965779301,
                            40.78159523981896
                        ]
                    ],
                    [
                        [
                            -119.21983528963968,
                            40.77761855867471
                        ],
                        [
                            -119.2195507938018,
                            40.77732486103567
                        ],
                        [
                            -119.21954947148825,
                            40.77732355622881
                        ],
                        [
                            -119.21898044001873,
                            40.77678686623222
                        ],
                        [
                            -119.21897909424132,
                            40.776785651832945
                        ],
                        [
                            -119.21837969931765,
                            40.77626826533371
                        ],
                        [
                            -119.21837833550927,
                            40.77626713836717
                        ],
                        [
                            -119.21774971827375,
                            40.775770039777626
                        ],
                        [
                            -119.21774834112797,
                            40.77576899698638
                        ],
                        [
                            -119.21709169824219,
                            40.77529313209615
                        ],
                        [
                            -119.21709031175428,
                            40.77529217005756
                        ],
                        [
                            -119.21640689312086,
                            40.774838444236785
                        ],
                        [
                            -119.2164055006382,
                            40.774837559461396
                        ],
                        [
                            -119.21569660702197,
                            40.774406835940795
                        ],
                        [
                            -119.21569521129989,
                            40.774406024953116
                        ],
                        [
                            -119.21533060776827,
                            40.774203632202735
                        ],
                        [
                            -119.21921856427545,
                            40.77467012798632
                        ],
                        [
                            -119.21983528963968,
                            40.77761855867471
                        ]
                    ],
                    [
                        [
                            -119.21981199080936,
                            40.79041055290307
                        ],
                        [
                            -119.21961672710962,
                            40.79091811112324
                        ],
                        [
                            -119.21937276809288,
                            40.79146255772536
                        ],
                        [
                            -119.2191066273983,
                            40.79198097895546
                        ],
                        [
                            -119.21823290508281,
                            40.79170712150141
                        ],
                        [
                            -119.21847676808035,
                            40.79123210888027
                        ],
                        [
                            -119.21847771252963,
                            40.79123014261216
                        ],
                        [
                            -119.21870811558281,
                            40.79071596591851
                        ],
                        [
                            -119.21870896899749,
                            40.79071391472604
                        ],
                        [
                            -119.21889703735769,
                            40.79022507864774
                        ],
                        [
                            -119.21981199080936,
                            40.79041055290307
                        ]
                    ],
                    [
                        [
                            -119.21981023554747,
                            40.78350300807765
                        ],
                        [
                            -119.2188954790522,
                            40.78368873814972
                        ],
                        [
                            -119.21870719618828,
                            40.783199948158575
                        ],
                        [
                            -119.21870634232233,
                            40.7831978982054
                        ],
                        [
                            -119.21847572608944,
                            40.782683783437996
                        ],
                        [
                            -119.21847478134745,
                            40.78268181846189
                        ],
                        [
                            -119.21823073231427,
                            40.78220687018129
                        ],
                        [
                            -119.21910418085153,
                            40.78193278131366
                        ],
                        [
                            -119.21937053901125,
                            40.78245113119297
                        ],
                        [
                            -119.21961473841671,
                            40.782995509198685
                        ],
                        [
                            -119.21981023554747,
                            40.78350300807765
                        ]
                    ],
                    [
                        [
                            -119.21979819375849,
                            40.79434660608665
                        ],
                        [
                            -119.21939162687283,
                            40.79485405230596
                        ],
                        [
                            -119.21892085223685,
                            40.79538765603538
                        ],
                        [
                            -119.21843163641546,
                            40.79589295046956
                        ],
                        [
                            -119.2177005205542,
                            40.795468395916345
                        ],
                        [
                            -119.21815005504031,
                            40.79500409289324
                        ],
                        [
                            -119.21815134817301,
                            40.79500269386886
                        ],
                        [
                            -119.21859883498134,
                            40.79449549323499
                        ],
                        [
                            -119.21860009139544,
                            40.79449399916286
                        ],
                        [
                            -119.21899821771815,
                            40.793997095915195
                        ],
                        [
                            -119.21979819375849,
                            40.79434660608665
                        ]
                    ],
                    [
                        [
                            -119.21979444613162,
                            40.7795669617565
                        ],
                        [
                            -119.2189948348453,
                            40.7799166905779
                        ],
                        [
                            -119.21859656126213,
                            40.77941989822856
                        ],
                        [
                            -119.21859530521976,
                            40.77941840543096
                        ],
                        [
                            -119.21814768864941,
                            40.77891132339352
                        ],
                        [
                            -119.2181463959692,
                            40.77890992554762
                        ],
                        [
                            -119.21769675915245,
                            40.7784457317821
                        ],
                        [
                            -119.21842747315326,
                            40.77802099712545
                        ],
                        [
                            -119.21891679497469,
                            40.77852615427912
                        ],
                        [
                            -119.21938771444967,
                            40.77905962732697
                        ],
                        [
                            -119.21979444613162,
                            40.7795669617565
                        ]
                    ],
                    [
                        [
                            -119.2194680995604,
                            40.79655823843886
                        ],
                        [
                            -119.21892950593028,
                            40.79706645507401
                        ],
                        [
                            -119.2183315240555,
                            40.79758283208584
                        ],
                        [
                            -119.21772858870392,
                            40.798059792849564
                        ],
                        [
                            -119.21729701581653,
                            40.797733191993025
                        ],
                        [
                            -119.21786261215861,
                            40.797285771514105
                        ],
                        [
                            -119.21786397660144,
                            40.79728464359909
                        ],
                        [
                            -119.218443008357,
                            40.79678463409083
                        ],
                        [
                            -119.21844435474578,
                            40.796783418621295
                        ],
                        [
                            -119.21898208300345,
                            40.79627602252207
                        ],
                        [
                            -119.2194680995604,
                            40.79655823843886
                        ]
                    ],
                    [
                        [
                            -119.21946332806058,
                            40.77735542454202
                        ],
                        [
                            -119.218977605432,
                            40.77763776651825
                        ],
                        [
                            -119.21843979863297,
                            40.77713052254384
                        ],
                        [
                            -119.21843845284504,
                            40.77712930812614
                        ],
                        [
                            -119.21785936848596,
                            40.77662944988135
                        ],
                        [
                            -119.21785800466664,
                            40.77662832289847
                        ],
                        [
                            -119.21729238302038,
                            40.77618103731269
                        ],
                        [
                            -119.21772365622297,
                            40.775854339730245
                        ],
                        [
                            -119.21832659950218,
                            40.77633113584198
                        ],
                        [
                            -119.2189246383716,
                            40.77684735182052
                        ],
                        [
                            -119.21946332806058,
                            40.77735542454202
                        ]
                    ],
                    [
                        [
                            -119.21938807504472,
                            40.7869979842251
                        ],
                        [
                            -119.21937380856913,
                            40.78749730881841
                        ],
                        [
                            -119.21932724333251,
                            40.78803675899287
                        ],
                        [
                            -119.21924964012031,
                            40.788574177340216
                        ],
                        [
                            -119.21914114182098,
                            40.78910854967224
                        ],
                        [
                            -119.21900194879831,
                            40.78963886654656
                        ],
                        [
                            -119.2188432696066,
                            40.79013021576015
                        ],
                        [
                            -119.21724571942595,
                            40.78980634821309
                        ],
                        [
                            -119.21738389896777,
                            40.789378509720535
                        ],
                        [
                            -119.21738454212796,
                            40.78937631079095
                        ],
                        [
                            -119.21750955395258,
                            40.78890006997494
                        ],
                        [
                            -119.21751007925381,
                            40.7888978114504
                        ],
                        [
                            -119.21760753324945,
                            40.78841789529256
                        ],
                        [
                            -119.21760793367179,
                            40.78841558871838
                        ],
                        [
                            -119.21767764491422,
                            40.78793291083608
                        ],
                        [
                            -119.21767791490376,
                            40.78793056900675
                        ],
                        [
                            -119.21771975129245,
                            40.787446048254914
                        ],
                        [
                            -119.21771988700495,
                            40.78744368491764
                        ],
                        [
                            -119.21773262665842,
                            40.78699820669397
                        ],
                        [
                            -119.21938807504472,
                            40.7869979842251
                        ]
                    ],
                    [
                        [
                            -119.21938805442899,
                            40.786915695051995
                        ],
                        [
                            -119.21773260866821,
                            40.78691591752051
                        ],
                        [
                            -119.21771967179379,
                            40.786470435407445
                        ],
                        [
                            -119.21771953504985,
                            40.78646807228452
                        ],
                        [
                            -119.21767748560795,
                            40.78598356215126
                        ],
                        [
                            -119.21767721463567,
                            40.785981220742386
                        ],
                        [
                            -119.21760729359535,
                            40.785498560467865
                        ],
                        [
                            -119.21760689226822,
                            40.78549625450442
                        ],
                        [
                            -119.21750923332674,
                            40.785016362809586
                        ],
                        [
                            -119.21750870722352,
                            40.78501410506374
                        ],
                        [
                            -119.21738349686487,
                            40.784537895379785
                        ],
                        [
                            -119.2173828530247,
                            40.7845356973696
                        ],
                        [
                            -119.21724450141096,
                            40.784107895518446
                        ],
                        [
                            -119.2188417485636,
                            40.783783615192974
                        ],
                        [
                            -119.21900065222891,
                            40.78427492816067
                        ],
                        [
                            -119.21914009267245,
                            40.784805207058774
                        ],
                        [
                            -119.21924884628376,
                            40.78533954958142
                        ],
                        [
                            -119.21932671077316,
                            40.78587694648969
                        ],
                        [
                            -119.21937354128629,
                            40.786416383742576
                        ],
                        [
                            -119.21938805442899,
                            40.786915695051995
                        ]
                    ],
                    [
                        [
                            -119.21907937491656,
                            40.7920299281131
                        ],
                        [
                            -119.21879185898764,
                            40.792524873346025
                        ],
                        [
                            -119.2184559978638,
                            40.793040719751104
                        ],
                        [
                            -119.218109537313,
                            40.793519019014035
                        ],
                        [
                            -119.2172929810214,
                            40.79316224438431
                        ],
                        [
                            -119.21760785839254,
                            40.792727554831444
                        ],
                        [
                            -119.21760901743268,
                            40.79272586800023
                        ],
                        [
                            -119.21792610830224,
                            40.79223886110266
                        ],
                        [
                            -119.21792720540569,
                            40.792237078529496
                        ],
                        [
                            -119.21820648105289,
                            40.79175633032703
                        ],
                        [
                            -119.21907937491656,
                            40.7920299281131
                        ]
                    ],
                    [
                        [
                            -119.21907690996663,
                            40.78188384186641
                        ],
                        [
                            -119.21820429070806,
                            40.782157670505704
                        ],
                        [
                            -119.21792483888534,
                            40.78167699384821
                        ],
                        [
                            -119.21792374178415,
                            40.78167521257642
                        ],
                        [
                            -119.21760648733603,
                            40.7811882863827
                        ],
                        [
                            -119.21760532842556,
                            40.781186600816866
                        ],
                        [
                            -119.21729031629683,
                            40.780751985556826
                        ],
                        [
                            -119.21810654087585,
                            40.78039501104926
                        ],
                        [
                            -119.21845315544326,
                            40.780873218512724
                        ],
                        [
                            -119.21878920139922,
                            40.781388975129566
                        ],
                        [
                            -119.21907690996663,
                            40.78188384186641
                        ]
                    ],
                    [
                        [
                            -119.21892011435912,
                            40.79396297187906
                        ],
                        [
                            -119.21853648290386,
                            40.794441784017685
                        ],
                        [
                            -119.21809027239655,
                            40.794947538037555
                        ],
                        [
                            -119.21762720314713,
                            40.79542582048098
                        ],
                        [
                            -119.2169104626226,
                            40.79500960286083
                        ],
                        [
                            -119.21733431733809,
                            40.794571828732984
                        ],
                        [
                            -119.21733561045858,
                            40.7945704297404
                        ],
                        [
                            -119.21775897139051,
                            40.79409058118526
                        ],
                        [
                            -119.21776022779461,
                            40.79408908714751
                        ],
                        [
                            -119.21813582777642,
                            40.79362030662756
                        ],
                        [
                            -119.21892011435912,
                            40.79396297187906
                        ]
                    ],
                    [
                        [
                            -119.21891674656969,
                            40.77995084370759
                        ],
                        [
                            -119.21813279902469,
                            40.78029371180878
                        ],
                        [
                            -119.21775706771808,
                            40.77982503040844
                        ],
                        [
                            -119.21775581166568,
                            40.779823537576505
                        ],
                        [
                            -119.21733233458839,
                            40.77934379517278
                        ],
                        [
                            -119.21733104189599,
                            40.779342397295125
                        ],
                        [
                            -119.21690709555492,
                            40.77890472027322
                        ],
                        [
                            -119.21762346267505,
                            40.77848833561509
                        ],
                        [
                            -119.21808662681964,
                            40.77896649465438
                        ],
                        [
                            -119.21853296750352,
                            40.779472131304935
                        ],
                        [
                            -119.21891674656969,
                            40.77995084370759
                        ]
                    ],
                    [
                        [
                            -119.21890785737193,
                            40.796232921373466
                        ],
                        [
                            -119.21838853982773,
                            40.79672294527015
                        ],
                        [
                            -119.2178108647519,
                            40.79722178324894
                        ],
                        [
                            -119.21722922843331,
                            40.79768189230704
                        ],
                        [
                            -119.21683607243995,
                            40.79738435926688
                        ],
                        [
                            -119.21738200841614,
                            40.79695249373408
                        ],
                        [
                            -119.21738337284886,
                            40.79695136583417
                        ],
                        [
                            -119.21794365979889,
                            40.796467546053684
                        ],
                        [
                            -119.21794500617796,
                            40.79646633060119
                        ],
                        [
                            -119.2184649408504,
                            40.795975727931314
                        ],
                        [
                            -119.21890785737193,
                            40.796232921373466
                        ]
                    ],
                    [
                        [
                            -119.2189034040596,
                            40.77768089801735
                        ],
                        [
                            -119.21846074802926,
                            40.777938201659886
                        ],
                        [
                            -119.2179407400814,
                            40.77744774151513
                        ],
                        [
                            -119.21793939428375,
                            40.777446527080414
                        ],
                        [
                            -119.217379058081,
                            40.77696284892789
                        ],
                        [
                            -119.2173776942516,
                            40.776961721929936
                        ],
                        [
                            -119.21683173435692,
                            40.776529982160895
                        ],
                        [
                            -119.21722462511116,
                            40.77623236489091
                        ],
                        [
                            -119.21780626846316,
                            40.77669232021464
                        ],
                        [
                            -119.21838399675728,
                            40.777191007921445
                        ],
                        [
                            -119.2189034040596,
                            40.77768089801735
                        ]
                    ],
                    [
                        [
                            -119.21881524727527,
                            40.790208497989006
                        ],
                        [
                            -119.21863256663397,
                            40.79068333005633
                        ],
                        [
                            -119.21840306414187,
                            40.79119549702178
                        ],
                        [
                            -119.21814423953032,
                            40.791699652873156
                        ],
                        [
                            -119.2178565769649,
                            40.792194838409834
                        ],
                        [
                            -119.21754061586209,
                            40.79268011014488
                        ],
                        [
                            -119.21721579909601,
                            40.79312852107481
                        ],
                        [
                            -119.21578776079605,
                            40.79250454945271
                        ],
                        [
                            -119.21606618413445,
                            40.79212019702211
                        ],
                        [
                            -119.21606734316775,
                            40.79211851025781
                        ],
                        [
                            -119.2163509167502,
                            40.79168299689059
                        ],
                        [
                            -119.21635201385357,
                            40.791681214386244
                        ],
                        [
                            -119.2166102220361,
                            40.791236750278564
                        ],
                        [
                            -119.21661124770834,
                            40.79123487414528
                        ],
                        [
                            -119.21684359939161,
                            40.790782305530946
                        ],
                        [
                            -119.21684454385642,
                            40.79078033933112
                        ],
                        [
                            -119.2170505971982,
                            40.79032052785698
                        ],
                        [
                            -119.21705145063677,
                            40.790318476730015
                        ],
                        [
                            -119.21721832488058,
                            40.789884757711505
                        ],
                        [
                            -119.21881524727527,
                            40.790208497989006
                        ]
                    ],
                    [
                        [
                            -119.21881369224572,
                            40.78370534332633
                        ],
                        [
                            -119.21721707684658,
                            40.78402949539035
                        ],
                        [
                            -119.21705003229962,
                            40.78359581266434
                        ],
                        [
                            -119.21704917845749,
                            40.78359376264563
                        ],
                        [
                            -119.21684295463065,
                            40.78313400069542
                        ],
                        [
                            -119.2168420099041,
                            40.783132035651015
                        ],
                        [
                            -119.21660949978609,
                            40.78267952199725
                        ],
                        [
                            -119.2166084739888,
                            40.78267764703693
                        ],
                        [
                            -119.21635012062757,
                            40.78223324290819
                        ],
                        [
                            -119.21634902352622,
                            40.782231461567626
                        ],
                        [
                            -119.216065319126,
                            40.781796012741246
                        ],
                        [
                            -119.21606416020866,
                            40.78179432710854
                        ],
                        [
                            -119.21578562974909,
                            40.78141003264323
                        ],
                        [
                            -119.21721314694243,
                            40.780785734926106
                        ],
                        [
                            -119.21753809972424,
                            40.78123406508512
                        ],
                        [
                            -119.21785422447292,
                            40.78171925740164
                        ],
                        [
                            -119.21814206850627,
                            40.78221436924772
                        ],
                        [
                            -119.21840109101333,
                            40.7827184576793
                        ],
                        [
                            -119.21863080631258,
                            40.78323056398748
                        ],
                        [
                            -119.21881369224572,
                            40.78370534332633
                        ]
                    ],
                    [
                        [
                            -119.21839071569887,
                            40.79593262620878
                        ],
                        [
                            -119.2178891914711,
                            40.79640585705525
                        ],
                        [
                            -119.21733026119104,
                            40.79688850532216
                        ],
                        [
                            -119.21676828559933,
                            40.797333059077395
                        ],
                        [
                            -119.21611905915047,
                            40.796841726847376
                        ],
                        [
                            -119.21663441218608,
                            40.79643405766841
                        ],
                        [
                            -119.21663577660308,
                            40.79643292979199
                        ],
                        [
                            -119.21716690485665,
                            40.795974293717315
                        ],
                        [
                            -119.21716825122058,
                            40.795973078291325
                        ],
                        [
                            -119.21766050686603,
                            40.79550859836147
                        ],
                        [
                            -119.21839071569887,
                            40.79593262620878
                        ]
                    ],
                    [
                        [
                            -119.21838654617679,
                            40.77798133258553
                        ],
                        [
                            -119.21765673826677,
                            40.778405540568045
                        ],
                        [
                            -119.21716441730538,
                            40.77794118897496
                        ],
                        [
                            -119.21716307149259,
                            40.77793997451378
                        ],
                        [
                            -119.21663189897956,
                            40.77748146570874
                        ],
                        [
                            -119.21663053513447,
                            40.77748033868733
                        ],
                        [
                            -119.21611516003871,
                            40.77707278152884
                        ],
                        [
                            -119.21676397590527,
                            40.77658130923616
                        ],
                        [
                            -119.21732595786699,
                            40.77702571909982
                        ],
                        [
                            -119.21788493799487,
                            40.777508226698345
                        ],
                        [
                            -119.21838654617679,
                            40.77798133258553
                        ]
                    ],
                    [
                        [
                            -119.21805772483629,
                            40.793586181791305
                        ],
                        [
                            -119.21769661970033,
                            40.79403687151865
                        ],
                        [
                            -119.21727453505844,
                            40.79451527349267
                        ],
                        [
                            -119.2168371457853,
                            40.79496702665379
                        ],
                        [
                            -119.21609168684488,
                            40.7945341207244
                        ],
                        [
                            -119.21648892765555,
                            40.794123839814446
                        ],
                        [
                            -119.21649022076339,
                            40.794122440854814
                        ],
                        [
                            -119.21688857811547,
                            40.79367093863557
                        ],
                        [
                            -119.2168898345092,
                            40.79366944463346
                        ],
                        [
                            -119.21724208853512,
                            40.79322980912927
                        ],
                        [
                            -119.21805772483629,
                            40.793586181791305
                        ]
                    ],
                    [
                        [
                            -119.21805471032977,
                            40.78032786413873
                        ],
                        [
                            -119.21723940611504,
                            40.78068443612646
                        ],
                        [
                            -119.21688703633048,
                            40.780244888248184
                        ],
                        [
                            -119.21688578026769,
                            40.78024339538065
                        ],
                        [
                            -119.21648732008583,
                            40.77979198714303
                        ],
                        [
                            -119.21648602738078,
                            40.77979058923247
                        ],
                        [
                            -119.21608870539163,
                            40.779380393563834
                        ],
                        [
                            -119.21683379850757,
                            40.77894732333508
                        ],
                        [
                            -119.21727127238297,
                            40.779398966018114
                        ],
                        [
                            -119.21769347356236,
                            40.77987726300164
                        ],
                        [
                            -119.21805471032977,
                            40.78032786413873
                        ]
                    ],
                    [
                        [
                            -119.21766002513921,
                            40.798111102715055
                        ],
                        [
                            -119.21704901977648,
                            40.79855403363359
                        ],
                        [
                            -119.21636693589541,
                            40.799006997693695
                        ],
                        [
                            -119.21567398690337,
                            40.79942813374191
                        ],
                        [
                            -119.21530447125679,
                            40.7990636968195
                        ],
                        [
                            -119.2159564277649,
                            40.798667475337616
                        ],
                        [
                            -119.21595782085194,
                            40.79866658995476
                        ],
                        [
                            -119.21661813634388,
                            40.79822808407372
                        ],
                        [
                            -119.21661952346018,
                            40.79822712132034
                        ],
                        [
                            -119.21722925960746,
                            40.79778511284001
                        ],
                        [
                            -119.21766002513921,
                            40.798111102715055
                        ]
                    ],
                    [
                        [
                            -119.21765509128105,
                            40.77580304507875
                        ],
                        [
                            -119.21722462400508,
                            40.77612913215658
                        ],
                        [
                            -119.21661491659636,
                            40.77568727875406
                        ],
                        [
                            -119.21661353009763,
                            40.775686316703165
                        ],
                        [
                            -119.2159532672092,
                            40.7752479620856
                        ],
                        [
                            -119.21595187471613,
                            40.77524707729975
                        ],
                        [
                            -119.21529999109535,
                            40.77485099143331
                        ],
                        [
                            -119.2156692226032,
                            40.77448648526496
                        ],
                        [
                            -119.21636206577323,
                            40.774907456539886
                        ],
                        [
                            -119.21704409392565,
                            40.77536025921181
                        ],
                        [
                            -119.21765509128105,
                            40.77580304507875
                        ]
                    ],
                    [
                        [
                            -119.21765030353893,
                            40.786998217254165
                        ],
                        [
                            -119.21763766530725,
                            40.787440148976565
                        ],
                        [
                            -119.21759603221996,
                            40.787922315229174
                        ],
                        [
                            -119.21752665691695,
                            40.788402667080284
                        ],
                        [
                            -119.21742966677274,
                            40.78888029898285
                        ],
                        [
                            -119.21730524039005,
                            40.789354309519155
                        ],
                        [
                            -119.21716455902437,
                            40.78978989428536
                        ],
                        [
                            -119.21626647939293,
                            40.78960781695774
                        ],
                        [
                            -119.21639415878346,
                            40.78921250771203
                        ],
                        [
                            -119.21639480196711,
                            40.78921030881413
                        ],
                        [
                            -119.21651119866206,
                            40.788766913190756
                        ],
                        [
                            -119.21651172399096,
                            40.788764654693026
                        ],
                        [
                            -119.21660246360237,
                            40.788317836985506
                        ],
                        [
                            -119.21660286405593,
                            40.78831553043236
                        ],
                        [
                            -119.21666777436289,
                            40.787866141243995
                        ],
                        [
                            -119.21666804438634,
                            40.78786379942912
                        ],
                        [
                            -119.21670700234739,
                            40.78741269424124
                        ],
                        [
                            -119.21670713809546,
                            40.787410330911314
                        ],
                        [
                            -119.21671892662206,
                            40.78699833135709
                        ],
                        [
                            -119.21765030353893,
                            40.786998217254165
                        ]
                    ],
                    [
                        [
                            -119.21765028510855,
                            40.786915928080674
                        ],
                        [
                            -119.21671890987857,
                            40.78691604218339
                        ],
                        [
                            -119.21670695151137,
                            40.786504038571614
                        ],
                        [
                            -119.21670681480299,
                            40.78650167544126
                        ],
                        [
                            -119.216667672162,
                            40.78605057945782
                        ],
                        [
                            -119.2166674012236,
                            40.78604823803442
                        ],
                        [
                            -119.21660230905856,
                            40.785598864108934
                        ],
                        [
                            -119.21660190776261,
                            40.785596558124396
                        ],
                        [
                            -119.21651099049895,
                            40.78514976162201
                        ],
                        [
                            -119.21651046442337,
                            40.78514750384928
                        ],
                        [
                            -119.21639389563413,
                            40.78470413521195
                        ],
                        [
                            -119.21639325181738,
                            40.78470193717004
                        ],
                        [
                            -119.21626542453984,
                            40.784306659870815
                        ],
                        [
                            -119.21716334446413,
                            40.78412437189545
                        ],
                        [
                            -119.2173042039789,
                            40.78455992851482
                        ],
                        [
                            -119.2174288281515,
                            40.78503390877082
                        ],
                        [
                            -119.21752602238419,
                            40.78551151690735
                        ],
                        [
                            -119.21759560653678,
                            40.785991851668335
                        ],
                        [
                            -119.21763745166511,
                            40.78647400762066
                        ],
                        [
                            -119.21765028510855,
                            40.786915928080674
                        ]
                    ],
                    [
                        [
                            -119.21758628226996,
                            40.79546549592663
                        ],
                        [
                            -119.21711243684244,
                            40.79591260444223
                        ],
                        [
                            -119.21658266524334,
                            40.79637006902834
                        ],
                        [
                            -119.21605127295462,
                            40.79679042603233
                        ],
                        [
                            -119.2156352594206,
                            40.79647558084022
                        ],
                        [
                            -119.21564423663264,
                            40.79646672397471
                        ],
                        [
                            -119.21566120878862,
                            40.79644655567713
                        ],
                        [
                            -119.21567579442133,
                            40.79642534430136
                        ],
                        [
                            -119.21568788252704,
                            40.796403251279735
                        ],
                        [
                            -119.21569738111006,
                            40.79638044475425
                        ],
                        [
                            -119.21570421788286,
                            40.79635709829699
                        ],
                        [
                            -119.21570834081616,
                            40.796333389589066
                        ],
                        [
                            -119.21570971853482,
                            40.796309499068364
                        ],
                        [
                            -119.21570834055653,
                            40.79628560855624
                        ],
                        [
                            -119.2157042173715,
                            40.79626189987386
                        ],
                        [
                            -119.21569738036251,
                            40.79623855345828
                        ],
                        [
                            -119.21568788156603,
                            40.79621574698939
                        ],
                        [
                            -119.21567579327603,
                            40.79619365403751
                        ],
                        [
                            -119.21566120749385,
                            40.796172442742545
                        ],
                        [
                            -119.21564423522773,
                            40.79615227453437
                        ],
                        [
                            -119.21563020582359,
                            40.79613843332339
                        ],
                        [
                            -119.21590017725433,
                            40.79592487469327
                        ],
                        [
                            -119.21590154165591,
                            40.79592374683992
                        ],
                        [
                            -119.21640403177348,
                            40.79548984438852
                        ],
                        [
                            -119.21640537812254,
                            40.79548862898857
                        ],
                        [
                            -119.21687044873835,
                            40.79504980500535
                        ],
                        [
                            -119.21758628226996,
                            40.79546549592663
                        ]
                    ],
                    [
                        [
                            -119.2175825358587,
                            40.77844867078194
                        ],
                        [
                            -119.21686707486488,
                            40.778864528758874
                        ],
                        [
                            -119.21640194620983,
                            40.778425819809115
                        ],
                        [
                            -119.21640060038219,
                            40.778424605321945
                        ],
                        [
                            -119.21589807064954,
                            40.77799081678507
                        ],
                        [
                            -119.21589670678904,
                            40.777989689740636
                        ],
                        [
                            -119.21562671744657,
                            40.777776181110305
                        ],
                        [
                            -119.21564067411788,
                            40.77776240766027
                        ],
                        [
                            -119.21565764149423,
                            40.777742239362716
                        ],
                        [
                            -119.21567222301942,
                            40.777721027986985
                        ],
                        [
                            -119.215684307721,
                            40.777698934965365
                        ],
                        [
                            -119.21569380362914,
                            40.7776761284399
                        ],
                        [
                            -119.21570063847666,
                            40.77765278198265
                        ],
                        [
                            -119.21570476024898,
                            40.77762907327475
                        ],
                        [
                            -119.21570613757973,
                            40.77760518275404
                        ],
                        [
                            -119.21570475998959,
                            40.77758129224193
                        ],
                        [
                            -119.21570063796578,
                            40.77755758355954
                        ],
                        [
                            -119.21569380288227,
                            40.77753423714395
                        ],
                        [
                            -119.21568430676089,
                            40.777511430675034
                        ],
                        [
                            -119.21567222187521,
                            40.77748933772312
                        ],
                        [
                            -119.21565764020066,
                            40.77746812642814
                        ],
                        [
                            -119.21564067271429,
                            40.77744795821993
                        ],
                        [
                            -119.21563163507697,
                            40.77743903930352
                        ],
                        [
                            -119.21604740094246,
                            40.77712410797918
                        ],
                        [
                            -119.2165787984681,
                            40.77754433562963
                        ],
                        [
                            -119.21710861489055,
                            40.778001673855506
                        ],
                        [
                            -119.2175825358587,
                            40.77844867078194
                        ]
                    ],
                    [
                        [
                            -119.21716398614491,
                            40.79319568331932
                        ],
                        [
                            -119.21682622682671,
                            40.79361722850329
                        ],
                        [
                            -119.21642914575325,
                            40.79406728417552
                        ],
                        [
                            -119.216006457461,
                            40.79450384792353
                        ],
                        [
                            -119.21555896221193,
                            40.79492608359098
                        ],
                        [
                            -119.21508750837711,
                            40.79533318196646
                        ],
                        [
                            -119.2146172829468,
                            40.795705146535454
                        ],
                        [
                            -119.21345596939875,
                            40.79482619627124
                        ],
                        [
                            -119.21385772841553,
                            40.79450839575528
                        ],
                        [
                            -119.2138590927742,
                            40.794507267966104
                        ],
                        [
                            -119.21428191612443,
                            40.794142168010836
                        ],
                        [
                            -119.21428326243216,
                            40.79414095268329
                        ],
                        [
                            -119.21468464285581,
                            40.79376223611088
                        ],
                        [
                            -119.21468596566193,
                            40.79376093027085
                        ],
                        [
                            -119.21506513924166,
                            40.79336931821651
                        ],
                        [
                            -119.21506643232823,
                            40.793367919312374
                        ],
                        [
                            -119.21542267747027,
                            40.79296415745336
                        ],
                        [
                            -119.21542393384651,
                            40.79296266351126
                        ],
                        [
                            -119.21573686732977,
                            40.79257211345986
                        ],
                        [
                            -119.21716398614491,
                            40.79319568331932
                        ]
                    ],
                    [
                        [
                            -119.21716131686976,
                            40.780718587483136
                        ],
                        [
                            -119.21573472054578,
                            40.781342482475424
                        ],
                        [
                            -119.2154216954479,
                            40.78095200247146
                        ],
                        [
                            -119.2154204393676,
                            40.780950509543985
                        ],
                        [
                            -119.21506411199007,
                            40.780546822844364
                        ],
                        [
                            -119.21506281926372,
                            40.78054542487838
                        ],
                        [
                            -119.2146835810648,
                            40.78015389041078
                        ],
                        [
                            -119.2146822586662,
                            40.780152585425604
                        ],
                        [
                            -119.21428083173146,
                            40.77977394827678
                        ],
                        [
                            -119.21427948586249,
                            40.779772733717294
                        ],
                        [
                            -119.21385663446326,
                            40.779407714418
                        ],
                        [
                            -119.21385527055988,
                            40.77940658730949
                        ],
                        [
                            -119.21345349591584,
                            40.77908885478241
                        ],
                        [
                            -119.21461421576956,
                            40.77820969207536
                        ],
                        [
                            -119.21508444467165,
                            40.778581554232154
                        ],
                        [
                            -119.21555593408202,
                            40.778988552562716
                        ],
                        [
                            -119.21600348796532,
                            40.7794106898237
                        ],
                        [
                            -119.2164262574909,
                            40.779847157557555
                        ],
                        [
                            -119.21682344176342,
                            40.78029712034089
                        ],
                        [
                            -119.21716131686976,
                            40.780718587483136
                        ]
                    ],
                    [
                        [
                            -119.21716066484142,
                            40.79773320191696
                        ],
                        [
                            -119.21657190965897,
                            40.798160000926075
                        ],
                        [
                            -119.21591298526639,
                            40.79859758299833
                        ],
                        [
                            -119.21524406102628,
                            40.799004116486984
                        ],
                        [
                            -119.2149076209259,
                            40.798672295234645
                        ],
                        [
                            -119.21553740126373,
                            40.79828955257671
                        ],
                        [
                            -119.21553879434116,
                            40.79828866720353
                        ],
                        [
                            -119.21617773189081,
                            40.79786435992601
                        ],
                        [
                            -119.2161791189971,
                            40.79786339718401
                        ],
                        [
                            -119.21676831618853,
                            40.797436279856846
                        ],
                        [
                            -119.21716066484142,
                            40.79773320191696
                        ]
                    ],
                    [
                        [
                            -119.21715606019622,
                            40.776181069984304
                        ],
                        [
                            -119.21676397538378,
                            40.776478076748205
                        ],
                        [
                            -119.21617480544042,
                            40.77605110469668
                        ],
                        [
                            -119.21617341893169,
                            40.77605014263442
                        ],
                        [
                            -119.21553453063467,
                            40.775625976984855
                        ],
                        [
                            -119.21553313813199,
                            40.77562509218935
                        ],
                        [
                            -119.21490342560534,
                            40.77524247610008
                        ],
                        [
                            -119.21523961466767,
                            40.774910594780756
                        ],
                        [
                            -119.2159084397195,
                            40.77531697429652
                        ],
                        [
                            -119.21656731211658,
                            40.77575440575407
                        ],
                        [
                            -119.21715606019622,
                            40.776181069984304
                        ]
                    ],
                    [
                        [
                            -119.21713653487993,
                            40.78986817599351
                        ],
                        [
                            -119.21697504893332,
                            40.790287890412415
                        ],
                        [
                            -119.2167698961723,
                            40.790745692225585
                        ],
                        [
                            -119.21653853124343,
                            40.791196338865156
                        ],
                        [
                            -119.21628138615452,
                            40.79163897302711
                        ],
                        [
                            -119.2159989423354,
                            40.792072751299585
                        ],
                        [
                            -119.21571057934787,
                            40.792470825023535
                        ],
                        [
                            -119.21490972925369,
                            40.79212088529526
                        ],
                        [
                            -119.21516688717584,
                            40.791765895491544
                        ],
                        [
                            -119.21516804620516,
                            40.791764208766274
                        ],
                        [
                            -119.21543206719149,
                            40.7913587328753
                        ],
                        [
                            -119.2154331642948,
                            40.79135695041109
                        ],
                        [
                            -119.21567356968009,
                            40.79094314092551
                        ],
                        [
                            -119.21567459535669,
                            40.79094126483268
                        ],
                        [
                            -119.215890927875,
                            40.79051990961072
                        ],
                        [
                            -119.21589187234885,
                            40.790517943450745
                        ],
                        [
                            -119.2160837205911,
                            40.7900898447019
                        ],
                        [
                            -119.2160845740436,
                            40.79008779361315
                        ],
                        [
                            -119.2162390838164,
                            40.78968622610221
                        ],
                        [
                            -119.21713653487993,
                            40.78986817599351
                        ]
                    ],
                    [
                        [
                            -119.2171352899579,
                            40.784046099507734
                        ],
                        [
                            -119.21623800100586,
                            40.78422825938854
                        ],
                        [
                            -119.216083344242,
                            40.78382672267841
                        ],
                        [
                            -119.21608249041375,
                            40.783824672621485
                        ],
                        [
                            -119.21589049439076,
                            40.783396616801234
                        ],
                        [
                            -119.21588954967321,
                            40.78339465171699
                        ],
                        [
                            -119.21567307981964,
                            40.78297334413624
                        ],
                        [
                            -119.21567205402663,
                            40.78297146913547
                        ],
                        [
                            -119.21543152279678,
                            40.782557711641154
                        ],
                        [
                            -119.21543042569536,
                            40.782555930260465
                        ],
                        [
                            -119.21516629131287,
                            40.78215051031512
                        ],
                        [
                            -119.2151651323915,
                            40.782148824643414
                        ],
                        [
                            -119.21490788234358,
                            40.78179388466956
                        ],
                        [
                            -119.21570845991691,
                            40.78144378089328
                        ],
                        [
                            -119.21599693077657,
                            40.781841790342355
                        ],
                        [
                            -119.21627950547366,
                            40.782275505223474
                        ],
                        [
                            -119.21653679568045,
                            40.78271808057701
                        ],
                        [
                            -119.21676831885088,
                            40.78316867342294
                        ],
                        [
                            -119.21697364176369,
                            40.783626426846766
                        ],
                        [
                            -119.2171352899579,
                            40.784046099507734
                        ]
                    ],
                    [
                        [
                            -119.21679622475443,
                            40.795006701808035
                        ],
                        [
                            -119.21634956406706,
                            40.79542815484188
                        ],
                        [
                            -119.21584843058885,
                            40.79586088582916
                        ],
                        [
                            -119.21556099568251,
                            40.79608825879481
                        ],
                        [
                            -119.21555531561359,
                            40.796084959277366
                        ],
                        [
                            -119.21552867463382,
                            40.79607211072794
                        ],
                        [
                            -119.2155006558252,
                            40.79606106884606
                        ],
                        [
                            -119.21547147242616,
                            40.79605191766618
                        ],
                        [
                            -119.21544134653783,
                            40.79604472683353
                        ],
                        [
                            -119.215410507434,
                            40.79603955107404
                        ],
                        [
                            -119.2153791898162,
                            40.79603642977787
                        ],
                        [
                            -119.21534763202753,
                            40.79603538669969
                        ],
                        [
                            -119.21531607423884,
                            40.79603642977787
                        ],
                        [
                            -119.21528475662106,
                            40.79603955107404
                        ],
                        [
                            -119.21525391751723,
                            40.79604472683353
                        ],
                        [
                            -119.21522379162889,
                            40.79605191766618
                        ],
                        [
                            -119.21519460822985,
                            40.79606106884606
                        ],
                        [
                            -119.21516658942123,
                            40.79607211072794
                        ],
                        [
                            -119.21513994844146,
                            40.796084959277366
                        ],
                        [
                            -119.21512816833004,
                            40.79609180227236
                        ],
                        [
                            -119.21468506755919,
                            40.79575644883407
                        ],
                        [
                            -119.21513925475524,
                            40.79539717106274
                        ],
                        [
                            -119.21514061914084,
                            40.795396043233296
                        ],
                        [
                            -119.21561342959926,
                            40.79498777341912
                        ],
                        [
                            -119.21561477593292,
                            40.794986558046155
                        ],
                        [
                            -119.21605167275469,
                            40.79457432256091
                        ],
                        [
                            -119.21679622475443,
                            40.795006701808035
                        ]
                    ],
                    [
                        [
                            -119.21679287184452,
                            40.77890765821087
                        ],
                        [
                            -119.21604868490705,
                            40.7793402017418
                        ],
                        [
                            -119.21561173715311,
                            40.778928068287215
                        ],
                        [
                            -119.21561039131008,
                            40.77892685377311
                        ],
                        [
                            -119.21513754577835,
                            40.77851868481365
                        ],
                        [
                            -119.21513618190187,
                            40.77851755774534
                        ],
                        [
                            -119.2146819764488,
                            40.77815836710722
                        ],
                        [
                            -119.21512482918088,
                            40.7778229264399
                        ],
                        [
                            -119.21513652653894,
                            40.77782972330426
                        ],
                        [
                            -119.21516316012624,
                            40.77784257194305
                        ],
                        [
                            -119.21519117119367,
                            40.77785361390571
                        ],
                        [
                            -119.21522034655838,
                            40.777862765155305
                        ],
                        [
                            -119.2152504641761,
                            40.777869956044526
                        ],
                        [
                            -119.21528129483117,
                            40.77787513184571
                        ],
                        [
                            -119.21531260388097,
                            40.77787825316739
                        ],
                        [
                            -119.21534415304193,
                            40.77787929625416
                        ],
                        [
                            -119.21537570220288,
                            40.77787825316739
                        ],
                        [
                            -119.2154070112527,
                            40.77787513184571
                        ],
                        [
                            -119.21543784190777,
                            40.777869956044526
                        ],
                        [
                            -119.21546795952548,
                            40.777862765155305
                        ],
                        [
                            -119.2154971348902,
                            40.77785361390571
                        ],
                        [
                            -119.21552514595761,
                            40.77784257194305
                        ],
                        [
                            -119.21555177954492,
                            40.77782972330426
                        ],
                        [
                            -119.21555753294751,
                            40.7778263802334
                        ],
                        [
                            -119.2158449698457,
                            40.77805368645919
                        ],
                        [
                            -119.21634614347275,
                            40.77848630439256
                        ],
                        [
                            -119.21679287184452,
                            40.77890765821087
                        ]
                    ],
                    [
                        [
                            -119.21669972203327,
                            40.79738436841861
                        ],
                        [
                            -119.21613150534691,
                            40.79779627668272
                        ],
                        [
                            -119.2154939588868,
                            40.798219660161934
                        ],
                        [
                            -119.21484721132104,
                            40.79861271448177
                        ],
                        [
                            -119.21429030760453,
                            40.79806344555341
                        ],
                        [
                            -119.21488559174531,
                            40.79770166971359
                        ],
                        [
                            -119.21488698480778,
                            40.797700784355456
                        ],
                        [
                            -119.21549266788969,
                            40.797298563479245
                        ],
                        [
                            -119.21549405498043,
                            40.797297600754945
                        ],
                        [
                            -119.21605130278824,
                            40.79689364707753
                        ],
                        [
                            -119.21669972203327,
                            40.79738436841861
                        ]
                    ],
                    [
                        [
                            -119.21669541096443,
                            40.776530014061315
                        ],
                        [
                            -119.21604740117607,
                            40.7770208757569
                        ],
                        [
                            -119.21549017850508,
                            40.776617052839555
                        ],
                        [
                            -119.21548879198082,
                            40.776616090759624
                        ],
                        [
                            -119.21488315315825,
                            40.77621399715305
                        ],
                        [
                            -119.21488176064062,
                            40.77621311234253
                        ],
                        [
                            -119.2142865365511,
                            40.77585144948119
                        ],
                        [
                            -119.21484304855255,
                            40.775302079027725
                        ],
                        [
                            -119.21548970301423,
                            40.77569498911092
                        ],
                        [
                            -119.21612720080964,
                            40.77611823158968
                        ],
                        [
                            -119.21669541096443,
                            40.776530014061315
                        ]
                    ],
                    [
                        [
                            -119.21663660349071,
                            40.78699834107195
                        ],
                        [
                            -119.21662491645161,
                            40.78740679371934
                        ],
                        [
                            -119.21658616182684,
                            40.787855544419116
                        ],
                        [
                            -119.21652158749201,
                            40.78830260759407
                        ],
                        [
                            -119.21643131176168,
                            40.78874714107008
                        ],
                        [
                            -119.21631550053434,
                            40.789188306443094
                        ],
                        [
                            -119.2161853191534,
                            40.78959136212259
                        ],
                        [
                            -119.21528724526274,
                            40.789409277278345
                        ],
                        [
                            -119.21540442354775,
                            40.78904649724723
                        ],
                        [
                            -119.21540506675488,
                            40.78904429838101
                        ],
                        [
                            -119.21551284737554,
                            40.78863374780243
                        ],
                        [
                            -119.21551337273212,
                            40.78863148933153
                        ],
                        [
                            -119.21559739698425,
                            40.788217769958194
                        ],
                        [
                            -119.21559779746903,
                            40.78821546342608
                        ],
                        [
                            -119.21565790584249,
                            40.78779936284815
                        ],
                        [
                            -119.21565817589983,
                            40.78779702104773
                        ],
                        [
                            -119.2156942544198,
                            40.787379331373586
                        ],
                        [
                            -119.21569439020344,
                            40.787376968051014
                        ],
                        [
                            -119.21570522658558,
                            40.786998447024644
                        ],
                        [
                            -119.21663660349071,
                            40.78699834107195
                        ]
                    ],
                    [
                        [
                            -119.21663658633064,
                            40.786916051898245
                        ],
                        [
                            -119.21570521108161,
                            40.78691615785074
                        ],
                        [
                            -119.21569423020419,
                            40.786537632882336
                        ],
                        [
                            -119.21569409353138,
                            40.78653526974454
                        ],
                        [
                            -119.21565785667813,
                            40.78611758796172
                        ],
                        [
                            -119.2156575857736,
                            40.786115246523785
                        ],
                        [
                            -119.21559732148616,
                            40.78569915903131
                        ],
                        [
                            -119.2155969202214,
                            40.785696853025684
                        ],
                        [
                            -119.21551274366111,
                            40.78528315183234
                        ],
                        [
                            -119.21551221761315,
                            40.78528089403273
                        ],
                        [
                            -119.2154042894494,
                            40.784870366590326
                        ],
                        [
                            -119.21540364565608,
                            40.78486816851669
                        ],
                        [
                            -119.21528634176127,
                            40.78450541580202
                        ],
                        [
                            -119.21618426743066,
                            40.78432313534043
                        ],
                        [
                            -119.21631460244275,
                            40.784726167248536
                        ],
                        [
                            -119.21643058507162,
                            40.78516730642869
                        ],
                        [
                            -119.21652103765601,
                            40.78561181934853
                        ],
                        [
                            -119.21658579296603,
                            40.7860588677427
                        ],
                        [
                            -119.21662473132832,
                            40.786507609534056
                        ],
                        [
                            -119.21663658633064,
                            40.786916051898245
                        ]
                    ],
                    [
                        [
                            -119.21615729396366,
                            40.78966964350599
                        ],
                        [
                            -119.21600817272531,
                            40.790057206334055
                        ],
                        [
                            -119.21581722507527,
                            40.790483295461165
                        ],
                        [
                            -119.21560187931786,
                            40.79090272874896
                        ],
                        [
                            -119.21536253702848,
                            40.79131470832887
                        ],
                        [
                            -119.21509964580335,
                            40.791718449164875
                        ],
                        [
                            -119.21483254831017,
                            40.792087159900625
                        ],
                        [
                            -119.21403170797487,
                            40.79173721432219
                        ],
                        [
                            -119.21426759981473,
                            40.79141158697949
                        ],
                        [
                            -119.21426875884008,
                            40.79140990029327
                        ],
                        [
                            -119.2145132266075,
                            40.79103446157166
                        ],
                        [
                            -119.21451432371073,
                            40.79103267914759
                        ],
                        [
                            -119.21473692560771,
                            40.79064952399898
                        ],
                        [
                            -119.21473795128864,
                            40.7906476479466
                        ],
                        [
                            -119.21493826388789,
                            40.79025750585574
                        ],
                        [
                            -119.2149392083708,
                            40.790255539735604
                        ],
                        [
                            -119.21511685070215,
                            40.789859153476684
                        ],
                        [
                            -119.21511770416859,
                            40.78985710242613
                        ],
                        [
                            -119.2152598486499,
                            40.78948768610596
                        ],
                        [
                            -119.21615729396366,
                            40.78966964350599
                        ]
                    ],
                    [
                        [
                            -119.21615621396896,
                            40.78424486262774
                        ],
                        [
                            -119.21525891926294,
                            40.78442701500266
                        ],
                        [
                            -119.2151166494626,
                            40.784057624625675
                        ],
                        [
                            -119.21511579564826,
                            40.78405557453053
                        ],
                        [
                            -119.21493802661878,
                            40.78365922507595
                        ],
                        [
                            -119.21493708191024,
                            40.78365725995186
                        ],
                        [
                            -119.21473665156813,
                            40.78326715870567
                        ],
                        [
                            -119.21473562577941,
                            40.78326528366446
                        ],
                        [
                            -119.21451291599101,
                            40.78288217308997
                        ],
                        [
                            -119.2145118188895,
                            40.78288039166916
                        ],
                        [
                            -119.21426725390317,
                            40.78250500091192
                        ],
                        [
                            -119.2142660949778,
                            40.782503315201204
                        ],
                        [
                            -119.21403012467664,
                            40.78217772988484
                        ],
                        [
                            -119.21483071200645,
                            40.781827631954485
                        ],
                        [
                            -119.21509790253297,
                            40.782196287273564
                        ],
                        [
                            -119.21536090721054,
                            40.78259997323446
                        ],
                        [
                            -119.21560037528778,
                            40.78301190191278
                        ],
                        [
                            -119.21581585820043,
                            40.783431288645524
                        ],
                        [
                            -119.21600695332096,
                            40.783857335900485
                        ],
                        [
                            -119.21615621396896,
                            40.78424486262774
                        ]
                    ],
                    [
                        [
                            -119.21598270935698,
                            40.796841735001856
                        ],
                        [
                            -119.21544644156523,
                            40.797230480087094
                        ],
                        [
                            -119.21484214955738,
                            40.79763177718147
                        ],
                        [
                            -119.2142298987527,
                            40.79800386428051
                        ],
                        [
                            -119.21368402866247,
                            40.79746546504354
                        ],
                        [
                            -119.2142454329198,
                            40.79712428118869
                        ],
                        [
                            -119.21424682596756,
                            40.79712339584533
                        ],
                        [
                            -119.21481984854105,
                            40.79674286659687
                        ],
                        [
                            -119.2148212356165,
                            40.79674190388996
                        ],
                        [
                            -119.21512220264525,
                            40.79652373197023
                        ],
                        [
                            -119.21513994703655,
                            40.79653403961882
                        ],
                        [
                            -119.21516658812648,
                            40.79654688825765
                        ],
                        [
                            -119.21519460708454,
                            40.79655793022033
                        ],
                        [
                            -119.21522379066789,
                            40.79656708146996
                        ],
                        [
                            -119.21525391676968,
                            40.796574272359194
                        ],
                        [
                            -119.2152847561097,
                            40.79657944816039
                        ],
                        [
                            -119.21531607397924,
                            40.79658256948207
                        ],
                        [
                            -119.21534763202753,
                            40.796583612568845
                        ],
                        [
                            -119.21537919007581,
                            40.79658256948207
                        ],
                        [
                            -119.21541050794535,
                            40.79657944816039
                        ],
                        [
                            -119.21544134728536,
                            40.796574272359194
                        ],
                        [
                            -119.21547147338715,
                            40.79656708146996
                        ],
                        [
                            -119.2155006569705,
                            40.79655793022033
                        ],
                        [
                            -119.21552867592857,
                            40.79654688825765
                        ],
                        [
                            -119.2155553170185,
                            40.79653403961882
                        ],
                        [
                            -119.21556709942688,
                            40.79652719526316
                        ],
                        [
                            -119.21598270935698,
                            40.796841735001856
                        ]
                    ],
                    [
                        [
                            -119.21597883603303,
                            40.777072812433246
                        ],
                        [
                            -119.21556347320492,
                            40.77738743846774
                        ],
                        [
                            -119.21555177814136,
                            40.7773806429628
                        ],
                        [
                            -119.21552514466404,
                            40.777367794413344
                        ],
                        [
                            -119.21549713374598,
                            40.77735675253144
                        ],
                        [
                            -119.21546795856537,
                            40.77734760135154
                        ],
                        [
                            -119.21543784116093,
                            40.77734041051886
                        ],
                        [
                            -119.21540701074181,
                            40.77733523475935
                        ],
                        [
                            -119.2153757019435,
                            40.77733211346318
                        ],
                        [
                            -119.21534415304193,
                            40.777331070385
                        ],
                        [
                            -119.21531260414037,
                            40.77733211346318
                        ],
                        [
                            -119.21528129534205,
                            40.77733523475935
                        ],
                        [
                            -119.21525046492293,
                            40.77734041051886
                        ],
                        [
                            -119.2152203475185,
                            40.77734760135154
                        ],
                        [
                            -119.21519117233788,
                            40.77735675253144
                        ],
                        [
                            -119.21516316141982,
                            40.777367794413344
                        ],
                        [
                            -119.2151365279425,
                            40.7773806429628
                        ],
                        [
                            -119.21511871569888,
                            40.77739099290139
                        ],
                        [
                            -119.21481776569641,
                            40.777172890827316
                        ],
                        [
                            -119.21481637915687,
                            40.77717192873003
                        ],
                        [
                            -119.21424339619838,
                            40.77679151339609
                        ],
                        [
                            -119.21424200366609,
                            40.77679062857082
                        ],
                        [
                            -119.21368065245937,
                            40.77644954519783
                        ],
                        [
                            -119.21422615874587,
                            40.77591105188946
                        ],
                        [
                            -119.21483832533397,
                            40.77628300914685
                        ],
                        [
                            -119.21544257363996,
                            40.77668417956652
                        ],
                        [
                            -119.21597883603303,
                            40.777072812433246
                        ]
                    ],
                    [
                        [
                            -119.21565876544881,
                            40.792537986530476
                        ],
                        [
                            -119.21536032685773,
                            40.792910446536574
                        ],
                        [
                            -119.21500535797455,
                            40.79331276190667
                        ],
                        [
                            -119.2146274937859,
                            40.793703021616444
                        ],
                        [
                            -119.2142274492745,
                            40.79408047770857
                        ],
                        [
                            -119.21380598252134,
                            40.794444406267964
                        ],
                        [
                            -119.21338818576618,
                            40.79477489299958
                        ],
                        [
                            -119.21273901109343,
                            40.79428354314574
                        ],
                        [
                            -119.21311018722936,
                            40.79398993694538
                        ],
                        [
                            -119.21311155157233,
                            40.79398880917969
                        ],
                        [
                            -119.21350521559434,
                            40.793648891121386
                        ],
                        [
                            -119.21350656188693,
                            40.793647675820345
                        ],
                        [
                            -119.21388026239782,
                            40.79329508018227
                        ],
                        [
                            -119.2138815851899,
                            40.79329377437174
                        ],
                        [
                            -119.21423461094481,
                            40.79292917253624
                        ],
                        [
                            -119.21423590401896,
                            40.79292777366446
                        ],
                        [
                            -119.21456758317343,
                            40.79255185986378
                        ],
                        [
                            -119.21456883953947,
                            40.79255036595668
                        ],
                        [
                            -119.21485883527683,
                            40.792188448771725
                        ],
                        [
                            -119.21565876544881,
                            40.792537986530476
                        ]
                    ],
                    [
                        [
                            -119.21565663079069,
                            40.781376632713126
                        ],
                        [
                            -119.21485697365007,
                            40.781726333971314
                        ],
                        [
                            -119.2145668988585,
                            40.7813644772086
                        ],
                        [
                            -119.214565642768,
                            40.78136298424615
                        ],
                        [
                            -119.2142338923297,
                            40.78098713559553
                        ],
                        [
                            -119.21423259959093,
                            40.78098573759721
                        ],
                        [
                            -119.21387951782248,
                            40.78062120301585
                        ],
                        [
                            -119.21387819540982,
                            40.78061989800121
                        ],
                        [
                            -119.21350445458198,
                            40.7802673712095
                        ],
                        [
                            -119.21350310869788,
                            40.780266156623554
                        ],
                        [
                            -119.21310942036227,
                            40.77992630847989
                        ],
                        [
                            -119.2131080564432,
                            40.77992518134791
                        ],
                        [
                            -119.21273686666261,
                            40.77963163346857
                        ],
                        [
                            -119.21338573425697,
                            40.77914017877838
                        ],
                        [
                            -119.21380353284633,
                            40.77947058340589
                        ],
                        [
                            -119.21422502809769,
                            40.77983443203354
                        ],
                        [
                            -119.21462511954525,
                            40.78021180951337
                        ],
                        [
                            -119.21500304873908,
                            40.780601992533235
                        ],
                        [
                            -119.21535810018776,
                            40.78100423372084
                        ],
                        [
                            -119.21565663079069,
                            40.781376632713126
                        ]
                    ],
                    [
                        [
                            -119.21562450014137,
                            40.799456378801636
                        ],
                        [
                            -119.21492759278925,
                            40.79984331429104
                        ],
                        [
                            -119.21417307491322,
                            40.8002250640581
                        ],
                        [
                            -119.21342645640095,
                            40.80056812069506
                        ],
                        [
                            -119.21312448495713,
                            40.800172298749644
                        ],
                        [
                            -119.21382867004421,
                            40.799848740263926
                        ],
                        [
                            -119.21383006653616,
                            40.79984806645157
                        ],
                        [
                            -119.2145603662456,
                            40.79947857101717
                        ],
                        [
                            -119.21456176351289,
                            40.799477830001486
                        ],
                        [
                            -119.21525563368992,
                            40.79909258215164
                        ],
                        [
                            -119.21562450014137,
                            40.799456378801636
                        ]
                    ],
                    [
                        [
                            -119.2156229034388,
                            40.78699845601912
                        ],
                        [
                            -119.21561216861345,
                            40.78737342960817
                        ],
                        [
                            -119.2155762934647,
                            40.78778876480508
                        ],
                        [
                            -119.21551652109605,
                            40.788202539387626
                        ],
                        [
                            -119.21543296075457,
                            40.78861397455351
                        ],
                        [
                            -119.2153257656272,
                            40.78902229491104
                        ],
                        [
                            -119.21520608513806,
                            40.78939282168202
                        ],
                        [
                            -119.21430801698841,
                            40.78921072932125
                        ],
                        [
                            -119.21441469326095,
                            40.78888047832624
                        ],
                        [
                            -119.21441533649154,
                            40.788878279491705
                        ],
                        [
                            -119.21451450009332,
                            40.78850057381004
                        ],
                        [
                            -119.21451502547758,
                            40.78849831536597
                        ],
                        [
                            -119.21459233339543,
                            40.788117694210705
                        ],
                        [
                            -119.21459273391142,
                            40.78811538769961
                        ],
                        [
                            -119.21464803935326,
                            40.787732575648604
                        ],
                        [
                            -119.2146483094445,
                            40.78773023386266
                        ],
                        [
                            -119.21468150750995,
                            40.78734595965197
                        ],
                        [
                            -119.21468164332917,
                            40.787343596336754
                        ],
                        [
                            -119.21468488839466,
                            40.787230304723195
                        ],
                        [
                            -119.2147144105491,
                            40.78722736195848
                        ],
                        [
                            -119.21474524554567,
                            40.787222186157294
                        ],
                        [
                            -119.21477536740447,
                            40.78721499526808
                        ],
                        [
                            -119.21480454687753,
                            40.78720584401845
                        ],
                        [
                            -119.2148325618894,
                            40.78719480205577
                        ],
                        [
                            -119.21485919922716,
                            40.78718195341697
                        ],
                        [
                            -119.21488425616336,
                            40.78716739588893
                        ],
                        [
                            -119.21490754199884,
                            40.78715124026434
                        ],
                        [
                            -119.21492887951405,
                            40.78713360949839
                        ],
                        [
                            -119.21494810631788,
                            40.78711463777292
                        ],
                        [
                            -119.21496507608349,
                            40.787094469475356
                        ],
                        [
                            -119.21497965966196,
                            40.78707325809961
                        ],
                        [
                            -119.21499174606522,
                            40.787051165077976
                        ],
                        [
                            -119.21500124331047,
                            40.787028358552504
                        ],
                        [
                            -119.21500807912045,
                            40.78700501209526
                        ],
                        [
                            -119.21500920785341,
                            40.78699852046236
                        ],
                        [
                            -119.2156229034388,
                            40.78699845601912
                        ]
                    ],
                    [
                        [
                            -119.21562288754905,
                            40.786916166845195
                        ],
                        [
                            -119.2150091945419,
                            40.786916231288174
                        ],
                        [
                            -119.21500807860932,
                            40.786909813672125
                        ],
                        [
                            -119.21500124256329,
                            40.78688646725655
                        ],
                        [
                            -119.21499174510465,
                            40.78686366078764
                        ],
                        [
                            -119.21497965851721,
                            40.78684156783575
                        ],
                        [
                            -119.21496507478929,
                            40.78682035654077
                        ],
                        [
                            -119.21494810491362,
                            40.78680018833257
                        ],
                        [
                            -119.21492887804239,
                            40.78678121670237
                        ],
                        [
                            -119.21490754050447,
                            40.78676358603465
                        ],
                        [
                            -119.2148842546917,
                            40.78674743050829
                        ],
                        [
                            -119.2148591978229,
                            40.78673287307552
                        ],
                        [
                            -119.21483256059521,
                            40.78672002452608
                        ],
                        [
                            -119.21480454573279,
                            40.786708982644186
                        ],
                        [
                            -119.2147753664439,
                            40.78669983146429
                        ],
                        [
                            -119.2147452447985,
                            40.786692640631635
                        ],
                        [
                            -119.21471441003801,
                            40.78668746487213
                        ],
                        [
                            -119.21468479277179,
                            40.786684512627104
                        ],
                        [
                            -119.21468150787254,
                            40.78657121833958
                        ],
                        [
                            -119.2146813712353,
                            40.78656885519437
                        ],
                        [
                            -119.21464803915657,
                            40.78618458766288
                        ],
                        [
                            -119.21464776828591,
                            40.78618224621041
                        ],
                        [
                            -119.21459233087845,
                            40.785799445234936
                        ],
                        [
                            -119.21459192964487,
                            40.78579713920822
                        ],
                        [
                            -119.21451449281338,
                            40.785416533440504
                        ],
                        [
                            -119.21451396679306,
                            40.78541427561402
                        ],
                        [
                            -119.21441467831082,
                            40.785036589514824
                        ],
                        [
                            -119.21441403454092,
                            40.78503439140947
                        ],
                        [
                            -119.2143072531226,
                            40.7847041634582
                        ],
                        [
                            -119.21520518453701,
                            40.78452189051046
                        ],
                        [
                            -119.21532499595271,
                            40.78489239752865
                        ],
                        [
                            -119.21543233798165,
                            40.78530069548419
                        ],
                        [
                            -119.21551604989227,
                            40.78571211307123
                        ],
                        [
                            -119.21557597735732,
                            40.78612587501415
                        ],
                        [
                            -119.2156120099668,
                            40.786541202594236
                        ],
                        [
                            -119.21562288754905,
                            40.786916166845195
                        ]
                    ],
                    [
                        [
                            -119.21561973904625,
                            40.77445824741041
                        ],
                        [
                            -119.21525115521098,
                            40.77482211419495
                        ],
                        [
                            -119.21455741943943,
                            40.77443701759527
                        ],
                        [
                            -119.21455602269016,
                            40.77443627699125
                        ],
                        [
                            -119.21382587720642,
                            40.77406692251198
                        ],
                        [
                            -119.21382448118479,
                            40.77406624903275
                        ],
                        [
                            -119.21312046420265,
                            40.773742814513895
                        ],
                        [
                            -119.21342218525096,
                            40.77334694735143
                        ],
                        [
                            -119.21416859164343,
                            40.77368985524649
                        ],
                        [
                            -119.21492294479904,
                            40.77407145438206
                        ],
                        [
                            -119.21510724960586,
                            40.77417376265262
                        ],
                        [
                            -119.21561973904625,
                            40.77445824741041
                        ]
                    ],
                    [
                        [
                            -119.21519457431596,
                            40.799032361425695
                        ],
                        [
                            -119.2145225105346,
                            40.799405502014956
                        ],
                        [
                            -119.21379360847784,
                            40.79977429030641
                        ],
                        [
                            -119.21307332919423,
                            40.80010524374263
                        ],
                        [
                            -119.21279852518835,
                            40.799745027038654
                        ],
                        [
                            -119.21347839783893,
                            40.799432640345884
                        ],
                        [
                            -119.21347979432325,
                            40.799431966538926
                        ],
                        [
                            -119.21418644882118,
                            40.799074435395646
                        ],
                        [
                            -119.21418784608008,
                            40.79907369438663
                        ],
                        [
                            -119.21485878338845,
                            40.79870118043401
                        ],
                        [
                            -119.21519457431596,
                            40.799032361425695
                        ]
                    ],
                    [
                        [
                            -119.21519013105915,
                            40.77488235680547
                        ],
                        [
                            -119.21485458969161,
                            40.775213598729216
                        ],
                        [
                            -119.21418377862949,
                            40.77484122656552
                        ],
                        [
                            -119.21418238187185,
                            40.77484048595485
                        ],
                        [
                            -119.21347587177543,
                            40.77448308678784
                        ],
                        [
                            -119.2134744757462,
                            40.77448241330323
                        ],
                        [
                            -119.21279475994555,
                            40.774170142332345
                        ],
                        [
                            -119.21306934308954,
                            40.773809886554574
                        ],
                        [
                            -119.21378942395697,
                            40.774140701030355
                        ],
                        [
                            -119.21451817228343,
                            40.774509348737745
                        ],
                        [
                            -119.21519013105915,
                            40.77488235680547
                        ]
                    ],
                    [
                        [
                            -119.21517805890304,
                            40.789471102740634
                        ],
                        [
                            -119.21504130323534,
                            40.789826514185826
                        ],
                        [
                            -119.21486456150768,
                            40.790220890862194
                        ],
                        [
                            -119.21466523567602,
                            40.79060911105911
                        ],
                        [
                            -119.21444369687727,
                            40.79099043634211
                        ],
                        [
                            -119.21420035886867,
                            40.79136414004887
                        ],
                        [
                            -119.21395452741979,
                            40.79170348812253
                        ],
                        [
                            -119.2131536968432,
                            40.791353536694075
                        ],
                        [
                            -119.21336832205114,
                            40.79105727148615
                        ],
                        [
                            -119.21336948107248,
                            40.79105558483895
                        ],
                        [
                            -119.21359439499821,
                            40.79071018297982
                        ],
                        [
                            -119.2135954921014,
                            40.79070840059589
                        ],
                        [
                            -119.213800289819,
                            40.79035589949907
                        ],
                        [
                            -119.21380131550426,
                            40.79035402348715
                        ],
                        [
                            -119.21398560743043,
                            40.789995094266146
                        ],
                        [
                            -119.21398655192239,
                            40.78999312818584
                        ],
                        [
                            -119.21414998753144,
                            40.789628454181454
                        ],
                        [
                            -119.21415084101183,
                            40.78962640316912
                        ],
                        [
                            -119.21428061933923,
                            40.78928913783197
                        ],
                        [
                            -119.21517805890304,
                            40.789471102740634
                        ]
                    ],
                    [
                        [
                            -119.21517713211986,
                            40.784443617472796
                        ],
                        [
                            -119.21427983165998,
                            40.784625762341776
                        ],
                        [
                            -119.21414994796163,
                            40.78428851850599
                        ],
                        [
                            -119.21414909416117,
                            40.78428646837261
                        ],
                        [
                            -119.21398555131476,
                            40.78392182551943
                        ],
                        [
                            -119.21398460661523,
                            40.783919860355496
                        ],
                        [
                            -119.21380021503157,
                            40.78356096570541
                        ],
                        [
                            -119.21379918924714,
                            40.783559090623754
                        ],
                        [
                            -119.21359430021019,
                            40.78320662725448
                        ],
                        [
                            -119.2135932031086,
                            40.783204845793556
                        ],
                        [
                            -119.21336820689682,
                            40.782859484531464
                        ],
                        [
                            -119.21336704796742,
                            40.782857798781734
                        ],
                        [
                            -119.21315235686443,
                            40.78256156844928
                        ],
                        [
                            -119.21395295395077,
                            40.78221147636499
                        ],
                        [
                            -119.21419886469299,
                            40.7825507772279
                        ],
                        [
                            -119.21444229997228,
                            40.782924433961036
                        ],
                        [
                            -119.2146639466101,
                            40.78330571567909
                        ],
                        [
                            -119.21486339001802,
                            40.78369389603722
                        ],
                        [
                            -119.21504025815648,
                            40.78408823688733
                        ],
                        [
                            -119.21517713211986,
                            40.784443617472796
                        ]
                    ],
                    [
                        [
                            -119.2150600078352,
                            40.796143415972644
                        ],
                        [
                            -119.21505102882732,
                            40.79615227453437
                        ],
                        [
                            -119.21503405656121,
                            40.796172442742545
                        ],
                        [
                            -119.21501947077901,
                            40.79619365403751
                        ],
                        [
                            -119.21500738248902,
                            40.79621574698939
                        ],
                        [
                            -119.21499788369253,
                            40.79623855345828
                        ],
                        [
                            -119.21499104668355,
                            40.79626189987386
                        ],
                        [
                            -119.2149869234985,
                            40.79628560855624
                        ],
                        [
                            -119.21498554552022,
                            40.796309499068364
                        ],
                        [
                            -119.21498692323888,
                            40.796333389589066
                        ],
                        [
                            -119.2149910461722,
                            40.79635709829699
                        ],
                        [
                            -119.21499788294499,
                            40.79638044475425
                        ],
                        [
                            -119.21500738152801,
                            40.796403251279735
                        ],
                        [
                            -119.21501946963372,
                            40.79642534430136
                        ],
                        [
                            -119.21503405526643,
                            40.79644655567713
                        ],
                        [
                            -119.2150510274224,
                            40.79646672397471
                        ],
                        [
                            -119.21505509833618,
                            40.7964707403147
                        ],
                        [
                            -119.21477362243212,
                            40.79667478305852
                        ],
                        [
                            -119.21420199091745,
                            40.79705438854134
                        ],
                        [
                            -119.21362362065518,
                            40.79740588319609
                        ],
                        [
                            -119.213055714753,
                            40.796845736430996
                        ],
                        [
                            -119.21358200734198,
                            40.796525892984405
                        ],
                        [
                            -119.21358340037452,
                            40.796525007656356
                        ],
                        [
                            -119.21412257492007,
                            40.79616695843146
                        ],
                        [
                            -119.21412396197968,
                            40.79616599574258
                        ],
                        [
                            -119.21461731104642,
                            40.79580836828145
                        ],
                        [
                            -119.2150600078352,
                            40.796143415972644
                        ]
                    ],
                    [
                        [
                            -119.2150566678092,
                            40.77777132488215
                        ],
                        [
                            -119.2146142177362,
                            40.77810646055364
                        ],
                        [
                            -119.21412088963928,
                            40.77774893698715
                        ],
                        [
                            -119.21411950308394,
                            40.77774797487188
                        ],
                        [
                            -119.21358036361168,
                            40.777390026501706
                        ],
                        [
                            -119.21357897106417,
                            40.777389141661146
                        ],
                        [
                            -119.21305272469296,
                            40.7770693864974
                        ],
                        [
                            -119.21362027381026,
                            40.776509147032264
                        ],
                        [
                            -119.21419856817423,
                            40.77686052526017
                        ],
                        [
                            -119.21477016060082,
                            40.77724001739098
                        ],
                        [
                            -119.21505163727517,
                            40.777444006910756
                        ],
                        [
                            -119.21504763336958,
                            40.77744795821993
                        ],
                        [
                            -119.2150306658832,
                            40.77746812642814
                        ],
                        [
                            -119.21501608420866,
                            40.77748933772312
                        ],
                        [
                            -119.21500399932297,
                            40.777511430675034
                        ],
                        [
                            -119.21499450320157,
                            40.77753423714395
                        ],
                        [
                            -119.21498766811806,
                            40.77755758355954
                        ],
                        [
                            -119.21498354609426,
                            40.77758129224193
                        ],
                        [
                            -119.21498216850414,
                            40.77760518275404
                        ],
                        [
                            -119.21498354583488,
                            40.77762907327475
                        ],
                        [
                            -119.2149876676072,
                            40.77765278198265
                        ],
                        [
                            -119.21499450245473,
                            40.7776761284399
                        ],
                        [
                            -119.21500399836286,
                            40.777698934965365
                        ],
                        [
                            -119.21501608306444,
                            40.777721027986985
                        ],
                        [
                            -119.21503066458962,
                            40.777742239362716
                        ],
                        [
                            -119.21504763196599,
                            40.77776240766027
                        ],
                        [
                            -119.2150566678092,
                            40.77777132488215
                        ]
                    ],
                    [
                        [
                            -119.21479772469485,
                            40.798640959292534
                        ],
                        [
                            -119.21414859319614,
                            40.799001366348946
                        ],
                        [
                            -119.21344333634293,
                            40.79935819035527
                        ],
                        [
                            -119.21274737006034,
                            40.79967797172184
                        ],
                        [
                            -119.21229148511873,
                            40.79908038027713
                        ],
                        [
                            -119.21293353869251,
                            40.79878537170144
                        ],
                        [
                            -119.212934935165,
                            40.79878469790288
                        ],
                        [
                            -119.21360480854399,
                            40.798445777585314
                        ],
                        [
                            -119.21360620578983,
                            40.79844503658667
                        ],
                        [
                            -119.21424147008221,
                            40.79809233056925
                        ],
                        [
                            -119.21479772469485,
                            40.798640959292534
                        ]
                    ],
                    [
                        [
                            -119.21479356486009,
                            40.77527384092477
                        ],
                        [
                            -119.21423770062226,
                            40.775822571927144
                        ],
                        [
                            -119.21360255055474,
                            40.77546999367951
                        ],
                        [
                            -119.21360115378407,
                            40.775469253058475
                        ],
                        [
                            -119.21293141016704,
                            40.77513045133733
                        ],
                        [
                            -119.21293001412597,
                            40.77512977784434
                        ],
                        [
                            -119.21228810043232,
                            40.774834872619756
                        ],
                        [
                            -119.21274363819833,
                            40.774237214063696
                        ],
                        [
                            -119.21343941844808,
                            40.774556865267776
                        ],
                        [
                            -119.21414453137945,
                            40.77491355765702
                        ],
                        [
                            -119.21479356486009,
                            40.77527384092477
                        ]
                    ],
                    [
                        [
                            -119.21478073389108,
                            40.792154320942075
                        ],
                        [
                            -119.21450523295536,
                            40.79249814848938
                        ],
                        [
                            -119.2141748300484,
                            40.7928726158348
                        ],
                        [
                            -119.21382311367094,
                            40.79323586535701
                        ],
                        [
                            -119.21345074905787,
                            40.79358720054259
                        ],
                        [
                            -119.21305844161745,
                            40.79392594722999
                        ],
                        [
                            -119.21267122838071,
                            40.794232239031
                        ],
                        [
                            -119.21202206468989,
                            40.793740885439156
                        ],
                        [
                            -119.21236265771837,
                            40.793471473311406
                        ],
                        [
                            -119.21236402204563,
                            40.793470345569204
                        ],
                        [
                            -119.2127285266055,
                            40.79315560902418
                        ],
                        [
                            -119.21272987288296,
                            40.793154393749646
                        ],
                        [
                            -119.21307589325929,
                            40.79282791866813
                        ],
                        [
                            -119.2130772160373,
                            40.79282661288709
                        ],
                        [
                            -119.21340409365952,
                            40.79248902090137
                        ],
                        [
                            -119.21340538672125,
                            40.79248762206196
                        ],
                        [
                            -119.21371249949644,
                            40.792139555962166
                        ],
                        [
                            -119.21371375585228,
                            40.79213806209007
                        ],
                        [
                            -119.21398081344854,
                            40.791804777331926
                        ],
                        [
                            -119.21478073389108,
                            40.792154320942075
                        ]
                    ],
                    [
                        [
                            -119.21477888339945,
                            40.78176048330908
                        ],
                        [
                            -119.21397921653187,
                            40.78211017872006
                        ],
                        [
                            -119.2137120916526,
                            40.78177694563829
                        ],
                        [
                            -119.21371083555188,
                            40.78177545264087
                        ],
                        [
                            -119.21340366166231,
                            40.78142744239675
                        ],
                        [
                            -119.21340236891112,
                            40.7814260443661
                        ],
                        [
                            -119.21307544326635,
                            40.781088510039964
                        ],
                        [
                            -119.21307412083964,
                            40.78108720499587
                        ],
                        [
                            -119.212728065898,
                            40.78076078893902
                        ],
                        [
                            -119.21272671999878,
                            40.7807595743266
                        ],
                        [
                            -119.21236219459392,
                            40.780444897722106
                        ],
                        [
                            -119.21236083065915,
                            40.78044377056668
                        ],
                        [
                            -119.21202022551635,
                            40.78017440757807
                        ],
                        [
                            -119.2126691040842,
                            40.77968295662214
                        ],
                        [
                            -119.21305631844788,
                            40.779989177216706
                        ],
                        [
                            -119.2134486506198,
                            40.78032785466347
                        ],
                        [
                            -119.21382105594591,
                            40.78067912175836
                        ],
                        [
                            -119.2141728286961,
                            40.78104230486121
                        ],
                        [
                            -119.21450330319419,
                            40.78141670796617
                        ],
                        [
                            -119.21477888339945,
                            40.78176048330908
                        ]
                    ],
                    [
                        [
                            -119.21460260997763,
                            40.78722875085333
                        ],
                        [
                            -119.21459942179304,
                            40.78734005664328
                        ],
                        [
                            -119.21456642713373,
                            40.78772197638741
                        ],
                        [
                            -119.21451145772943,
                            40.78810246246078
                        ],
                        [
                            -119.21443461375175,
                            40.78848079943292
                        ],
                        [
                            -119.21433603566902,
                            40.78885627492261
                        ],
                        [
                            -119.21422685697857,
                            40.789194272963734
                        ],
                        [
                            -119.21332879457003,
                            40.78901217308656
                        ],
                        [
                            -119.21342496792317,
                            40.78871445094916
                        ],
                        [
                            -119.21342561117724,
                            40.788712252146304
                        ],
                        [
                            -119.21351615681552,
                            40.78836739121368
                        ],
                        [
                            -119.21351668222745,
                            40.78836513279645
                        ],
                        [
                            -119.21358727283602,
                            40.788017609743115
                        ],
                        [
                            -119.21358767338322,
                            40.78801530325305
                        ],
                        [
                            -119.21363817489548,
                            40.78766577964542
                        ],
                        [
                            -119.21363844502062,
                            40.78766343787395
                        ],
                        [
                            -119.21366876161812,
                            40.78731257907643
                        ],
                        [
                            -119.2136688974729,
                            40.787310215768564
                        ],
                        [
                            -119.21367527426332,
                            40.787087708005686
                        ],
                        [
                            -119.21429500533777,
                            40.78700499762829
                        ],
                        [
                            -119.21429500785322,
                            40.78700501209526
                        ],
                        [
                            -119.21430184366321,
                            40.787028358552504
                        ],
                        [
                            -119.21431134090845,
                            40.787051165077976
                        ],
                        [
                            -119.2143234273117,
                            40.78707325809961
                        ],
                        [
                            -119.21433801089019,
                            40.787094469475356
                        ],
                        [
                            -119.2143549806558,
                            40.78711463777292
                        ],
                        [
                            -119.21437420745963,
                            40.78713360949839
                        ],
                        [
                            -119.21439554497482,
                            40.78715124026434
                        ],
                        [
                            -119.21441883081029,
                            40.78716739588893
                        ],
                        [
                            -119.2144438877465,
                            40.78718195341697
                        ],
                        [
                            -119.21447052508427,
                            40.78719480205577
                        ],
                        [
                            -119.21449854009614,
                            40.78720584401845
                        ],
                        [
                            -119.2145277195692,
                            40.78721499526808
                        ],
                        [
                            -119.214557841428,
                            40.787222186157294
                        ],
                        [
                            -119.21458867642457,
                            40.78722736195848
                        ],
                        [
                            -119.21460260997763,
                            40.78722875085333
                        ]
                    ],
                    [
                        [
                            -119.2146025146202,
                            40.78668608553364
                        ],
                        [
                            -119.21458867693566,
                            40.78668746487213
                        ],
                        [
                            -119.21455784217517,
                            40.786692640631635
                        ],
                        [
                            -119.21452772052976,
                            40.78669983146429
                        ],
                        [
                            -119.21449854124089,
                            40.786708982644186
                        ],
                        [
                            -119.21447052637845,
                            40.78672002452608
                        ],
                        [
                            -119.21444388915074,
                            40.78673287307552
                        ],
                        [
                            -119.21441883228195,
                            40.78674743050829
                        ],
                        [
                            -119.2143955464692,
                            40.78676358603465
                        ],
                        [
                            -119.21437420893128,
                            40.78678121670237
                        ],
                        [
                            -119.21435498206004,
                            40.78680018833257
                        ],
                        [
                            -119.21433801218437,
                            40.78682035654077
                        ],
                        [
                            -119.21432342845645,
                            40.78684156783575
                        ],
                        [
                            -119.214311341869,
                            40.78686366078764
                        ],
                        [
                            -119.21430184441037,
                            40.78688646725655
                        ],
                        [
                            -119.21429501253563,
                            40.78690979942642
                        ],
                        [
                            -119.21367522463821,
                            40.78682702797409
                        ],
                        [
                            -119.21366878451674,
                            40.78660479494337
                        ],
                        [
                            -119.21366864791506,
                            40.786602431790726
                        ],
                        [
                            -119.21363821959758,
                            40.786251578561306
                        ],
                        [
                            -119.2136379487608,
                            40.7862492370943
                        ],
                        [
                            -119.2135873372356,
                            40.78589972271978
                        ],
                        [
                            -119.21358693603321,
                            40.785897416671986
                        ],
                        [
                            -119.21351623795604,
                            40.78554990644645
                        ],
                        [
                            -119.21351571196335,
                            40.78554764859309
                        ],
                        [
                            -119.21342506221862,
                            40.78520280398536
                        ],
                        [
                            -119.21342441847216,
                            40.78520060584828
                        ],
                        [
                            -119.21332815862407,
                            40.78490290283926
                        ],
                        [
                            -119.2142260957833,
                            40.78472063740547
                        ],
                        [
                            -119.21433538450873,
                            40.78505861935457
                        ],
                        [
                            -119.21443408688187,
                            40.78543407593771
                        ],
                        [
                            -119.2145110590932,
                            40.785812398074896
                        ],
                        [
                            -119.21456615971097,
                            40.786192873483074
                        ],
                        [
                            -119.21459928758084,
                            40.78657478680092
                        ],
                        [
                            -119.2146025146202,
                            40.78668608553364
                        ]
                    ],
                    [
                        [
                            -119.2145487193821,
                            40.79575645469968
                        ],
                        [
                            -119.2140763490342,
                            40.79609887474182
                        ],
                        [
                            -119.21353856553223,
                            40.796456000217475
                        ],
                        [
                            -119.212980663683,
                            40.79679505353886
                        ],
                        [
                            -119.21240370581502,
                            40.79711538394898
                        ],
                        [
                            -119.21180879110803,
                            40.7974163765793
                        ],
                        [
                            -119.21122628275384,
                            40.797684023572906
                        ],
                        [
                            -119.21040828215959,
                            40.79661167295119
                        ],
                        [
                            -119.21090986917362,
                            40.79638120858505
                        ],
                        [
                            -119.21091126560208,
                            40.79638053481767
                        ],
                        [
                            -119.21144452681996,
                            40.79611073729262
                        ],
                        [
                            -119.21144592401731,
                            40.79610999633252
                        ],
                        [
                            -119.21196312792725,
                            40.79582284414008
                        ],
                        [
                            -119.21196452414354,
                            40.79582203271134
                        ],
                        [
                            -119.21246468603412,
                            40.79551807268353
                        ],
                        [
                            -119.212466079041,
                            40.79551718738127
                        ],
                        [
                            -119.21294824669316,
                            40.795196998350015
                        ],
                        [
                            -119.2129496337261,
                            40.795196035691475
                        ],
                        [
                            -119.2133882126875,
                            40.794878115109526
                        ],
                        [
                            -119.2145487193821,
                            40.79575645469968
                        ]
                    ],
                    [
                        [
                            -119.21454565082692,
                            40.778158395725335
                        ],
                        [
                            -119.21338573740124,
                            40.779036947620526
                        ],
                        [
                            -119.21294717632918,
                            40.77871911051733
                        ],
                        [
                            -119.2129457897472,
                            40.77871814837175
                        ],
                        [
                            -119.21246365014403,
                            40.77839803999648
                        ],
                        [
                            -119.21246225757088,
                            40.77839715513018
                        ],
                        [
                            -119.21196214219134,
                            40.77809327452594
                        ],
                        [
                            -119.21196074638398,
                            40.778092463462144
                        ],
                        [
                            -119.21144360709324,
                            40.77780538885644
                        ],
                        [
                            -119.21144221027416,
                            40.77780464819695
                        ],
                        [
                            -119.21090903129172,
                            40.77753492583131
                        ],
                        [
                            -119.2109076352067,
                            40.77753425230719
                        ],
                        [
                            -119.21040613363576,
                            40.77730385150486
                        ],
                        [
                            -119.21122362680275,
                            40.776231397073644
                        ],
                        [
                            -119.21180600142746,
                            40.77649895106045
                        ],
                        [
                            -119.21240081370935,
                            40.77679985001222
                        ],
                        [
                            -119.21297769121679,
                            40.777120083776495
                        ],
                        [
                            -119.21353553538015,
                            40.77745903823121
                        ],
                        [
                            -119.21407328430506,
                            40.777816063381735
                        ],
                        [
                            -119.21454565082692,
                            40.778158395725335
                        ]
                    ],
                    [
                        [
                            -119.21419882969828,
                            40.78927255369756
                        ],
                        [
                            -119.21407444046356,
                            40.78959581396774
                        ],
                        [
                            -119.21391190546976,
                            40.789958478428616
                        ],
                        [
                            -119.21372860031792,
                            40.79031548579579
                        ],
                        [
                            -119.2135248657005,
                            40.79066615706763
                        ],
                        [
                            -119.21330108153188,
                            40.791009823951015
                        ],
                        [
                            -119.21307651667657,
                            40.79131980968937
                        ],
                        [
                            -119.21227569585865,
                            40.7909698524111
                        ],
                        [
                            -119.212469053885,
                            40.79070294901166
                        ],
                        [
                            -119.21247021290236,
                            40.790701262403495
                        ],
                        [
                            -119.21267557236368,
                            40.790385897099966
                        ],
                        [
                            -119.21267666946682,
                            40.790384114756165
                        ],
                        [
                            -119.21286366231405,
                            40.790062267425974
                        ],
                        [
                            -119.21286468800363,
                            40.7900603914545
                        ],
                        [
                            -119.21303295850264,
                            40.789732674842064
                        ],
                        [
                            -119.21303390300362,
                            40.789730708801606
                        ],
                        [
                            -119.21318313107912,
                            40.789397746816356
                        ],
                        [
                            -119.21318398457345,
                            40.78939569584223
                        ],
                        [
                            -119.21330139588456,
                            40.78909058128039
                        ],
                        [
                            -119.21419882969828,
                            40.78927255369756
                        ]
                    ],
                    [
                        [
                            -119.21419804441074,
                            40.78464236404284
                        ],
                        [
                            -119.21330073819715,
                            40.78482450140576
                        ],
                        [
                            -119.21318323973915,
                            40.784519404319255
                        ],
                        [
                            -119.21318238595259,
                            40.78451735414767
                        ],
                        [
                            -119.21303306847888,
                            40.78418441813155
                        ],
                        [
                            -119.21303212378834,
                            40.78418245292777
                        ],
                        [
                            -119.21286377020999,
                            40.78385476513533
                        ],
                        [
                            -119.21286274442987,
                            40.783852890013236
                        ],
                        [
                            -119.21267567545442,
                            40.78353107413455
                        ],
                        [
                            -119.21267457835275,
                            40.783529292633496
                        ],
                        [
                            -119.21246915029377,
                            40.78321396117362
                        ],
                        [
                            -119.21246799136038,
                            40.783212275384884
                        ],
                        [
                            -119.2122745789069,
                            40.78294540036271
                        ],
                        [
                            -119.21307518574983,
                            40.78259531412464
                        ],
                        [
                            -119.21329981725623,
                            40.78290526020481
                        ],
                        [
                            -119.21352368375888,
                            40.78324888740315
                        ],
                        [
                            -119.21372750964741,
                            40.78359952187578
                        ],
                        [
                            -119.21391091430355,
                            40.78395649559758
                        ],
                        [
                            -119.21407355627032,
                            40.78431912980699
                        ],
                        [
                            -119.21419804441074,
                            40.78464236404284
                        ]
                    ],
                    [
                        [
                            -119.214180412206,
                            40.798032108915166
                        ],
                        [
                            -119.21356695305272,
                            40.798372708469394
                        ],
                        [
                            -119.21289847730566,
                            40.798710921659506
                        ],
                        [
                            -119.21224033076045,
                            40.79901332457855
                        ],
                        [
                            -119.21179350911996,
                            40.79842760009315
                        ],
                        [
                            -119.21239841951639,
                            40.798149658931045
                        ],
                        [
                            -119.21239981597722,
                            40.79814898514073
                        ],
                        [
                            -119.21303356542359,
                            40.797828342964515
                        ],
                        [
                            -119.21303496265661,
                            40.79782760197607
                        ],
                        [
                            -119.21363519118064,
                            40.797494349859896
                        ],
                        [
                            -119.214180412206,
                            40.798032108915166
                        ]
                    ],
                    [
                        [
                            -119.21417667497407,
                            40.77588281361076
                        ],
                        [
                            -119.21363181649012,
                            40.776420667444675
                        ],
                        [
                            -119.2130316908437,
                            40.7760875299708
                        ],
                        [
                            -119.21303029406023,
                            40.7760867893396
                        ],
                        [
                            -119.2123966607592,
                            40.775766253314835
                        ],
                        [
                            -119.21239526470652,
                            40.775765579813616
                        ],
                        [
                            -119.21179047864081,
                            40.77548773061219
                        ],
                        [
                            -119.21223697791628,
                            40.774901943969915
                        ],
                        [
                            -119.21289495671874,
                            40.7752042297576
                        ],
                        [
                            -119.21356330315831,
                            40.77554232469167
                        ],
                        [
                            -119.21417667497407,
                            40.77588281361076
                        ]
                    ],
                    [
                        [
                            -119.21390271248069,
                            40.79177064869849
                        ],
                        [
                            -119.21365014967266,
                            40.79208584413035
                        ],
                        [
                            -119.21334431313367,
                            40.79243246380853
                        ],
                        [
                            -119.21301874487574,
                            40.79276870351176
                        ],
                        [
                            -119.21267406038245,
                            40.79309391816887
                        ],
                        [
                            -119.21231091238862,
                            40.79340748336803
                        ],
                        [
                            -119.21195428271542,
                            40.79368958062499
                        ],
                        [
                            -119.21152550664726,
                            40.79336503100685
                        ],
                        [
                            -119.21153449360084,
                            40.793356164114975
                        ],
                        [
                            -119.21155146496164,
                            40.7933359958174
                        ],
                        [
                            -119.21156604991099,
                            40.793314784441634
                        ],
                        [
                            -119.21157813745036,
                            40.79329269142001
                        ],
                        [
                            -119.21158763558836,
                            40.793269884894535
                        ],
                        [
                            -119.21159447204089,
                            40.79324653843727
                        ],
                        [
                            -119.21159859478102,
                            40.79322282972936
                        ],
                        [
                            -119.21159997243517,
                            40.793198939208644
                        ],
                        [
                            -119.21159859452146,
                            40.79317504869653
                        ],
                        [
                            -119.21159447152961,
                            40.79315134001414
                        ],
                        [
                            -119.21158763484095,
                            40.793127993598574
                        ],
                        [
                            -119.2115781364895,
                            40.79310518712967
                        ],
                        [
                            -119.2115660487659,
                            40.79308309417778
                        ],
                        [
                            -119.21155146366708,
                            40.793061882882824
                        ],
                        [
                            -119.21153449219617,
                            40.79304171467464
                        ],
                        [
                            -119.21152047506064,
                            40.79302788491976
                        ],
                        [
                            -119.21161513988227,
                            40.79295300485352
                        ],
                        [
                            -119.21161650419383,
                            40.792951877134804
                        ],
                        [
                            -119.21195184915767,
                            40.7926623217194
                        ],
                        [
                            -119.21195319542,
                            40.792661106471364
                        ],
                        [
                            -119.21227153544008,
                            40.7923607515686
                        ],
                        [
                            -119.21227285820405,
                            40.79235944581705
                        ],
                        [
                            -119.21257358738568,
                            40.792048863312104
                        ],
                        [
                            -119.21257488043499,
                            40.79204746450506
                        ],
                        [
                            -119.2128574264392,
                            40.79172724574867
                        ],
                        [
                            -119.21285868278484,
                            40.79172575191158
                        ],
                        [
                            -119.21310280176743,
                            40.79142109923707
                        ],
                        [
                            -119.21390271248069,
                            40.79177064869849
                        ]
                    ],
                    [
                        [
                            -119.21390112586302,
                            40.782144327254315
                        ],
                        [
                            -119.2131014492684,
                            40.78249401681794
                        ],
                        [
                            -119.2128572738301,
                            40.78218940776041
                        ],
                        [
                            -119.21285601771918,
                            40.78218791472802
                        ],
                        [
                            -119.21257341998773,
                            40.78186774324787
                        ],
                        [
                            -119.21257212722412,
                            40.78186634518489
                        ],
                        [
                            -119.2122713573962,
                            40.78155581148302
                        ],
                        [
                            -119.21227003495544,
                            40.78155450640946
                        ],
                        [
                            -119.2119516656793,
                            40.78125420146515
                        ],
                        [
                            -119.21195031976495,
                            40.781252986826274
                        ],
                        [
                            -119.21182892171161,
                            40.7811481889029
                        ],
                        [
                            -119.2118291133306,
                            40.78114486465884
                        ],
                        [
                            -119.21182470389402,
                            40.78106841505033
                        ],
                        [
                            -119.21181151182951,
                            40.780992547356504
                        ],
                        [
                            -119.21178963756597,
                            40.78091783897332
                        ],
                        [
                            -119.21175924760725,
                            40.78084485847184
                        ],
                        [
                            -119.21172057326415,
                            40.78077416127116
                        ],
                        [
                            -119.21167390889329,
                            40.78070628541152
                        ],
                        [
                            -119.21161960965605,
                            40.78064174745979
                        ],
                        [
                            -119.21155808881534,
                            40.78058103857833
                        ],
                        [
                            -119.21152233515343,
                            40.78055149386205
                        ],
                        [
                            -119.21195246219987,
                            40.780225730032726
                        ],
                        [
                            -119.21230909238177,
                            40.78050776620762
                        ],
                        [
                            -119.21267226160772,
                            40.78082127209048
                        ],
                        [
                            -119.21301698103278,
                            40.78114642842235
                        ],
                        [
                            -119.21334259764602,
                            40.78148261123912
                        ],
                        [
                            -119.21364849558395,
                            40.78182917590386
                        ],
                        [
                            -119.21390112586302,
                            40.782144327254315
                        ]
                    ],
                    [
                        [
                            -119.2135926352207,
                            40.78709873715476
                        ],
                        [
                            -119.2135866759907,
                            40.78730667482399
                        ],
                        [
                            -119.21355656283421,
                            40.787655179166364
                        ],
                        [
                            -119.21350639739225,
                            40.78800237681386
                        ],
                        [
                            -119.2134362707534,
                            40.78834761570818
                        ],
                        [
                            -119.2133463106598,
                            40.78869024647836
                        ],
                        [
                            -119.21324763470523,
                            40.78899571587448
                        ],
                        [
                            -119.21179104278013,
                            40.78870034501305
                        ],
                        [
                            -119.211795685835,
                            40.788686987297105
                        ],
                        [
                            -119.21179611204711,
                            40.788685692324606
                        ],
                        [
                            -119.211886584104,
                            40.78839465759563
                        ],
                        [
                            -119.21188720445049,
                            40.788392446063064
                        ],
                        [
                            -119.21196082267532,
                            40.788098700409684
                        ],
                        [
                            -119.21196132367788,
                            40.78809643145132
                        ],
                        [
                            -119.21201794815047,
                            40.787800534067344
                        ],
                        [
                            -119.2120183230563,
                            40.787798219493546
                        ],
                        [
                            -119.21205784621176,
                            40.78750073366139
                        ],
                        [
                            -119.21205808978634,
                            40.787498386479044
                        ],
                        [
                            -119.21207282352583,
                            40.78730157384318
                        ],
                        [
                            -119.2135926352207,
                            40.78709873715476
                        ]
                    ],
                    [
                        [
                            -119.21359258107812,
                            40.786815991089505
                        ],
                        [
                            -119.2120741889078,
                            40.78661321280736
                        ],
                        [
                            -119.21207354598484,
                            40.78659733379527
                        ],
                        [
                            -119.2120733823705,
                            40.78659497383269
                        ],
                        [
                            -119.21204407751448,
                            40.786296811166075
                        ],
                        [
                            -119.21204378028992,
                            40.78629447568513
                        ],
                        [
                            -119.21199732655163,
                            40.785997564622036
                        ],
                        [
                            -119.21199689994249,
                            40.785995267192355
                        ],
                        [
                            -119.21193338597533,
                            40.78570017289924
                        ],
                        [
                            -119.21193283586932,
                            40.785697926068
                        ],
                        [
                            -119.21185238279614,
                            40.7854052102457
                        ],
                        [
                            -119.21185178811479,
                            40.78540324068226
                        ],
                        [
                            -119.21178982143464,
                            40.7852151396455
                        ],
                        [
                            -119.21324700113954,
                            40.78491937593198
                        ],
                        [
                            -119.21334576811122,
                            40.785224832726726
                        ],
                        [
                            -119.21343583177241,
                            40.78556744778874
                        ],
                        [
                            -119.21350606525903,
                            40.78591267435998
                        ],
                        [
                            -119.21355634002722,
                            40.78625986314925
                        ],
                        [
                            -119.21358656417073,
                            40.786608362153885
                        ],
                        [
                            -119.21359258107812,
                            40.786815991089505
                        ]
                    ],
                    [
                        [
                            -119.2135741341913,
                            40.79743412765568
                        ],
                        [
                            -119.21299571006345,
                            40.79775527378076
                        ],
                        [
                            -119.21236335823711,
                            40.79807520883852
                        ],
                        [
                            -119.21174235562626,
                            40.798360543969714
                        ],
                        [
                            -119.21127743525226,
                            40.79775108018225
                        ],
                        [
                            -119.21184385227606,
                            40.79749082672415
                        ],
                        [
                            -119.21184524872483,
                            40.79749015294238
                        ],
                        [
                            -119.21244156103906,
                            40.79718845320316
                        ],
                        [
                            -119.21244295825879,
                            40.79718771222527
                        ],
                        [
                            -119.21300687730937,
                            40.79687462104345
                        ],
                        [
                            -119.2135741341913,
                            40.79743412765568
                        ]
                    ],
                    [
                        [
                            -119.2135707899558,
                            40.77648090857883
                        ],
                        [
                            -119.21300388868559,
                            40.7770405085407
                        ],
                        [
                            -119.21244006139887,
                            40.776727519158904
                        ],
                        [
                            -119.21243866460212,
                            40.77672677851716
                        ],
                        [
                            -119.21184245511766,
                            40.77642517275956
                        ],
                        [
                            -119.21184105905293,
                            40.776424499249806
                        ],
                        [
                            -119.21127475117662,
                            40.77616432663301
                        ],
                        [
                            -119.2117393552612,
                            40.7755548015381
                        ],
                        [
                            -119.21236020719215,
                            40.77584003167649
                        ],
                        [
                            -119.21299244330332,
                            40.77615986090493
                        ],
                        [
                            -119.2135707899558,
                            40.77648090857883
                        ]
                    ],
                    [
                        [
                            -119.21334860849655,
                            40.80060174754092
                        ],
                        [
                            -119.21260153304749,
                            40.80091208966191
                        ],
                        [
                            -119.21178750519059,
                            40.80121604875354
                        ],
                        [
                            -119.21097538587263,
                            40.80148661869826
                        ],
                        [
                            -119.21074525808015,
                            40.80106616363504
                        ],
                        [
                            -119.21151573184228,
                            40.800809468909215
                        ],
                        [
                            -119.21151711947208,
                            40.80080897885991
                        ],
                        [
                            -119.21230490383448,
                            40.80051481964105
                        ],
                        [
                            -119.21230629516201,
                            40.80051427110454
                        ],
                        [
                            -119.21304710120769,
                            40.80020653400637
                        ],
                        [
                            -119.21334860849655,
                            40.80060174754092
                        ]
                    ],
                    [
                        [
                            -119.21334434394922,
                            40.77331332720533
                        ],
                        [
                            -119.21304308585586,
                            40.77370858695687
                        ],
                        [
                            -119.21230250934912,
                            40.77340098246171
                        ],
                        [
                            -119.21230111838732,
                            40.77340043413022
                        ],
                        [
                            -119.21151357936262,
                            40.77310639595226
                        ],
                        [
                            -119.21151219204518,
                            40.77310590605787
                        ],
                        [
                            -119.21074197413223,
                            40.772849317438904
                        ],
                        [
                            -119.2109719004183,
                            40.77242883672162
                        ],
                        [
                            -119.21178371491345,
                            40.772699282344746
                        ],
                        [
                            -119.21259748027386,
                            40.77300311194146
                        ],
                        [
                            -119.21334434394922,
                            40.77331332720533
                        ]
                    ],
                    [
                        [
                            -119.21331962206175,
                            40.79482620058186
                        ],
                        [
                            -119.21290202118327,
                            40.79512891440535
                        ],
                        [
                            -119.2124212445485,
                            40.79544817971534
                        ],
                        [
                            -119.21192247818618,
                            40.79575129164814
                        ],
                        [
                            -119.21140667182512,
                            40.79603766791987
                        ],
                        [
                            -119.210874808193,
                            40.796306758352095
                        ],
                        [
                            -119.21035713083977,
                            40.79654461575218
                        ],
                        [
                            -119.2099012896647,
                            40.795947015860335
                        ],
                        [
                            -119.21036506011573,
                            40.79573392785963
                        ],
                        [
                            -119.21036645653234,
                            40.79573325410064
                        ],
                        [
                            -119.21086293847476,
                            40.79548206571516
                        ],
                        [
                            -119.21086433565907,
                            40.79548132476543
                        ],
                        [
                            -119.21134586825997,
                            40.795213978664044
                        ],
                        [
                            -119.21134726446215,
                            40.795213167247894
                        ],
                        [
                            -119.21181293093717,
                            40.79493017253112
                        ],
                        [
                            -119.21181432392908,
                            40.79492928724391
                        ],
                        [
                            -119.21226323774067,
                            40.79463118280481
                        ],
                        [
                            -119.21226462475806,
                            40.79463022016396
                        ],
                        [
                            -119.21267125438071,
                            40.794335461527055
                        ],
                        [
                            -119.21331962206175,
                            40.79482620058186
                        ]
                    ],
                    [
                        [
                            -119.21331716945366,
                            40.77908888184715
                        ],
                        [
                            -119.21266910814938,
                            40.77957972585028
                        ],
                        [
                            -119.212262494399,
                            40.77928503958491
                        ],
                        [
                            -119.21226110780147,
                            40.77928407742166
                        ],
                        [
                            -119.21181221830344,
                            40.77898604289717
                        ],
                        [
                            -119.21181082571535,
                            40.77898515801584
                        ],
                        [
                            -119.21134519955731,
                            40.778702232145434
                        ],
                        [
                            -119.21134380373586,
                            40.778701421069066
                        ],
                        [
                            -119.21086232714845,
                            40.778434142221826
                        ],
                        [
                            -119.21086093031631,
                            40.77843340155197
                        ],
                        [
                            -119.21036451965769,
                            40.77818227831654
                        ],
                        [
                            -119.21036312356084,
                            40.77818160478404
                        ],
                        [
                            -119.20989942661036,
                            40.77796857147772
                        ],
                        [
                            -119.2103550080845,
                            40.77737092135656
                        ],
                        [
                            -119.21087257739401,
                            40.777608704029795
                        ],
                        [
                            -119.21140435915252,
                            40.7778777195736
                        ],
                        [
                            -119.2119201012896,
                            40.778164018590715
                        ],
                        [
                            -119.21241882156302,
                            40.77846705149918
                        ],
                        [
                            -119.21289957059294,
                            40.77878623662703
                        ],
                        [
                            -119.21331716945366,
                            40.77908888184715
                        ]
                    ],
                    [
                        [
                            -119.21321960639655,
                            40.789073996254686
                        ],
                        [
                            -119.21310758441024,
                            40.789365105679735
                        ],
                        [
                            -119.21295925696164,
                            40.78969605816028
                        ],
                        [
                            -119.21279197324345,
                            40.7900218529595
                        ],
                        [
                            -119.21260604349861,
                            40.79034187050491
                        ],
                        [
                            -119.21240181379218,
                            40.790655500872596
                        ],
                        [
                            -119.21219851614077,
                            40.79093612451819
                        ],
                        [
                            -119.21089695035185,
                            40.79036732143955
                        ],
                        [
                            -119.21090473266865,
                            40.7903570103791
                        ],
                        [
                            -119.21090544787695,
                            40.79035603319409
                        ],
                        [
                            -119.21109233371641,
                            40.79009264535979
                        ],
                        [
                            -119.2110934810859,
                            40.79009093956212
                        ],
                        [
                            -119.21126501300617,
                            40.78982163033144
                        ],
                        [
                            -119.21126609659959,
                            40.789819829112446
                        ],
                        [
                            -119.2114219482247,
                            40.78954511119968
                        ],
                        [
                            -119.21142295847181,
                            40.7895432169443
                        ],
                        [
                            -119.21156283328945,
                            40.78926361335445
                        ],
                        [
                            -119.21156376038708,
                            40.78926162992649
                        ],
                        [
                            -119.21168739231186,
                            40.78897767295921
                        ],
                        [
                            -119.21168814750706,
                            40.78897581610966
                        ],
                        [
                            -119.2117628168852,
                            40.78877858532629
                        ],
                        [
                            -119.21321960639655,
                            40.789073996254686
                        ]
                    ],
                    [
                        [
                            -119.21321895079471,
                            40.78484110221555
                        ],
                        [
                            -119.21176291320864,
                            40.78513663411325
                        ],
                        [
                            -119.21175418045905,
                            40.78511239062516
                        ],
                        [
                            -119.21175370355674,
                            40.78511113166027
                        ],
                        [
                            -119.21163986429579,
                            40.7848248386828
                        ],
                        [
                            -119.21163899157024,
                            40.784822804956285
                        ],
                        [
                            -119.21150876876068,
                            40.7845405441131
                        ],
                        [
                            -119.21150780707751,
                            40.78453859650549
                        ],
                        [
                            -119.21136144878774,
                            40.78426090504133
                        ],
                        [
                            -119.21136040797305,
                            40.78425904834514
                        ],
                        [
                            -119.21119819297296,
                            40.78398645480092
                        ],
                        [
                            -119.2111970827568,
                            40.78398469225593
                        ],
                        [
                            -119.21101931998585,
                            40.783717715462984
                        ],
                        [
                            -119.21101826924078,
                            40.78371621120347
                        ],
                        [
                            -119.21089542893375,
                            40.78354844804723
                        ],
                        [
                            -119.21177161679893,
                            40.78316532626393
                        ],
                        [
                            -119.21181315994251,
                            40.78315245684784
                        ],
                        [
                            -119.21181454512974,
                            40.78315200068091
                        ],
                        [
                            -119.21192685610674,
                            40.78311279507646
                        ],
                        [
                            -119.21192824520774,
                            40.78311228194217
                        ],
                        [
                            -119.21203819062913,
                            40.78306940413258
                        ],
                        [
                            -119.21203958317703,
                            40.78306883147867
                        ],
                        [
                            -119.21214695374219,
                            40.78302236309132
                        ],
                        [
                            -119.21215400634554,
                            40.78301844938426
                        ],
                        [
                            -119.21216015990873,
                            40.78301323498332
                        ],
                        [
                            -119.21216517795378,
                            40.78300692027501
                        ],
                        [
                            -119.21216886764,
                            40.78299974793003
                        ],
                        [
                            -119.21217108717485,
                            40.78299199357757
                        ],
                        [
                            -119.21217120199975,
                            40.78299060369494
                        ],
                        [
                            -119.21219740734328,
                            40.782979145150094
                        ],
                        [
                            -119.21240076022298,
                            40.783259736204606
                        ],
                        [
                            -119.21260505857062,
                            40.78357333356094
                        ],
                        [
                            -119.21279106439978,
                            40.783893320502685
                        ],
                        [
                            -119.21295843105712,
                            40.784219087326356
                        ],
                        [
                            -119.21310684766273,
                            40.78455001465969
                        ],
                        [
                            -119.21321895079471,
                            40.78484110221555
                        ]
                    ],
                    [
                        [
                            -119.21302470121749,
                            40.791386969799866
                        ],
                        [
                            -119.21279507700977,
                            40.79167353345939
                        ],
                        [
                            -119.21251380723041,
                            40.79199230582783
                        ],
                        [
                            -119.21221438739981,
                            40.792301536081155
                        ],
                        [
                            -119.211897383248,
                            40.79260063058761
                        ],
                        [
                            -119.21156339483474,
                            40.79288901468212
                        ],
                        [
                            -119.21145126920274,
                            40.79297770628482
                        ],
                        [
                            -119.21144557674803,
                            40.79297439941761
                        ],
                        [
                            -119.21141893701642,
                            40.79296155086818
                        ],
                        [
                            -119.21139091952053,
                            40.79295050898631
                        ],
                        [
                            -119.21136173748874,
                            40.79294135780642
                        ],
                        [
                            -119.21133161301188,
                            40.79293416697376
                        ],
                        [
                            -119.21130077535292,
                            40.792928991214254
                        ],
                        [
                            -119.21126945920238,
                            40.79292586991809
                        ],
                        [
                            -119.21123790289221,
                            40.792924826839915
                        ],
                        [
                            -119.21120634658206,
                            40.79292586991809
                        ],
                        [
                            -119.21117503043152,
                            40.792928991214254
                        ],
                        [
                            -119.21114419277257,
                            40.79293416697376
                        ],
                        [
                            -119.21111406829569,
                            40.79294135780642
                        ],
                        [
                            -119.2110848862639,
                            40.79295050898631
                        ],
                        [
                            -119.21105686876803,
                            40.79296155086818
                        ],
                        [
                            -119.21103024439543,
                            40.79297439200984
                        ],
                        [
                            -119.21067321025272,
                            40.79258831958856
                        ],
                        [
                            -119.21086763372072,
                            40.79243453157191
                        ],
                        [
                            -119.21086899801658,
                            40.79243340387667
                        ],
                        [
                            -119.21117518325062,
                            40.79216902920722
                        ],
                        [
                            -119.21117652949782,
                            40.79216781398568
                        ],
                        [
                            -119.21146718893993,
                            40.79189357888386
                        ],
                        [
                            -119.21146851168984,
                            40.79189227316181
                        ],
                        [
                            -119.21174309212303,
                            40.791608699768595
                        ],
                        [
                            -119.21174438515992,
                            40.79160730099392
                        ],
                        [
                            -119.2120023640015,
                            40.791314929223496
                        ],
                        [
                            -119.21200362033694,
                            40.7913134354214
                        ],
                        [
                            -119.21222480023349,
                            40.791037414487384
                        ],
                        [
                            -119.21302470121749,
                            40.791386969799866
                        ]
                    ],
                    [
                        [
                            -119.21302335818136,
                            40.78252816454869
                        ],
                        [
                            -119.21222367185966,
                            40.782877848264825
                        ],
                        [
                            -119.21200244539085,
                            40.78260186357477
                        ],
                        [
                            -119.21200118926971,
                            40.782600370507396
                        ],
                        [
                            -119.21174316730578,
                            40.782308038148734
                        ],
                        [
                            -119.21174187452975,
                            40.78230664005342
                        ],
                        [
                            -119.21146726021185,
                            40.782023107344806
                        ],
                        [
                            -119.21146593775703,
                            40.78202180224178
                        ],
                        [
                            -119.21131057293842,
                            40.78187525120713
                        ],
                        [
                            -119.21133514623928,
                            40.781863397091534
                        ],
                        [
                            -119.21141532165528,
                            40.781816812666634
                        ],
                        [
                            -119.21148982988753,
                            40.781765114322255
                        ],
                        [
                            -119.21155810388078,
                            40.78170869552546
                        ],
                        [
                            -119.21161962403134,
                            40.78164798566881
                        ],
                        [
                            -119.21167392214161,
                            40.781583446802095
                        ],
                        [
                            -119.21172058498301,
                            40.781515570115445
                        ],
                        [
                            -119.21175925744052,
                            40.781444872200886
                        ],
                        [
                            -119.21178964521489,
                            40.78137189112033
                        ],
                        [
                            -119.21181151706168,
                            40.781297182310475
                        ],
                        [
                            -119.211819877643,
                            40.781249090969
                        ],
                        [
                            -119.21189586106068,
                            40.78131468431392
                        ],
                        [
                            -119.21221289480566,
                            40.78161372950534
                        ],
                        [
                            -119.21251235558879,
                            40.781922911666975
                        ],
                        [
                            -119.21279367735723,
                            40.78224163753409
                        ],
                        [
                            -119.21302335818136,
                            40.78252816454869
                        ]
                    ],
                    [
                        [
                            -119.21299548139844,
                            40.80013887047602
                        ],
                        [
                            -119.21227541764671,
                            40.800437991049805
                        ],
                        [
                            -119.21148902336559,
                            40.80073163121137
                        ],
                        [
                            -119.210705106746,
                            40.800992804623924
                        ],
                        [
                            -119.2104957727182,
                            40.80061033487403
                        ],
                        [
                            -119.21124021399142,
                            40.80036231358358
                        ],
                        [
                            -119.21124160161615,
                            40.800361823536775
                        ],
                        [
                            -119.2120038783245,
                            40.800077189354944
                        ],
                        [
                            -119.21200526964611,
                            40.80007664082176
                        ],
                        [
                            -119.21272114152957,
                            40.79977926216895
                        ],
                        [
                            -119.21299548139844,
                            40.80013887047602
                        ]
                    ],
                    [
                        [
                            -119.21299150167954,
                            40.773776266296316
                        ],
                        [
                            -119.21271738150837,
                            40.774135914649186
                        ],
                        [
                            -119.2120017249389,
                            40.773838660271196
                        ],
                        [
                            -119.21200033397119,
                            40.773838111936385
                        ],
                        [
                            -119.21123828697249,
                            40.77355359108514
                        ],
                        [
                            -119.21123689964999,
                            40.77355310118825
                        ],
                        [
                            -119.2104926974276,
                            40.773305179050375
                        ],
                        [
                            -119.2107018539669,
                            40.77292268721668
                        ],
                        [
                            -119.21148548563113,
                            40.77318374446181
                        ],
                        [
                            -119.21227163491415,
                            40.7734772637612
                        ],
                        [
                            -119.21299150167954,
                            40.773776266296316
                        ]
                    ],
                    [
                        [
                            -119.21266952241139,
                            40.799711598335165
                        ],
                        [
                            -119.21197439218051,
                            40.80000036074694
                        ],
                        [
                            -119.21121350554836,
                            40.800284475874214
                        ],
                        [
                            -119.21045562196142,
                            40.80053697566434
                        ],
                        [
                            -119.2101076912853,
                            40.799901266812086
                        ],
                        [
                            -119.21081163804615,
                            40.79966673733005
                        ],
                        [
                            -119.21081302566301,
                            40.799666247287156
                        ],
                        [
                            -119.2115356243097,
                            40.79939642957723
                        ],
                        [
                            -119.2115370156221,
                            40.7993958810492
                        ],
                        [
                            -119.2122141015573,
                            40.799114615234146
                        ],
                        [
                            -119.21266952241139,
                            40.799711598335165
                        ]
                    ],
                    [
                        [
                            -119.2126657966419,
                            40.774203593685684
                        ],
                        [
                            -119.2122107218981,
                            40.774800644763715
                        ],
                        [
                            -119.21153383020156,
                            40.774519490867036
                        ],
                        [
                            -119.21153243922464,
                            40.77451894252707
                        ],
                        [
                            -119.2108100469995,
                            40.774249226658206
                        ],
                        [
                            -119.21080865966914,
                            40.774248736757414
                        ],
                        [
                            -119.21010492676875,
                            40.774014296014236
                        ],
                        [
                            -119.2104525766858,
                            40.77337854862992
                        ],
                        [
                            -119.21121019320243,
                            40.77363093958071
                        ],
                        [
                            -119.21197085045421,
                            40.7739149415506
                        ],
                        [
                            -119.2126657966419,
                            40.774203593685684
                        ]
                    ],
                    [
                        [
                            -119.21260266464694,
                            40.79428354624021
                        ],
                        [
                            -119.21221701245008,
                            40.794563098711386
                        ],
                        [
                            -119.21176948964046,
                            40.794860279445636
                        ],
                        [
                            -119.2113052186793,
                            40.79514242608107
                        ],
                        [
                            -119.21082508361349,
                            40.795408996273295
                        ],
                        [
                            -119.21032999924451,
                            40.79565947757522
                        ],
                        [
                            -119.20985013940654,
                            40.79587995814543
                        ],
                        [
                            -119.20939430751424,
                            40.795282356461996
                        ],
                        [
                            -119.20982026168154,
                            40.795086644571875
                        ],
                        [
                            -119.2098216580863,
                            40.79508597082128
                        ],
                        [
                            -119.2102813611443,
                            40.79485339121773
                        ],
                        [
                            -119.21028275831554,
                            40.794852650278365
                        ],
                        [
                            -119.21072861991466,
                            40.794605109898875
                        ],
                        [
                            -119.21073001610273,
                            40.79460429849532
                        ],
                        [
                            -119.21116118738313,
                            40.79434226871168
                        ],
                        [
                            -119.21116258036008,
                            40.79434138343951
                        ],
                        [
                            -119.2115782404642,
                            40.79406536320882
                        ],
                        [
                            -119.21157962746602,
                            40.79406440058568
                        ],
                        [
                            -119.21195430790284,
                            40.79379280342834
                        ],
                        [
                            -119.21260266464694,
                            40.79428354624021
                        ]
                    ],
                    [
                        [
                            -119.21260053931009,
                            40.7796316593183
                        ],
                        [
                            -119.21195246707728,
                            40.78012249956809
                        ],
                        [
                            -119.21157780080227,
                            40.77985096460576
                        ],
                        [
                            -119.2115764141892,
                            40.77985000242482
                        ],
                        [
                            -119.21116077493004,
                            40.77957404213466
                        ],
                        [
                            -119.211159382327,
                            40.77957315723832
                        ],
                        [
                            -119.2107282456119,
                            40.77931118647934
                        ],
                        [
                            -119.21072684977635,
                            40.779310375390395
                        ],
                        [
                            -119.21028103619979,
                            40.779062892670495
                        ],
                        [
                            -119.21027963935462,
                            40.77906215199028
                        ],
                        [
                            -119.20981999741099,
                            40.7788296282424
                        ],
                        [
                            -119.2098186013023,
                            40.77882895470151
                        ],
                        [
                            -119.20939270925184,
                            40.778633289145866
                        ],
                        [
                            -119.2098482999985,
                            40.77803564081414
                        ],
                        [
                            -119.21032806563916,
                            40.7782560564554
                        ],
                        [
                            -119.21082307906114,
                            40.77850647285954
                        ],
                        [
                            -119.21130315848121,
                            40.7787729761067
                        ],
                        [
                            -119.21176738951895,
                            40.779055054267815
                        ],
                        [
                            -119.21221488842819,
                            40.779352165528394
                        ],
                        [
                            -119.21260053931009,
                            40.7796316593183
                        ]
                    ],
                    [
                        [
                            -119.21216248327418,
                            40.79904695102807
                        ],
                        [
                            -119.2115061382344,
                            40.79931960094291
                        ],
                        [
                            -119.210784929655,
                            40.79958889960292
                        ],
                        [
                            -119.21006754123003,
                            40.79982790735902
                        ],
                        [
                            -119.20972654786708,
                            40.79920485944132
                        ],
                        [
                            -119.21039072398555,
                            40.79898358053761
                        ],
                        [
                            -119.21039211159469,
                            40.79898309049855
                        ],
                        [
                            -119.21107574132238,
                            40.79872782438167
                        ],
                        [
                            -119.21107713262572,
                            40.798727275858724
                        ],
                        [
                            -119.21171612569069,
                            40.79846183486042
                        ],
                        [
                            -119.21216248327418,
                            40.79904695102807
                        ]
                    ],
                    [
                        [
                            -119.21215913619763,
                            40.77486832342847
                        ],
                        [
                            -119.21171309997482,
                            40.77545350256682
                        ],
                        [
                            -119.21107428139294,
                            40.77518816193419
                        ],
                        [
                            -119.21107289040698,
                            40.775187613589154
                        ],
                        [
                            -119.21038944543987,
                            40.77493243862658
                        ],
                        [
                            -119.2103880581018,
                            40.774931948721964
                        ],
                        [
                            -119.20972407260984,
                            40.77471074893879
                        ],
                        [
                            -119.21006480532648,
                            40.77408766535081
                        ],
                        [
                            -119.21078195316979,
                            40.77432657513216
                        ],
                        [
                            -119.21150295563932,
                            40.77459577211511
                        ],
                        [
                            -119.21215913619763,
                            40.77486832342847
                        ]
                    ],
                    [
                        [
                            -119.21214670020689,
                            40.79100328411486
                        ],
                        [
                            -119.21194001496653,
                            40.791261216476634
                        ],
                        [
                            -119.21168331233834,
                            40.79155214189291
                        ],
                        [
                            -119.21141004124277,
                            40.79183436306553
                        ],
                        [
                            -119.21112071765435,
                            40.79210733779896
                        ],
                        [
                            -119.21081588895542,
                            40.792370541172474
                        ],
                        [
                            -119.2106171728976,
                            40.79252772460678
                        ],
                        [
                            -119.20974064625518,
                            40.791579908354265
                        ],
                        [
                            -119.20974638402956,
                            40.79157528983698
                        ],
                        [
                            -119.20974774509092,
                            40.791574144927765
                        ],
                        [
                            -119.21000550615972,
                            40.7913476275102
                        ],
                        [
                            -119.21000684814413,
                            40.79134639445766
                        ],
                        [
                            -119.21025131149685,
                            40.791111579822825
                        ],
                        [
                            -119.21025262880457,
                            40.79111025572555
                        ],
                        [
                            -119.21048332914569,
                            40.790867590942035
                        ],
                        [
                            -119.210484615407,
                            40.79086617335019
                        ],
                        [
                            -119.21070111365917,
                            40.79061612042769
                        ],
                        [
                            -119.21070223886385,
                            40.7906147631211
                        ],
                        [
                            -119.21084524815888,
                            40.790434530742644
                        ],
                        [
                            -119.21214670020689,
                            40.79100328411486
                        ]
                    ],
                    [
                        [
                            -119.212145580249,
                            40.78291199506052
                        ],
                        [
                            -119.21174286800175,
                            40.7830880849614
                        ],
                        [
                            -119.2116750339754,
                            40.783109098881745
                        ],
                        [
                            -119.21156001688917,
                            40.78314036826082
                        ],
                        [
                            -119.21144328346485,
                            40.783167814701535
                        ],
                        [
                            -119.21132505880415,
                            40.783191383638794
                        ],
                        [
                            -119.21120557097488,
                            40.78321102823391
                        ],
                        [
                            -119.2110850505534,
                            40.783226709459875
                        ],
                        [
                            -119.21096373016084,
                            40.78323839617256
                        ],
                        [
                            -119.21084164027103,
                            40.78324607798499
                        ],
                        [
                            -119.2107931880355,
                            40.783248000749
                        ],
                        [
                            -119.21067070108234,
                            40.78325002452526
                        ],
                        [
                            -119.2106573468769,
                            40.78324980388197
                        ],
                        [
                            -119.21061614265797,
                            40.783199396400455
                        ],
                        [
                            -119.21061487859434,
                            40.78319792239849
                        ],
                        [
                            -119.21039261866832,
                            40.78295079706997
                        ],
                        [
                            -119.21039131940293,
                            40.78294941770232
                        ],
                        [
                            -119.21015503653905,
                            40.78270986792995
                        ],
                        [
                            -119.21014883690702,
                            40.78270470838735
                        ],
                        [
                            -119.21014174982237,
                            40.78270085747212
                        ],
                        [
                            -119.21013404763777,
                            40.78269846317277
                        ],
                        [
                            -119.21012602634384,
                            40.782697617500894
                        ],
                        [
                            -119.21011799419445,
                            40.78269835295518
                        ],
                        [
                            -119.21011025986056,
                            40.78270064127253
                        ],
                        [
                            -119.21010312056828,
                            40.782704394514184
                        ],
                        [
                            -119.21009685067663,
                            40.78270946844519
                        ],
                        [
                            -119.21009169113404,
                            40.78271566807721
                        ],
                        [
                            -119.2100878402188,
                            40.78272275516186
                        ],
                        [
                            -119.21008544591946,
                            40.78273045734647
                        ],
                        [
                            -119.21008460024758,
                            40.78273847864039
                        ],
                        [
                            -119.21008533570186,
                            40.78274651078979
                        ],
                        [
                            -119.21008762401921,
                            40.782754245123684
                        ],
                        [
                            -119.21009137726088,
                            40.78276138441595
                        ],
                        [
                            -119.21009645119187,
                            40.78276765430759
                        ],
                        [
                            -119.21033206853711,
                            40.78300652935968
                        ],
                        [
                            -119.21054925894116,
                            40.78324801801178
                        ],
                        [
                            -119.21054841835488,
                            40.783248004123294
                        ],
                        [
                            -119.21042637173319,
                            40.78324194692807
                        ],
                        [
                            -119.21030479685679,
                            40.78323186496439
                        ],
                        [
                            -119.21018392843322,
                            40.7832177782499
                        ],
                        [
                            -119.21006399977296,
                            40.783199714759206
                        ],
                        [
                            -119.20994524232614,
                            40.78317771037391
                        ],
                        [
                            -119.20982788521852,
                            40.783151808817315
                        ],
                        [
                            -119.2097121547939,
                            40.78312206157535
                        ],
                        [
                            -119.20959827415328,
                            40.783088527801006
                        ],
                        [
                            -119.20948646270097,
                            40.78305127420399
                        ],
                        [
                            -119.20937693569236,
                            40.783010374924
                        ],
                        [
                            -119.20926990378435,
                            40.78296591138652
                        ],
                        [
                            -119.20918999269631,
                            40.782929192960104
                        ],
                        [
                            -119.21012530616134,
                            40.781917843356375
                        ],
                        [
                            -119.21018112905205,
                            40.78193984761505
                        ],
                        [
                            -119.2102744958424,
                            40.7819691318592
                        ],
                        [
                            -119.21037087810586,
                            40.78199214290375
                        ],
                        [
                            -119.21046954229028,
                            40.782008705614196
                        ],
                        [
                            -119.21056973747417,
                            40.78201869393343
                        ],
                        [
                            -119.21067070108234,
                            40.78202203184135
                        ],
                        [
                            -119.2107716646905,
                            40.78201869393343
                        ],
                        [
                            -119.21087185987439,
                            40.782008705614196
                        ],
                        [
                            -119.21097052405882,
                            40.78199214290375
                        ],
                        [
                            -119.21106690632227,
                            40.7819691318592
                        ],
                        [
                            -119.21116027311263,
                            40.78193984761505
                        ],
                        [
                            -119.21122999389968,
                            40.78191236508568
                        ],
                        [
                            -119.21140879726431,
                            40.78208102500702
                        ],
                        [
                            -119.2116821025241,
                            40.78236320614446
                        ],
                        [
                            -119.21193884851358,
                            40.782654092856355
                        ],
                        [
                            -119.212145580249,
                            40.78291199506052
                        ]
                    ],
                    [
                        [
                            -119.21200374045294,
                            40.78695729636268
                        ],
                        [
                            -119.21199829747927,
                            40.78719479846495
                        ],
                        [
                            -119.21197611835107,
                            40.78749106627153
                        ],
                        [
                            -119.21193690511541,
                            40.787786219376216
                        ],
                        [
                            -119.21188071953875,
                            40.78807982326143
                        ],
                        [
                            -119.2118076631591,
                            40.78837132708429
                        ],
                        [
                            -119.21171773452949,
                            40.78866061369115
                        ],
                        [
                            -119.21169804104275,
                            40.78871727035569
                        ],
                        [
                            -119.21161154390994,
                            40.7889457428258
                        ],
                        [
                            -119.21148874935942,
                            40.78922777651755
                        ],
                        [
                            -119.21134984489163,
                            40.78950544042088
                        ],
                        [
                            -119.21119504189129,
                            40.789778309934526
                        ],
                        [
                            -119.21102462715156,
                            40.790045865164934
                        ],
                        [
                            -119.21083868672426,
                            40.790307920581206
                        ],
                        [
                            -119.21080016273281,
                            40.790358962348726
                        ],
                        [
                            -119.21063832510426,
                            40.790562923781515
                        ],
                        [
                            -119.21042303063668,
                            40.79081158634704
                        ],
                        [
                            -119.21019363354135,
                            40.791052880296604
                        ],
                        [
                            -119.20995050120779,
                            40.79128641644626
                        ],
                        [
                            -119.2096940929439,
                            40.79151174503466
                        ],
                        [
                            -119.20942489415121,
                            40.791728431714596
                        ],
                        [
                            -119.20939381863754,
                            40.791751353900516
                        ],
                        [
                            -119.20353862074022,
                            40.78731869791739
                        ],
                        [
                            -119.20354867353103,
                            40.787310391468075
                        ],
                        [
                            -119.20358712707156,
                            40.78727244792191
                        ],
                        [
                            -119.20362106649299,
                            40.787232111237394
                        ],
                        [
                            -119.20365023350082,
                            40.78718968840512
                        ],
                        [
                            -119.20367440612333,
                            40.787145502292134
                        ],
                        [
                            -119.20369340040068,
                            40.78709988918463
                        ],
                        [
                            -119.2037070717846,
                            40.78705319622845
                        ],
                        [
                            -119.20371531623843,
                            40.787005778787105
                        ],
                        [
                            -119.20371807102829,
                            40.78695799773709
                        ],
                        [
                            -119.20371531520044,
                            40.78691021672147
                        ],
                        [
                            -119.20370706974019,
                            40.786862799382206
                        ],
                        [
                            -119.20369339741193,
                            40.786816106592724
                        ],
                        [
                            -119.20367440228111,
                            40.786770493711465
                        ],
                        [
                            -119.20365022892182,
                            40.7867263078774
                        ],
                        [
                            -119.20362106131635,
                            40.78668388536824
                        ],
                        [
                            -119.20358712145456,
                            40.78664354904123
                        ],
                        [
                            -119.20354866764434,
                            40.78660560587607
                        ],
                        [
                            -119.20353855699388,
                            40.78659725172918
                        ],
                        [
                            -119.20461544840713,
                            40.78578179072411
                        ],
                        [
                            -119.20575428807787,
                            40.786644202563046
                        ],
                        [
                            -119.20913121721811,
                            40.78299274658015
                        ],
                        [
                            -119.2092362375893,
                            40.78304100249639
                        ],
                        [
                            -119.20923763186116,
                            40.783041612182046
                        ],
                        [
                            -119.20934605717991,
                            40.783086654574674
                        ],
                        [
                            -119.20934744842286,
                            40.78308720309966
                        ],
                        [
                            -119.20945836544387,
                            40.78312862143434
                        ],
                        [
                            -119.20945975302041,
                            40.78312911148853
                        ],
                        [
                            -119.20957295059289,
                            40.78316682691624
                        ],
                        [
                            -119.20957433414146,
                            40.78316726095788
                        ],
                        [
                            -119.20968959677202,
                            40.783201201678814
                        ],
                        [
                            -119.20969097616647,
                            40.78320158192537
                        ],
                        [
                            -119.20980808442933,
                            40.78323168332561
                        ],
                        [
                            -119.20980945974256,
                            40.78323201174846
                        ],
                        [
                            -119.20992819069741,
                            40.78325821652301
                        ],
                        [
                            -119.20992956216877,
                            40.78325849484487
                        ],
                        [
                            -119.21004968978522,
                            40.7832807531068
                        ],
                        [
                            -119.2100510577913,
                            40.78328098280115
                        ],
                        [
                            -119.21017235337942,
                            40.78329925217665
                        ],
                        [
                            -119.21017371840787,
                            40.78329943446823
                        ],
                        [
                            -119.21029595105354,
                            40.783313680177166
                        ],
                        [
                            -119.21029731367939,
                            40.78331381604329
                        ],
                        [
                            -119.21042025068407,
                            40.783324010965565
                        ],
                        [
                            -119.21042161154816,
                            40.783324101137524
                        ],
                        [
                            -119.21054501887195,
                            40.78333022586463
                        ],
                        [
                            -119.21054637866095,
                            40.78333027082908
                        ],
                        [
                            -119.21061780395542,
                            40.7833314509451
                        ],
                        [
                            -119.21075986854649,
                            40.78350524669793
                        ],
                        [
                            -119.2107989939223,
                            40.783556035249454
                        ],
                        [
                            -119.21095133360342,
                            40.783764085736664
                        ],
                        [
                            -119.2111280103534,
                            40.78402943146595
                        ],
                        [
                            -119.21128914813269,
                            40.78430021479883
                        ],
                        [
                            -119.2114345034811,
                            40.78457600334206
                        ],
                        [
                            -119.21156380744245,
                            40.78485627256124
                        ],
                        [
                            -119.21167698894703,
                            40.785140911355214
                        ],
                        [
                            -119.21169735120607,
                            40.78519744019295
                        ],
                        [
                            -119.21177330880805,
                            40.78542801093916
                        ],
                        [
                            -119.21185318252438,
                            40.78571861886291
                        ],
                        [
                            -119.21191620709392,
                            40.78601143934991
                        ],
                        [
                            -119.21196229812463,
                            40.78630603215196
                        ],
                        [
                            -119.21199137204847,
                            40.78660184519581
                        ],
                        [
                            -119.21200339536514,
                            40.78689879895189
                        ],
                        [
                            -119.21200374045294,
                            40.78695729636268
                        ]
                    ],
                    [
                        [
                            -119.2118857189523,
                            40.79374088746116
                        ],
                        [
                            -119.21153201539298,
                            40.7939972789666
                        ],
                        [
                            -119.2111177462754,
                            40.79427237550886
                        ],
                        [
                            -119.21068797049425,
                            40.794533557224966
                        ],
                        [
                            -119.21024350641687,
                            40.7947803217066
                        ],
                        [
                            -119.20978520091953,
                            40.7950121942361
                        ],
                        [
                            -119.20934315812507,
                            40.79521529831973
                        ],
                        [
                            -119.20888733551507,
                            40.79461769484477
                        ],
                        [
                            -119.2092754738706,
                            40.7944393587219
                        ],
                        [
                            -119.20927687026351,
                            40.7944386849797
                        ],
                        [
                            -119.2096997948281,
                            40.794224713800446
                        ],
                        [
                            -119.20970119198631,
                            40.794223972871464
                        ],
                        [
                            -119.21011138289084,
                            40.793996237844716
                        ],
                        [
                            -119.2101127790648,
                            40.79399542645375
                        ],
                        [
                            -119.2105094553716,
                            40.79375436122538
                        ],
                        [
                            -119.21051084833357,
                            40.79375347596826
                        ],
                        [
                            -119.21089325486335,
                            40.79349953956223
                        ],
                        [
                            -119.21089464184962,
                            40.79349857695678
                        ],
                        [
                            -119.21101247213016,
                            40.793413165173334
                        ],
                        [
                            -119.21103022763171,
                            40.79342347975906
                        ],
                        [
                            -119.21105686747346,
                            40.79343632839789
                        ],
                        [
                            -119.2110848851188,
                            40.79344737036057
                        ],
                        [
                            -119.2111140673348,
                            40.79345652161018
                        ],
                        [
                            -119.21114419202513,
                            40.79346371249942
                        ],
                        [
                            -119.21117502992027,
                            40.79346888830061
                        ],
                        [
                            -119.21120634632248,
                            40.793472009622306
                        ],
                        [
                            -119.21123790289221,
                            40.79347305270908
                        ],
                        [
                            -119.21126945946196,
                            40.793472009622306
                        ],
                        [
                            -119.21130077586416,
                            40.79346888830061
                        ],
                        [
                            -119.2113316137593,
                            40.79346371249942
                        ],
                        [
                            -119.21136173844964,
                            40.79345652161018
                        ],
                        [
                            -119.21139092066564,
                            40.79344737036057
                        ],
                        [
                            -119.21141893831097,
                            40.79343632839789
                        ],
                        [
                            -119.21144557815275,
                            40.79342347975906
                        ],
                        [
                            -119.21145734642735,
                            40.79341664329336
                        ],
                        [
                            -119.2118857189523,
                            40.79374088746116
                        ]
                    ],
                    [
                        [
                            -119.21188389745495,
                            40.78017443235626
                        ],
                        [
                            -119.21145417326753,
                            40.780499891073646
                        ],
                        [
                            -119.2114153065898,
                            40.78047292344865
                        ],
                        [
                            -119.21133513186399,
                            40.78042633999894
                        ],
                        [
                            -119.21124990058243,
                            40.78038522495523
                        ],
                        [
                            -119.21116026139376,
                            40.780349891217405
                        ],
                        [
                            -119.21106689648899,
                            40.78032060768715
                        ],
                        [
                            -119.21097051640987,
                            40.78029759722166
                        ],
                        [
                            -119.2108718546422,
                            40.78028103493789
                        ],
                        [
                            -119.21077166203403,
                            40.78027104687995
                        ],
                        [
                            -119.21067070108234,
                            40.780267709060034
                        ],
                        [
                            -119.21066858202144,
                            40.78026777911725
                        ],
                        [
                            -119.21050932002343,
                            40.78016203770879
                        ],
                        [
                            -119.21050792740544,
                            40.78016115279741
                        ],
                        [
                            -119.2101112803547,
                            40.77992013752751
                        ],
                        [
                            -119.21010988450504,
                            40.77991932642599
                        ],
                        [
                            -119.20969973424684,
                            40.77969164020231
                        ],
                        [
                            -119.20969833738864,
                            40.779690899511735
                        ],
                        [
                            -119.20927546455124,
                            40.77947697560874
                        ],
                        [
                            -119.2092740684307,
                            40.77947630205947
                        ],
                        [
                            -119.20888598175222,
                            40.779298004597564
                        ],
                        [
                            -119.20934158177174,
                            40.77870035805538
                        ],
                        [
                            -119.20978354327131,
                            40.77890340632147
                        ],
                        [
                            -119.2102417879662,
                            40.779135223228906
                        ],
                        [
                            -119.21068620436155,
                            40.77938193033715
                        ],
                        [
                            -119.21111594594166,
                            40.77964305337298
                        ],
                        [
                            -119.21153019459686,
                            40.77991809038301
                        ],
                        [
                            -119.21188389745495,
                            40.78017443235626
                        ]
                    ],
                    [
                        [
                            -119.21166450830587,
                            40.79839417025621
                        ],
                        [
                            -119.21104625531413,
                            40.79865099572167
                        ],
                        [
                            -119.2103640156454,
                            40.798905742793025
                        ],
                        [
                            -119.20968639859124,
                            40.7991314997191
                        ],
                        [
                            -119.20933155313894,
                            40.798483126838846
                        ],
                        [
                            -119.20995451310105,
                            40.79827558006609
                        ],
                        [
                            -119.20995590070217,
                            40.798275090031005
                        ],
                        [
                            -119.21059914509277,
                            40.79803490434332
                        ],
                        [
                            -119.21060053638674,
                            40.79803435582563
                        ],
                        [
                            -119.21120005195455,
                            40.797785314755764
                        ],
                        [
                            -119.21166450830587,
                            40.79839417025621
                        ]
                    ],
                    [
                        [
                            -119.21166151337711,
                            40.77552118083402
                        ],
                        [
                            -119.21119737237942,
                            40.77613009839429
                        ],
                        [
                            -119.21059801195713,
                            40.77588114638929
                        ],
                        [
                            -119.21059662096181,
                            40.77588059803901
                        ],
                        [
                            -119.20995354014974,
                            40.77564049305518
                        ],
                        [
                            -119.20995215280367,
                            40.77564000314659
                        ],
                        [
                            -119.20932936077105,
                            40.77543252609904
                        ],
                        [
                            -119.20968395038926,
                            40.77478411800663
                        ],
                        [
                            -119.21036135155138,
                            40.77500978707922
                        ],
                        [
                            -119.2110434067546,
                            40.775264443151514
                        ],
                        [
                            -119.21166151337711,
                            40.77552118083402
                        ]
                    ],
                    [
                        [
                            -119.2111484356809,
                            40.79771764966411
                        ],
                        [
                            -119.21056965915417,
                            40.797958075656645
                        ],
                        [
                            -119.20992780481387,
                            40.79819774230337
                        ],
                        [
                            -119.20927271484258,
                            40.79841599358383
                        ],
                        [
                            -119.20860563916115,
                            40.79861241060802
                        ],
                        [
                            -119.20792785076274,
                            40.79878661641526
                        ],
                        [
                            -119.20727547508457,
                            40.798930589632846
                        ],
                        [
                            -119.2068532238518,
                            40.797737858548786
                        ],
                        [
                            -119.20742354030173,
                            40.797611995239755
                        ],
                        [
                            -119.20742491556263,
                            40.797611666853854
                        ],
                        [
                            -119.2080322655645,
                            40.79745556552674
                        ],
                        [
                            -119.20803364492592,
                            40.797455185316075
                        ],
                        [
                            -119.20863141927884,
                            40.79727917420554
                        ],
                        [
                            -119.20863280281561,
                            40.79727874019618
                        ],
                        [
                            -119.20921986316986,
                            40.79708315450635
                        ],
                        [
                            -119.2092212507575,
                            40.79708266447796
                        ],
                        [
                            -119.20979647919592,
                            40.796867876688566
                        ],
                        [
                            -119.20979787047408,
                            40.79686732817974
                        ],
                        [
                            -119.21033089902035,
                            40.7966459072322
                        ],
                        [
                            -119.2111484356809,
                            40.79771764966411
                        ]
                    ],
                    [
                        [
                            -119.21114578467184,
                            40.7761977761747
                        ],
                        [
                            -119.21032875468052,
                            40.77726962297416
                        ],
                        [
                            -119.20979585150022,
                            40.77704827367711
                        ],
                        [
                            -119.2097944604891,
                            40.777047725317985
                        ],
                        [
                            -119.20921936286847,
                            40.776833002069424
                        ],
                        [
                            -119.20921797550893,
                            40.77683251215416
                        ],
                        [
                            -119.2086310603334,
                            40.776636986443286
                        ],
                        [
                            -119.20862967698665,
                            40.776636552516784
                        ],
                        [
                            -119.20803206106851,
                            40.776460596366846
                        ],
                        [
                            -119.20803068186089,
                            40.77646021621461
                        ],
                        [
                            -119.20742350234406,
                            40.776304164411414
                        ],
                        [
                            -119.20742212720336,
                            40.7763038360648
                        ],
                        [
                            -119.20685198208109,
                            40.776178014004984
                        ],
                        [
                            -119.20727394309188,
                            40.77498525568818
                        ],
                        [
                            -119.20792608439643,
                            40.77512917278324
                        ],
                        [
                            -119.20860365976831,
                            40.77530331671809
                        ],
                        [
                            -119.20927053753097,
                            40.77549966509615
                        ],
                        [
                            -119.20992544620054,
                            40.7757178414858
                        ],
                        [
                            -119.21056713723978,
                            40.77595742757468
                        ],
                        [
                            -119.21114578467184,
                            40.7761977761747
                        ]
                    ],
                    [
                        [
                            -119.21106890529269,
                            40.7811448697663
                        ],
                        [
                            -119.21106739016238,
                            40.781171149339556
                        ],
                        [
                            -119.21106285598509,
                            40.78119722891966
                        ],
                        [
                            -119.21105533726517,
                            40.78122291002493
                        ],
                        [
                            -119.21104489122135,
                            40.78124799720606
                        ],
                        [
                            -119.2110315973514,
                            40.78127229953366
                        ],
                        [
                            -119.21101555682715,
                            40.781295632051425
                        ],
                        [
                            -119.21099689172462,
                            40.78131781718364
                        ],
                        [
                            -119.210975744095,
                            40.781338686086876
                        ],
                        [
                            -119.2109522748836,
                            40.781358079934826
                        ],
                        [
                            -119.21092666270496,
                            40.781375851127265
                        ],
                        [
                            -119.21089910248358,
                            40.78139186441334
                        ],
                        [
                            -119.21086980397025,
                            40.781405997920935
                        ],
                        [
                            -119.2108389901459,
                            40.781418144084306
                        ],
                        [
                            -119.2108068955244,
                            40.78142821046272
                        ],
                        [
                            -119.21077376436774,
                            40.78143612044396
                        ],
                        [
                            -119.21073984882693,
                            40.78144181382755
                        ],
                        [
                            -119.210705407023,
                            40.781445247282804
                        ],
                        [
                            -119.21067070108234,
                            40.78144639467873
                        ],
                        [
                            -119.21063599514167,
                            40.781445247282804
                        ],
                        [
                            -119.21060155333774,
                            40.78144181382755
                        ],
                        [
                            -119.21057038523912,
                            40.781436581655605
                        ],
                        [
                            -119.21056763779693,
                            40.78143612044396
                        ],
                        [
                            -119.21053450664027,
                            40.78142821046272
                        ],
                        [
                            -119.21050241201876,
                            40.781418144084306
                        ],
                        [
                            -119.21047159819443,
                            40.781405997920935
                        ],
                        [
                            -119.21044229968108,
                            40.78139186441334
                        ],
                        [
                            -119.2104147394597,
                            40.781375851127265
                        ],
                        [
                            -119.21038912728106,
                            40.781358079934826
                        ],
                        [
                            -119.21036565806968,
                            40.781338686086876
                        ],
                        [
                            -119.21034451044005,
                            40.78131781718364
                        ],
                        [
                            -119.21032584533752,
                            40.781295632051425
                        ],
                        [
                            -119.21030980481328,
                            40.78127229953366
                        ],
                        [
                            -119.21029651094332,
                            40.78124799720606
                        ],
                        [
                            -119.21028606489949,
                            40.78122291002493
                        ],
                        [
                            -119.21028539335931,
                            40.78122061629751
                        ],
                        [
                            -119.21027854617958,
                            40.78119722891966
                        ],
                        [
                            -119.21027401200227,
                            40.781171149339556
                        ],
                        [
                            -119.21027249687197,
                            40.7811448697663
                        ],
                        [
                            -119.21027401231618,
                            40.78111859020345
                        ],
                        [
                            -119.21027854679782,
                            40.78109251065422
                        ],
                        [
                            -119.21028606580334,
                            40.78106682959937
                        ],
                        [
                            -119.21029651210527,
                            40.78104174248667
                        ],
                        [
                            -119.21030980619804,
                            40.78101744024341
                        ],
                        [
                            -119.21032584690302,
                            40.78099410782339
                        ],
                        [
                            -119.2103445121387,
                            40.780971922799274
                        ],
                        [
                            -119.21036565984987,
                            40.78095105401128
                        ],
                        [
                            -119.21038912908872,
                            40.78093166028217
                        ],
                        [
                            -119.21041474123989,
                            40.78091388920857
                        ],
                        [
                            -119.21044230137973,
                            40.780897876037734
                        ],
                        [
                            -119.21047159975988,
                            40.78088374263825
                        ],
                        [
                            -119.21050241340349,
                            40.7808715965726
                        ],
                        [
                            -119.21053450780221,
                            40.78086153027856
                        ],
                        [
                            -119.21056763870078,
                            40.78085362036573
                        ],
                        [
                            -119.210601553956,
                            40.78084792703256
                        ],
                        [
                            -119.21063599545555,
                            40.78084449360818
                        ],
                        [
                            -119.21067070108234,
                            40.78084334622266
                        ],
                        [
                            -119.21070540670911,
                            40.78084449360818
                        ],
                        [
                            -119.21073984820869,
                            40.78084792703256
                        ],
                        [
                            -119.2107737634639,
                            40.78085362036573
                        ],
                        [
                            -119.21080689436245,
                            40.78086153027856
                        ],
                        [
                            -119.21083898876117,
                            40.7808715965726
                        ],
                        [
                            -119.21086980240477,
                            40.78088374263825
                        ],
                        [
                            -119.2108965220991,
                            40.78089663209194
                        ],
                        [
                            -119.21089910078493,
                            40.780897876037734
                        ],
                        [
                            -119.21092666092478,
                            40.78091388920857
                        ],
                        [
                            -119.21095227307595,
                            40.78093166028217
                        ],
                        [
                            -119.2109757423148,
                            40.78095105401128
                        ],
                        [
                            -119.21099689002598,
                            40.780971922799274
                        ],
                        [
                            -119.21101555526165,
                            40.78099410782339
                        ],
                        [
                            -119.21103159596665,
                            40.78101744024341
                        ],
                        [
                            -119.2110448900594,
                            40.78104174248667
                        ],
                        [
                            -119.21105533636134,
                            40.78106682959937
                        ],
                        [
                            -119.21106285536685,
                            40.78109251065422
                        ],
                        [
                            -119.21106738984848,
                            40.78111859020345
                        ],
                        [
                            -119.21106890529269,
                            40.7811448697663
                        ]
                    ],
                    [
                        [
                            -119.2109453721148,
                            40.793360169807286
                        ],
                        [
                            -119.21084703001141,
                            40.79343145517127
                        ],
                        [
                            -119.2104660144529,
                            40.79368446790519
                        ],
                        [
                            -119.21007073363094,
                            40.79392468507971
                        ],
                        [
                            -119.20966194023393,
                            40.79415164422037
                        ],
                        [
                            -119.20924041321798,
                            40.79436490833469
                        ],
                        [
                            -119.20883618699486,
                            40.79455063627517
                        ],
                        [
                            -119.20838037366688,
                            40.7939530310088
                        ],
                        [
                            -119.20873069668254,
                            40.79379207030984
                        ],
                        [
                            -119.20873209306359,
                            40.79379139657603
                        ],
                        [
                            -119.20911823952589,
                            40.79359603346347
                        ],
                        [
                            -119.20911963667105,
                            40.79359529254486
                        ],
                        [
                            -119.20949415718816,
                            40.7933873625017
                        ],
                        [
                            -119.20949555334802,
                            40.79338655112333
                        ],
                        [
                            -119.2098577349022,
                            40.79316645007234
                        ],
                        [
                            -119.20985912784921,
                            40.793165564830254
                        ],
                        [
                            -119.21020828093778,
                            40.792933711865174
                        ],
                        [
                            -119.2102096679085,
                            40.79293274927743
                        ],
                        [
                            -119.21043193471827,
                            40.79277163568887
                        ],
                        [
                            -119.2109413261811,
                            40.79304170225017
                        ],
                        [
                            -119.2109413135883,
                            40.79304171467464
                        ],
                        [
                            -119.21092434211737,
                            40.793061882882824
                        ],
                        [
                            -119.21090975701854,
                            40.79308309417778
                        ],
                        [
                            -119.21089766929494,
                            40.79310518712967
                        ],
                        [
                            -119.21088817094348,
                            40.793127993598574
                        ],
                        [
                            -119.21088133425484,
                            40.79315134001414
                        ],
                        [
                            -119.21087721126297,
                            40.79317504869653
                        ],
                        [
                            -119.21087583334929,
                            40.793198939208644
                        ],
                        [
                            -119.2108772110034,
                            40.79322282972936
                        ],
                        [
                            -119.21088133374356,
                            40.79324653843727
                        ],
                        [
                            -119.21088817019607,
                            40.793269884894535
                        ],
                        [
                            -119.21089766833407,
                            40.79329269142001
                        ],
                        [
                            -119.21090975587344,
                            40.793314784441634
                        ],
                        [
                            -119.21092434082279,
                            40.7933359958174
                        ],
                        [
                            -119.2109413121836,
                            40.793356164114975
                        ],
                        [
                            -119.2109453721148,
                            40.793360169807286
                        ]
                    ],
                    [
                        [
                            -119.21092186780564,
                            40.801503100510445
                        ],
                        [
                            -119.21011069488378,
                            40.80174194791983
                        ],
                        [
                            -119.20925111109284,
                            40.801962880158435
                        ],
                        [
                            -119.20841441680777,
                            40.80214753152645
                        ],
                        [
                            -119.20825929005908,
                            40.8017093948799
                        ],
                        [
                            -119.20905715169897,
                            40.80153331366465
                        ],
                        [
                            -119.20905852698208,
                            40.801532985271486
                        ],
                        [
                            -119.20989031052615,
                            40.80131919850532
                        ],
                        [
                            -119.209891689916,
                            40.801318818283846
                        ],
                        [
                            -119.21069202319845,
                            40.801083162840996
                        ],
                        [
                            -119.21092186780564,
                            40.801503100510445
                        ]
                    ],
                    [
                        [
                            -119.21091838637389,
                            40.77241235678507
                        ],
                        [
                            -119.21068874246136,
                            40.772832321108034
                        ],
                        [
                            -119.20988871978057,
                            40.77259677235611
                        ],
                        [
                            -119.20988734060133,
                            40.77259639221465
                        ],
                        [
                            -119.20905587678759,
                            40.77238269832644
                        ],
                        [
                            -119.20905450166907,
                            40.772382369987085
                        ],
                        [
                            -119.20825696690393,
                            40.77220636749789
                        ],
                        [
                            -119.2084119527499,
                            40.77176821948713
                        ],
                        [
                            -119.20924827267267,
                            40.77195278108631
                        ],
                        [
                            -119.21010751410718,
                            40.77217361388619
                        ],
                        [
                            -119.21091838637389,
                            40.77241235678507
                        ]
                    ],
                    [
                        [
                            -119.21065158874556,
                            40.80100928640457
                        ],
                        [
                            -119.20986913316965,
                            40.80123967781687
                        ],
                        [
                            -119.20903872744654,
                            40.80145311045258
                        ],
                        [
                            -119.20823161622603,
                            40.80163123297088
                        ],
                        [
                            -119.20809055320075,
                            40.801232811427845
                        ],
                        [
                            -119.20886110814001,
                            40.80106275667015
                        ],
                        [
                            -119.20886248342046,
                            40.80106242827786
                        ],
                        [
                            -119.20966733370996,
                            40.80085556412159
                        ],
                        [
                            -119.20966871309639,
                            40.80085518390142
                        ],
                        [
                            -119.21044253789005,
                            40.80062733403269
                        ],
                        [
                            -119.21065158874556,
                            40.80100928640457
                        ]
                    ],
                    [
                        [
                            -119.21064833985616,
                            40.7729062072487
                        ],
                        [
                            -119.2104394657034,
                            40.77328818267233
                        ],
                        [
                            -119.20966593213728,
                            40.773060432808435
                        ],
                        [
                            -119.20966455295465,
                            40.77306005266569
                        ],
                        [
                            -119.20886000202863,
                            40.77285327547104
                        ],
                        [
                            -119.20885862690744,
                            40.772852947130815
                        ],
                        [
                            -119.20808837762341,
                            40.77268296598482
                        ],
                        [
                            -119.20822931667686,
                            40.77228453469844
                        ],
                        [
                            -119.20903607813237,
                            40.772462573362795
                        ],
                        [
                            -119.20986616431348,
                            40.77267591318669
                        ],
                        [
                            -119.21064833985616,
                            40.7729062072487
                        ]
                    ],
                    [
                        [
                            -119.21053060910545,
                            40.78027494779594
                        ],
                        [
                            -119.21046954752248,
                            40.78028103493789
                        ],
                        [
                            -119.21037088575478,
                            40.78029759722166
                        ],
                        [
                            -119.21027450567568,
                            40.78032060768715
                        ],
                        [
                            -119.21018114077091,
                            40.780349891217405
                        ],
                        [
                            -119.21009150158226,
                            40.78038522495523
                        ],
                        [
                            -119.21000627030067,
                            40.78042633999894
                        ],
                        [
                            -119.20992609557486,
                            40.78047292344865
                        ],
                        [
                            -119.209851587575,
                            40.780524620787276
                        ],
                        [
                            -119.20978331334933,
                            40.78058103857833
                        ],
                        [
                            -119.20972179250862,
                            40.78064174745979
                        ],
                        [
                            -119.20970755800322,
                            40.78065866603672
                        ],
                        [
                            -119.20949430378532,
                            40.78052908528986
                        ],
                        [
                            -119.20949290792159,
                            40.78052827417576
                        ],
                        [
                            -119.20911842128922,
                            40.7803203848172
                        ],
                        [
                            -119.20911702441798,
                            40.78031964411627
                        ],
                        [
                            -119.20873092107797,
                            40.780124320415474
                        ],
                        [
                            -119.20872952494561,
                            40.780123646857824
                        ],
                        [
                            -119.20837924411107,
                            40.77996271783277
                        ],
                        [
                            -119.20883485340384,
                            40.779365073080164
                        ],
                        [
                            -119.2092390102904,
                            40.77955075362803
                        ],
                        [
                            -119.20966048586664,
                            40.779763970681266
                        ],
                        [
                            -119.21006923893006,
                            40.779990881281876
                        ],
                        [
                            -119.21046449083148,
                            40.780231048815004
                        ],
                        [
                            -119.21053060910545,
                            40.78027494779594
                        ]
                    ],
                    [
                        [
                            -119.21040210404563,
                            40.80055345741179
                        ],
                        [
                            -119.20964615637075,
                            40.80077604342855
                        ],
                        [
                            -119.20884268389906,
                            40.800982553455455
                        ],
                        [
                            -119.20806287980456,
                            40.801154649421086
                        ],
                        [
                            -119.2078280785331,
                            40.80049145888653
                        ],
                        [
                            -119.20855615701767,
                            40.80033077846367
                        ],
                        [
                            -119.20855753229395,
                            40.800330450072735
                        ],
                        [
                            -119.20932048707616,
                            40.800134354227104
                        ],
                        [
                            -119.2093218664573,
                            40.80013397400894
                        ],
                        [
                            -119.21005445651969,
                            40.79991826590703
                        ],
                        [
                            -119.21040210404563,
                            40.80055345741179
                        ]
                    ],
                    [
                        [
                            -119.21039906249071,
                            40.773362068628856
                        ],
                        [
                            -119.21005169498224,
                            40.77399729957265
                        ],
                        [
                            -119.20931936740047,
                            40.77378168154938
                        ],
                        [
                            -119.20931798821253,
                            40.773781301404625
                        ],
                        [
                            -119.2085553024441,
                            40.773585283704385
                        ],
                        [
                            -119.20855392731879,
                            40.7735849553628
                        ],
                        [
                            -119.20782612275072,
                            40.77342434090512
                        ],
                        [
                            -119.20806072696024,
                            40.77276113308782
                        ],
                        [
                            -119.2088402033592,
                            40.77293315050389
                        ],
                        [
                            -119.20964337664938,
                            40.7731395736331
                        ],
                        [
                            -119.21039906249071,
                            40.773362068628856
                        ]
                    ],
                    [
                        [
                            -119.21035095409428,
                            40.79272870179569
                        ],
                        [
                            -119.21016205630485,
                            40.79286562732567
                        ],
                        [
                            -119.20981429417263,
                            40.79309655663473
                        ],
                        [
                            -119.20945350808834,
                            40.79331580964587
                        ],
                        [
                            -119.20908038506558,
                            40.793522963814155
                        ],
                        [
                            -119.20869563613928,
                            40.7937176198712
                        ],
                        [
                            -119.20832922611432,
                            40.79388597196652
                        ],
                        [
                            -119.20758421977091,
                            40.79290918375252
                        ],
                        [
                            -119.20760470119205,
                            40.792900139841294
                        ],
                        [
                            -119.20760553835548,
                            40.79289975894036
                        ],
                        [
                            -119.20794135055537,
                            40.79274241395739
                        ],
                        [
                            -119.20794274718915,
                            40.79274172705481
                        ],
                        [
                            -119.20826917262123,
                            40.79257344128618
                        ],
                        [
                            -119.20827056970289,
                            40.79257268655933
                        ],
                        [
                            -119.20858698691256,
                            40.792393780428476
                        ],
                        [
                            -119.2085883826019,
                            40.79239295457352
                        ],
                        [
                            -119.20889418920505,
                            40.79220376872287
                        ],
                        [
                            -119.20889558117233,
                            40.792202868316096
                        ],
                        [
                            -119.20909937066207,
                            40.79206514369081
                        ],
                        [
                            -119.21035095409428,
                            40.79272870179569
                        ]
                    ],
                    [
                        [
                            -119.21027928396728,
                            40.79657824158995
                        ],
                        [
                            -119.20976699337453,
                            40.796791047956994
                        ],
                        [
                            -119.2091931549717,
                            40.79700531671316
                        ],
                        [
                            -119.20860748073774,
                            40.797200440601586
                        ],
                        [
                            -119.20801108835215,
                            40.79737604480004
                        ],
                        [
                            -119.20740511614596,
                            40.797531792005586
                        ],
                        [
                            -119.20682555307366,
                            40.79765969595449
                        ],
                        [
                            -119.20659077664314,
                            40.796996503243335
                        ],
                        [
                            -119.20711862088334,
                            40.796880013248916
                        ],
                        [
                            -119.20711999614008,
                            40.79687968486438
                        ],
                        [
                            -119.20768545445969,
                            40.79673435073664
                        ],
                        [
                            -119.2076868338158,
                            40.79673397052799
                        ],
                        [
                            -119.20824337726322,
                            40.796570099879936
                        ],
                        [
                            -119.20824476079345,
                            40.796569665873434
                        ],
                        [
                            -119.20879132956462,
                            40.79638757077823
                        ],
                        [
                            -119.20879271714436,
                            40.79638708075374
                        ],
                        [
                            -119.20932827045532,
                            40.79618710798815
                        ],
                        [
                            -119.20932966172427,
                            40.79618655948449
                        ],
                        [
                            -119.20982390672903,
                            40.795981249911236
                        ],
                        [
                            -119.21027928396728,
                            40.79657824158995
                        ]
                    ],
                    [
                        [
                            -119.21027716575357,
                            40.777337300204664
                        ],
                        [
                            -119.20982204745204,
                            40.777934342717344
                        ],
                        [
                            -119.20932791155046,
                            40.777729095363256
                        ],
                        [
                            -119.20932652053015,
                            40.77772854699897
                        ],
                        [
                            -119.20879108061531,
                            40.77752863017901
                        ],
                        [
                            -119.20878969324791,
                            40.77752814025985
                        ],
                        [
                            -119.20824325032132,
                            40.777346097155906
                        ],
                        [
                            -119.20824186696801,
                            40.77734566322655
                        ],
                        [
                            -119.20768546085581,
                            40.777181840219725
                        ],
                        [
                            -119.2076840816429,
                            40.77718146006547
                        ],
                        [
                            -119.20711877110404,
                            40.77703616886632
                        ],
                        [
                            -119.2071173959592,
                            40.77703584051836
                        ],
                        [
                            -119.20658969979237,
                            40.77691938616558
                        ],
                        [
                            -119.20682432880392,
                            40.77625618052141
                        ],
                        [
                            -119.20740370357044,
                            40.776384039418524
                        ],
                        [
                            -119.20800950542893,
                            40.7765397371484
                        ],
                        [
                            -119.20860573955179,
                            40.776715286456124
                        ],
                        [
                            -119.20919126881691,
                            40.77691035046294
                        ],
                        [
                            -119.20976497664995,
                            40.77712455480881
                        ],
                        [
                            -119.21027716575357,
                            40.777337300204664
                        ]
                    ],
                    [
                        [
                            -119.21001402341318,
                            40.79984438906061
                        ],
                        [
                            -119.20929930976389,
                            40.800054833526914
                        ],
                        [
                            -119.20853773279482,
                            40.80025057524483
                        ],
                        [
                            -119.20780040566832,
                            40.80041329676042
                        ],
                        [
                            -119.20757029655856,
                            40.79976334421811
                        ],
                        [
                            -119.20825665799765,
                            40.79961187051516
                        ],
                        [
                            -119.20825803326987,
                            40.799611542125554
                        ],
                        [
                            -119.20897984146869,
                            40.79942602206982
                        ],
                        [
                            -119.2089812208446,
                            40.799425641853645
                        ],
                        [
                            -119.20967331318022,
                            40.79922185846546
                        ],
                        [
                            -119.21001402341318,
                            40.79984438906061
                        ]
                    ],
                    [
                        [
                            -119.2100112910328,
                            40.774071185304024
                        ],
                        [
                            -119.20967084074482,
                            40.77469375242655
                        ],
                        [
                            -119.20897898399542,
                            40.77449004983935
                        ],
                        [
                            -119.20897760480229,
                            40.77448966969261
                        ],
                        [
                            -119.20825603738815,
                            40.774304219582035
                        ],
                        [
                            -119.20825466225877,
                            40.77430389123912
                        ],
                        [
                            -119.20756854536509,
                            40.77415247642322
                        ],
                        [
                            -119.20779847155703,
                            40.773502507888985
                        ],
                        [
                            -119.20853550375276,
                            40.77366515873181
                        ],
                        [
                            -119.20929681188032,
                            40.773860822364874
                        ],
                        [
                            -119.2100112910328,
                            40.774071185304024
                        ]
                    ],
                    [
                        [
                            -119.20977229269873,
                            40.79591358381872
                        ],
                        [
                            -119.20929878470228,
                            40.7961102792304
                        ],
                        [
                            -119.20876462141862,
                            40.79630973296717
                        ],
                        [
                            -119.20821943876003,
                            40.79649136626449
                        ],
                        [
                            -119.20766427727449,
                            40.79665483000274
                        ],
                        [
                            -119.20710019674539,
                            40.79679981001068
                        ],
                        [
                            -119.20656310657722,
                            40.796918340489796
                        ],
                        [
                            -119.20632833541521,
                            40.79625514731701
                        ],
                        [
                            -119.20681370818913,
                            40.79614803045545
                        ],
                        [
                            -119.20681508344173,
                            40.79614770207226
                        ],
                        [
                            -119.20733865089032,
                            40.7960131349082
                        ],
                        [
                            -119.20734003024113,
                            40.796012754701565
                        ],
                        [
                            -119.20785534353695,
                            40.79586102425444
                        ],
                        [
                            -119.20785672706062,
                            40.795860590250804
                        ],
                        [
                            -119.20836280493948,
                            40.79569198546477
                        ],
                        [
                            -119.20836419251137,
                            40.79569149544418
                        ],
                        [
                            -119.20886007131723,
                            40.79550633739528
                        ],
                        [
                            -119.20886146257696,
                            40.79550578889678
                        ],
                        [
                            -119.20931692471127,
                            40.795316590320716
                        ],
                        [
                            -119.20977229269873,
                            40.79591358381872
                        ]
                    ],
                    [
                        [
                            -119.20977045750324,
                            40.77800201949805
                        ],
                        [
                            -119.20931532996109,
                            40.77859906019363
                        ],
                        [
                            -119.20885996200897,
                            40.77840991515921
                        ],
                        [
                            -119.20885857097947,
                            40.77840936678977
                        ],
                        [
                            -119.20836278939252,
                            40.77822425670523
                        ],
                        [
                            -119.20836140201726,
                            40.77822376678217
                        ],
                        [
                            -119.20785543202986,
                            40.77805520657026
                        ],
                        [
                            -119.20785404867,
                            40.77805477263804
                        ],
                        [
                            -119.20733885311701,
                            40.77790308303558
                        ],
                        [
                            -119.20733747389879,
                            40.77790270287932
                        ],
                        [
                            -119.20681403314835,
                            40.77776817251961
                        ],
                        [
                            -119.20681265799936,
                            40.77776784417029
                        ],
                        [
                            -119.20632741153062,
                            40.7776607577061
                        ],
                        [
                            -119.20656204580395,
                            40.77699755252297
                        ],
                        [
                            -119.20709897230802,
                            40.7771160438679
                        ],
                        [
                            -119.2076629051842,
                            40.77726098099217
                        ],
                        [
                            -119.20821792949504,
                            40.777424397154334
                        ],
                        [
                            -119.20876298650394,
                            40.777605978550845
                        ],
                        [
                            -119.20929703662276,
                            40.777805376463654
                        ],
                        [
                            -119.20977045750324,
                            40.77800201949805
                        ]
                    ],
                    [
                        [
                            -119.20965569731783,
                            40.78072344326607
                        ],
                        [
                            -119.20962082890053,
                            40.78077416127116
                        ],
                        [
                            -119.20958215455741,
                            40.78084485847184
                        ],
                        [
                            -119.2095517645987,
                            40.78091783897332
                        ],
                        [
                            -119.20952989033515,
                            40.780992547356504
                        ],
                        [
                            -119.20951669827063,
                            40.78106841505033
                        ],
                        [
                            -119.20951228883408,
                            40.78114486465884
                        ],
                        [
                            -119.20951669561421,
                            40.78122131435535
                        ],
                        [
                            -119.209529885103,
                            40.781297182310475
                        ],
                        [
                            -119.20955175694978,
                            40.78137189112033
                        ],
                        [
                            -119.20958214472417,
                            40.781444872200886
                        ],
                        [
                            -119.20962081718167,
                            40.781515570115445
                        ],
                        [
                            -119.20964971994006,
                            40.781557612636135
                        ],
                        [
                            -119.20830901635826,
                            40.78226837414443
                        ],
                        [
                            -119.20824865371935,
                            40.78219304758724
                        ],
                        [
                            -119.20819035984529,
                            40.782112585548596
                        ],
                        [
                            -119.20813679488509,
                            40.782030333322346
                        ],
                        [
                            -119.20808805365076,
                            40.781946449346535
                        ],
                        [
                            -119.20804422127009,
                            40.781861093974165
                        ],
                        [
                            -119.20800537321453,
                            40.78177442901604
                        ],
                        [
                            -119.20797157539138,
                            40.78168661732212
                        ],
                        [
                            -119.20794288429039,
                            40.78159782241198
                        ],
                        [
                            -119.20791934717303,
                            40.78150820816951
                        ],
                        [
                            -119.2079010022875,
                            40.781417938611106
                        ],
                        [
                            -119.20788787908873,
                            40.781327177734525
                        ],
                        [
                            -119.20788001065796,
                            40.78123623065319
                        ],
                        [
                            -119.20816565850657,
                            40.78138073645005
                        ],
                        [
                            -119.20848341034893,
                            40.78155713192265
                        ],
                        [
                            -119.2084908121,
                            40.78156033666886
                        ],
                        [
                            -119.20849869684346,
                            40.781562035826774
                        ],
                        [
                            -119.20850676157305,
                            40.78156216409871
                        ],
                        [
                            -119.20851469636573,
                            40.781560716555234
                        ],
                        [
                            -119.20852219629188,
                            40.781557748824646
                        ],
                        [
                            -119.20852897313353,
                            40.78155337495516
                        ],
                        [
                            -119.20853476646046,
                            40.78154776303213
                        ],
                        [
                            -119.20853935363837,
                            40.78154112871861
                        ],
                        [
                            -119.20854255838458,
                            40.78153372696755
                        ],
                        [
                            -119.2085442575425,
                            40.78152584222409
                        ],
                        [
                            -119.20854438581442,
                            40.7815177774945
                        ],
                        [
                            -119.20854293827095,
                            40.781509842701816
                        ],
                        [
                            -119.20853997054036,
                            40.781502342775674
                        ],
                        [
                            -119.20853559667088,
                            40.78149556593402
                        ],
                        [
                            -119.20852998474786,
                            40.78148977260709
                        ],
                        [
                            -119.20852335043433,
                            40.781485185429176
                        ],
                        [
                            -119.20820490726375,
                            40.78130840617543
                        ],
                        [
                            -119.20820351037202,
                            40.781307665458215
                        ],
                        [
                            -119.20787743425117,
                            40.78114270748668
                        ],
                        [
                            -119.20788000622201,
                            40.78105358572613
                        ],
                        [
                            -119.20788789459682,
                            40.78096249776615
                        ],
                        [
                            -119.20790102541366,
                            40.78087173744453
                        ],
                        [
                            -119.20791937775444,
                            40.780781468661445
                        ],
                        [
                            -119.20794292211036,
                            40.78069185541259
                        ],
                        [
                            -119.20797162018036,
                            40.78060306171071
                        ],
                        [
                            -119.20800542465076,
                            40.78051525143557
                        ],
                        [
                            -119.20804427898115,
                            40.780428588100385
                        ],
                        [
                            -119.20808597920636,
                            40.78034739727585
                        ],
                        [
                            -119.20832811479573,
                            40.78002978584309
                        ],
                        [
                            -119.20869446669629,
                            40.78019809837512
                        ],
                        [
                            -119.20907917276239,
                            40.780392715216685
                        ],
                        [
                            -119.20945226218657,
                            40.78059982894085
                        ],
                        [
                            -119.20965569731783,
                            40.78072344326607
                        ]
                    ],
                    [
                        [
                            -119.20963288087457,
                            40.79914798137512
                        ],
                        [
                            -119.20895866418275,
                            40.79934650136264
                        ],
                        [
                            -119.20823823379254,
                            40.79953166729227
                        ],
                        [
                            -119.20754262428407,
                            40.799685181959696
                        ],
                        [
                            -119.2073031466705,
                            40.799008752045324
                        ],
                        [
                            -119.20794627494962,
                            40.79886681964231
                        ],
                        [
                            -119.20794765021762,
                            40.798866491254095
                        ],
                        [
                            -119.20862681641952,
                            40.798691931322516
                        ],
                        [
                            -119.20862819579004,
                            40.79869155110839
                        ],
                        [
                            -119.20927831853115,
                            40.79850012579081
                        ],
                        [
                            -119.20963288087457,
                            40.79914798137512
                        ]
                    ],
                    [
                        [
                            -119.20963043599568,
                            40.774767637914394
                        ],
                        [
                            -119.20927612882721,
                            40.77541552951478
                        ],
                        [
                            -119.20862621535278,
                            40.77522417592087
                        ],
                        [
                            -119.20862483615424,
                            40.775223795772085
                        ],
                        [
                            -119.2079458831321,
                            40.775049297766756
                        ],
                        [
                            -119.2079445079985,
                            40.775048969422464
                        ],
                        [
                            -119.20730159556243,
                            40.77490708899021
                        ],
                        [
                            -119.20754089358209,
                            40.774230643275004
                        ],
                        [
                            -119.20823623867494,
                            40.77438409460406
                        ],
                        [
                            -119.20895642844383,
                            40.7745691906459
                        ],
                        [
                            -119.20963043599568,
                            40.774767637914394
                        ]
                    ],
                    [
                        [
                            -119.20926531158192,
                            40.795248923828545
                        ],
                        [
                            -119.20883058563267,
                            40.7954295086113
                        ],
                        [
                            -119.20833609684543,
                            40.79561414763592
                        ],
                        [
                            -119.20783140507189,
                            40.795782290627436
                        ],
                        [
                            -119.20731747373195,
                            40.79593361416718
                        ],
                        [
                            -119.20679528406939,
                            40.796067827213044
                        ],
                        [
                            -119.20630066594241,
                            40.79617698443051
                        ],
                        [
                            -119.20606590004874,
                            40.79551379079609
                        ],
                        [
                            -119.20650880221879,
                            40.79541604685939
                        ],
                        [
                            -119.20651017746724,
                            40.79541571847756
                        ],
                        [
                            -119.20699185485607,
                            40.7952919180415
                        ],
                        [
                            -119.20699323420158,
                            40.79529153783688
                        ],
                        [
                            -119.20746731809966,
                            40.79515194732914
                        ],
                        [
                            -119.20746870161676,
                            40.79515151332835
                        ],
                        [
                            -119.20793428929406,
                            40.79499639856607
                        ],
                        [
                            -119.20793567685807,
                            40.79499590854939
                        ],
                        [
                            -119.20839188178121,
                            40.79482556491004
                        ],
                        [
                            -119.20839327303173,
                            40.79482501641671
                        ],
                        [
                            -119.20880995284482,
                            40.79465192851133
                        ],
                        [
                            -119.20926531158192,
                            40.795248923828545
                        ]
                    ],
                    [
                        [
                            -119.20926373911213,
                            40.7786667365751
                        ],
                        [
                            -119.20880860232904,
                            40.77926377545346
                        ],
                        [
                            -119.20839200287547,
                            40.779090733064905
                        ],
                        [
                            -119.20839061183676,
                            40.779090184690304
                        ],
                        [
                            -119.20793448919969,
                            40.778919881647994
                        ],
                        [
                            -119.20793310181656,
                            40.77891939172103
                        ],
                        [
                            -119.20746760545862,
                            40.7787643146863
                        ],
                        [
                            -119.20746622209222,
                            40.77876388075123
                        ],
                        [
                            -119.20699223785168,
                            40.778624324814395
                        ],
                        [
                            -119.20699085862816,
                            40.77862394465612
                        ],
                        [
                            -119.20650928847664,
                            40.77850017537127
                        ],
                        [
                            -119.20650791332352,
                            40.7784998470206
                        ],
                        [
                            -119.20606511741444,
                            40.77840212865277
                        ],
                        [
                            -119.20629975694979,
                            40.7777389239307
                        ],
                        [
                            -119.20679423433022,
                            40.777848047515725
                        ],
                        [
                            -119.20731629741312,
                            40.77798222379885
                        ],
                        [
                            -119.2078301111589,
                            40.778133506554276
                        ],
                        [
                            -119.20833469522128,
                            40.778301605055375
                        ],
                        [
                            -119.20882908700383,
                            40.77848619622833
                        ],
                        [
                            -119.20926373911213,
                            40.7786667365751
                        ]
                    ],
                    [
                        [
                            -119.20875834061636,
                            40.79458426161952
                        ],
                        [
                            -119.208362396165,
                            40.794748736099876
                        ],
                        [
                            -119.20790758125189,
                            40.79491856071947
                        ],
                        [
                            -119.2074433796731,
                            40.79507321369045
                        ],
                        [
                            -119.20697067772453,
                            40.79521239729335
                        ],
                        [
                            -119.20649037811705,
                            40.79533584361286
                        ],
                        [
                            -119.20603823116905,
                            40.79543562777663
                        ],
                        [
                            -119.20580347054343,
                            40.794772433680635
                        ],
                        [
                            -119.206203902972,
                            40.79468406246077
                        ],
                        [
                            -119.2062052782163,
                            40.794683734080294
                        ],
                        [
                            -119.20664506635659,
                            40.79457070013658
                        ],
                        [
                            -119.20664644569679,
                            40.79457031993398
                        ],
                        [
                            -119.20707930095098,
                            40.79444286910407
                        ],
                        [
                            -119.20708068446153,
                            40.794442435106134
                        ],
                        [
                            -119.20750578262796,
                            40.7943008100822
                        ],
                        [
                            -119.2075071701841,
                            40.794300320069425
                        ],
                        [
                            -119.20792370184687,
                            40.79414479053254
                        ],
                        [
                            -119.20792509308818,
                            40.79414424204437
                        ],
                        [
                            -119.20830299112932,
                            40.793987264483206
                        ],
                        [
                            -119.20875834061636,
                            40.79458426161952
                        ]
                    ],
                    [
                        [
                            -119.20875701057989,
                            40.77933145143566
                        ],
                        [
                            -119.20830186455545,
                            40.779928488496765
                        ],
                        [
                            -119.20792403414953,
                            40.779771549080266
                        ],
                        [
                            -119.20792264310161,
                            40.77977100070051
                        ],
                        [
                            -119.20750618003646,
                            40.779615505007264
                        ],
                        [
                            -119.20750479264548,
                            40.7796150150764
                        ],
                        [
                            -119.20707977060731,
                            40.77947342150398
                        ],
                        [
                            -119.20707838723436,
                            40.77947298756606
                        ],
                        [
                            -119.20664561505949,
                            40.77934556555614
                        ],
                        [
                            -119.20664423583067,
                            40.77934518539585
                        ],
                        [
                            -119.20620453708861,
                            40.77923217742127
                        ],
                        [
                            -119.20620316193134,
                            40.77923184906925
                        ],
                        [
                            -119.2058028174436,
                            40.77914349900558
                        ],
                        [
                            -119.20603746224116,
                            40.77848029474457
                        ],
                        [
                            -119.20648948963647,
                            40.778580050361946
                        ],
                        [
                            -119.20696968211551,
                            40.7787034655685
                        ],
                        [
                            -119.2074422845431,
                            40.77884261465594
                        ],
                        [
                            -119.20790639496879,
                            40.7789972299765
                        ],
                        [
                            -119.20836112779278,
                            40.779167014102676
                        ],
                        [
                            -119.20875701057989,
                            40.77933145143566
                        ]
                    ],
                    [
                        [
                            -119.20833044513633,
                            40.77175188477942
                        ],
                        [
                            -119.20817559194649,
                            40.77218965776876
                        ],
                        [
                            -119.20735727020127,
                            40.77203804776467
                        ],
                        [
                            -119.20735590235448,
                            40.772037818120126
                        ],
                        [
                            -119.2064947321735,
                            40.77190812251531
                        ],
                        [
                            -119.20649336729025,
                            40.77190794026059
                        ],
                        [
                            -119.20565513148632,
                            40.77181025649591
                        ],
                        [
                            -119.20573312356878,
                            40.771361508464175
                        ],
                        [
                            -119.20660569213577,
                            40.77146319317643
                        ],
                        [
                            -119.20749569169973,
                            40.771597230557525
                        ],
                        [
                            -119.20833044513633,
                            40.77175188477942
                        ]
                    ],
                    [
                        [
                            -119.20825137996589,
                            40.79391959712358
                        ],
                        [
                            -119.20789421629915,
                            40.794067961696136
                        ],
                        [
                            -119.20747907463765,
                            40.79422297221785
                        ],
                        [
                            -119.2070553625626,
                            40.7943641354538
                        ],
                        [
                            -119.20662388925187,
                            40.79449117938132
                        ],
                        [
                            -119.20618547888829,
                            40.79460385921013
                        ],
                        [
                            -119.2057758023312,
                            40.794694270511805
                        ],
                        [
                            -119.20539130844385,
                            40.79360805062138
                        ],
                        [
                            -119.20542130293366,
                            40.79360185908044
                        ],
                        [
                            -119.2054221266609,
                            40.79360168022811
                        ],
                        [
                            -119.20580029422604,
                            40.79351550474582
                        ],
                        [
                            -119.20580167026826,
                            40.79351516614916
                        ],
                        [
                            -119.20617451172726,
                            40.793416583294444
                        ],
                        [
                            -119.20617589189273,
                            40.79341619250197
                        ],
                        [
                            -119.2065426973386,
                            40.79330538998771
                        ],
                        [
                            -119.20654408166453,
                            40.79330494497698
                        ],
                        [
                            -119.20690415269362,
                            40.79318213378267
                        ],
                        [
                            -119.20690554101108,
                            40.79318163228574
                        ],
                        [
                            -119.20725819205364,
                            40.793047046255424
                        ],
                        [
                            -119.20725944461702,
                            40.79304654454487
                        ],
                        [
                            -119.2075064306594,
                            40.7929428836915
                        ],
                        [
                            -119.20825137996589,
                            40.79391959712358
                        ]
                    ],
                    [
                        [
                            -119.20825027174206,
                            40.77999616401157
                        ],
                        [
                            -119.20824806057442,
                            40.77999906442007
                        ],
                        [
                            -119.20824407347551,
                            40.779998378867504
                        ],
                        [
                            -119.20823601046705,
                            40.77999858913273
                        ],
                        [
                            -119.20822814340772,
                            40.78000036837269
                        ],
                        [
                            -119.20822077462425,
                            40.78000364821219
                        ],
                        [
                            -119.20821418729483,
                            40.78000830260883
                        ],
                        [
                            -119.20820863456683,
                            40.78001415269676
                        ],
                        [
                            -119.2081835255876,
                            40.780046428451946
                        ],
                        [
                            -119.20818268243106,
                            40.7800475512897
                        ],
                        [
                            -119.20812319729548,
                            40.780129649129016
                        ],
                        [
                            -119.20812203843636,
                            40.78013133521278
                        ],
                        [
                            -119.20806733898227,
                            40.780215319653536
                        ],
                        [
                            -119.20806624199274,
                            40.780217101436364
                        ],
                        [
                            -119.2080164323575,
                            40.78030281261626
                        ],
                        [
                            -119.20801627635909,
                            40.78030309786228
                        ],
                        [
                            -119.20750554175137,
                            40.78097303304583
                        ],
                        [
                            -119.2071886353414,
                            40.780841398999215
                        ],
                        [
                            -119.20718724427903,
                            40.78084085061135
                        ],
                        [
                            -119.20683310465519,
                            40.78070862422945
                        ],
                        [
                            -119.20683171725184,
                            40.78070813429245
                        ],
                        [
                            -119.20647029911079,
                            40.78058772959406
                        ],
                        [
                            -119.20646891572756,
                            40.78058729565165
                        ],
                        [
                            -119.20610090689225,
                            40.78047894176907
                        ],
                        [
                            -119.2060995276551,
                            40.78047856160561
                        ],
                        [
                            -119.20572562847978,
                            40.780382464737194
                        ],
                        [
                            -119.205724253316,
                            40.78038213638304
                        ],
                        [
                            -119.20539061985042,
                            40.780308508339026
                        ],
                        [
                            -119.2057751616035,
                            40.77922166494814
                        ],
                        [
                            -119.20618473822613,
                            40.77931205240643
                        ],
                        [
                            -119.20662305929123,
                            40.77942470630112
                        ],
                        [
                            -119.20705444964693,
                            40.77955172145915
                        ],
                        [
                            -119.20747808574586,
                            40.77969285331413
                        ],
                        [
                            -119.20789315898925,
                            40.77984783008668
                        ],
                        [
                            -119.20825027174206,
                            40.77999616401157
                        ]
                    ],
                    [
                        [
                            -119.20823500677251,
                            40.78230760963653
                        ],
                        [
                            -119.20340736221323,
                            40.784866940405095
                        ],
                        [
                            -119.204547294388,
                            40.78573017956717
                        ],
                        [
                            -119.20347039446604,
                            40.78654564701534
                        ],
                        [
                            -119.20345942094221,
                            40.78653803368439
                        ],
                        [
                            -119.20340930727163,
                            40.78650891891407
                        ],
                        [
                            -119.20335603292588,
                            40.78648322190457
                        ],
                        [
                            -119.20330000334991,
                            40.78646113822156
                        ],
                        [
                            -119.20324164495578,
                            40.78644283593152
                        ],
                        [
                            -119.2031814018778,
                            40.786428454322746
                        ],
                        [
                            -119.20311973259238,
                            40.78641810284541
                        ],
                        [
                            -119.20305710642931,
                            40.78641186027859
                        ],
                        [
                            -119.20299400000003,
                            40.78640977413084
                        ],
                        [
                            -119.20293089357074,
                            40.78641186027859
                        ],
                        [
                            -119.20286826740765,
                            40.78641810284541
                        ],
                        [
                            -119.20280659812225,
                            40.786428454322746
                        ],
                        [
                            -119.20274635504425,
                            40.78644283593152
                        ],
                        [
                            -119.20268799665014,
                            40.78646113822156
                        ],
                        [
                            -119.20263196707417,
                            40.78648322190457
                        ],
                        [
                            -119.20257869272842,
                            40.78650891891407
                        ],
                        [
                            -119.20252857905784,
                            40.78653803368439
                        ],
                        [
                            -119.20251760228214,
                            40.78654564927145
                        ],
                        [
                            -119.19666363554967,
                            40.78211286970682
                        ],
                        [
                            -119.19690323575767,
                            40.78193921754147
                        ],
                        [
                            -119.19719873241367,
                            40.78174302027169
                        ],
                        [
                            -119.1975052955524,
                            40.78155674005146
                        ],
                        [
                            -119.19782234149346,
                            40.78138073645005
                        ],
                        [
                            -119.19814926611078,
                            40.78121534923441
                        ],
                        [
                            -119.19848544604402,
                            40.781060897683915
                        ],
                        [
                            -119.19883023994068,
                            40.78091767995643
                        ],
                        [
                            -119.19918298972935,
                            40.78078597250227
                        ],
                        [
                            -119.19954302191974,
                            40.78066602952661
                        ],
                        [
                            -119.1999096489267,
                            40.78055808249966
                        ],
                        [
                            -119.20028217041747,
                            40.780462339713786
                        ],
                        [
                            -119.20065987467738,
                            40.78037898588768
                        ],
                        [
                            -119.20104203999377,
                            40.78030818181731
                        ],
                        [
                            -119.20142793605585,
                            40.78025006407318
                        ],
                        [
                            -119.2018168253671,
                            40.78020474474414
                        ],
                        [
                            -119.20220796466839,
                            40.78017231122803
                        ],
                        [
                            -119.2026006063723,
                            40.780152826068296
                        ],
                        [
                            -119.20299400000003,
                            40.78014632683772
                        ],
                        [
                            -119.20338739362776,
                            40.780152826068296
                        ],
                        [
                            -119.20378003533166,
                            40.78017231122803
                        ],
                        [
                            -119.20417117463295,
                            40.78020474474414
                        ],
                        [
                            -119.20456006394419,
                            40.78025006407318
                        ],
                        [
                            -119.20494596000628,
                            40.78030818181731
                        ],
                        [
                            -119.20532812532267,
                            40.78037898588768
                        ],
                        [
                            -119.20570582958258,
                            40.780462339713786
                        ],
                        [
                            -119.20607835107334,
                            40.78055808249966
                        ],
                        [
                            -119.2064449780803,
                            40.78066602952661
                        ],
                        [
                            -119.2068050102707,
                            40.78078597250227
                        ],
                        [
                            -119.20715776005939,
                            40.78091767995643
                        ],
                        [
                            -119.20750255395602,
                            40.781060897683915
                        ],
                        [
                            -119.20779652039015,
                            40.78119595503581
                        ],
                        [
                            -119.20779777736252,
                            40.78123963971204
                        ],
                        [
                            -119.20779791346766,
                            40.78124200275848
                        ],
                        [
                            -119.20780599779035,
                            40.78133544522165
                        ],
                        [
                            -119.20780626813027,
                            40.78133778668487
                        ],
                        [
                            -119.2078197275943,
                            40.7814308731934
                        ],
                        [
                            -119.20782012831494,
                            40.78143317933737
                        ],
                        [
                            -119.20783893732168,
                            40.78152573269398
                        ],
                        [
                            -119.20783946286194,
                            40.78152799073741
                        ],
                        [
                            -119.20786358562918,
                            40.78161983475891
                        ],
                        [
                            -119.2078642289648,
                            40.78162203317079
                        ],
                        [
                            -119.20789361959449,
                            40.78171299302357
                        ],
                        [
                            -119.20789437252989,
                            40.781715121744135
                        ],
                        [
                            -119.20792897509556,
                            40.781805024276956
                        ],
                        [
                            -119.20792982858099,
                            40.78180707485676
                        ],
                        [
                            -119.20796957723388,
                            40.781895748930395
                        ],
                        [
                            -119.20797052168581,
                            40.78189771458871
                        ],
                        [
                            -119.20801534078024,
                            40.78198499140177
                        ],
                        [
                            -119.20801636638568,
                            40.78198686701083
                        ],
                        [
                            -119.20806617062273,
                            40.78207258042111
                        ],
                        [
                            -119.20806726761265,
                            40.78207436242831
                        ],
                        [
                            -119.20812196220255,
                            40.7821583492691
                        ],
                        [
                            -119.208123121084,
                            40.782160035571025
                        ],
                        [
                            -119.20818260192637,
                            40.78224213596175
                        ],
                        [
                            -119.20818381366868,
                            40.78224372574522
                        ],
                        [
                            -119.20823500677251,
                            40.78230760963653
                        ]
                    ],
                    [
                        [
                            -119.20814780900722,
                            40.77226819997734
                        ],
                        [
                            -119.20800700261633,
                            40.772666256229854
                        ],
                        [
                            -119.20721628646874,
                            40.77251976063589
                        ],
                        [
                            -119.20721491862054,
                            40.772519530991026
                        ],
                        [
                            -119.2063816222213,
                            40.77239403325088
                        ],
                        [
                            -119.20638025733714,
                            40.77239385099599
                        ],
                        [
                            -119.2055701104495,
                            40.77229944055525
                        ],
                        [
                            -119.20564101863503,
                            40.7718914579061
                        ],
                        [
                            -119.20648315821812,
                            40.77198959659748
                        ],
                        [
                            -119.20734296162351,
                            40.77211908636053
                        ],
                        [
                            -119.20814780900722,
                            40.77226819997734
                        ]
                    ],
                    [
                        [
                            -119.20797921922087,
                            40.77274479835288
                        ],
                        [
                            -119.20774474768372,
                            40.773407631115745
                        ],
                        [
                            -119.20699697437693,
                            40.77326909142789
                        ],
                        [
                            -119.20699560652656,
                            40.77326886178253
                        ],
                        [
                            -119.20620567011844,
                            40.77314989417557
                        ],
                        [
                            -119.20620430523286,
                            40.77314971192042
                        ],
                        [
                            -119.20543785297836,
                            40.77306039340819
                        ],
                        [
                            -119.20555599736088,
                            40.7723806419377
                        ],
                        [
                            -119.20637004826311,
                            40.77247550733265
                        ],
                        [
                            -119.2072019778854,
                            40.772600799230766
                        ],
                        [
                            -119.20797921922087,
                            40.77274479835288
                        ]
                    ],
                    [
                        [
                            -119.20771696373453,
                            40.773486173134586
                        ],
                        [
                            -119.20748717022478,
                            40.77413576659519
                        ],
                        [
                            -119.20678157375723,
                            40.77400504090875
                        ],
                        [
                            -119.2067802059047,
                            40.7740048112629
                        ],
                        [
                            -119.20603285612047,
                            40.773892257323624
                        ],
                        [
                            -119.20603149123352,
                            40.77389207506823
                        ],
                        [
                            -119.20530795432947,
                            40.77380775767391
                        ],
                        [
                            -119.20542373960113,
                            40.77314159475685
                        ],
                        [
                            -119.20619409615554,
                            40.77323136825667
                        ],
                        [
                            -119.20698266578499,
                            40.77335013002126
                        ],
                        [
                            -119.20771696373453,
                            40.773486173134586
                        ]
                    ],
                    [
                        [
                            -119.20745938567556,
                            40.77421430850131
                        ],
                        [
                            -119.20722022034826,
                            40.77489037912284
                        ],
                        [
                            -119.2065583353522,
                            40.77476775176629
                        ],
                        [
                            -119.20655696749746,
                            40.77476752211994
                        ],
                        [
                            -119.20585375390202,
                            40.77466161522322
                        ],
                        [
                            -119.20585238901361,
                            40.77466143296757
                        ],
                        [
                            -119.20517332900505,
                            40.77458229866778
                        ],
                        [
                            -119.20529384063413,
                            40.77388895898535
                        ],
                        [
                            -119.20602128215275,
                            40.773973731404055
                        ],
                        [
                            -119.20676726515684,
                            40.77408607950064
                        ],
                        [
                            -119.20745938567556,
                            40.77421430850131
                        ]
                    ],
                    [
                        [
                            -119.20719243506913,
                            40.77496892089211
                        ],
                        [
                            -119.20677060676746,
                            40.77616130407971
                        ],
                        [
                            -119.2061823432943,
                            40.77605231644872
                        ],
                        [
                            -119.20618097543583,
                            40.77605208680151
                        ],
                        [
                            -119.20555209868382,
                            40.775957375270316
                        ],
                        [
                            -119.20555073379299,
                            40.77595719301422
                        ],
                        [
                            -119.2049170016214,
                            40.77588334096247
                        ],
                        [
                            -119.20491563912519,
                            40.775883205121666
                        ],
                        [
                            -119.20427825729462,
                            40.77583035306119
                        ],
                        [
                            -119.20427689655435,
                            40.77583026290548
                        ],
                        [
                            -119.20363707775911,
                            40.77579851139295
                        ],
                        [
                            -119.20363571809038,
                            40.77579846643644
                        ],
                        [
                            -119.2030351445876,
                            40.77578854440091
                        ],
                        [
                            -119.2030351445876,
                            40.77455510271933
                        ],
                        [
                            -119.20370945218721,
                            40.77456624291096
                        ],
                        [
                            -119.20442353992819,
                            40.774601680075506
                        ],
                        [
                            -119.20513490138465,
                            40.77466066655434
                        ],
                        [
                            -119.20584217992955,
                            40.77474308930299
                        ],
                        [
                            -119.20654402674298,
                            40.774848790356636
                        ],
                        [
                            -119.20719243506913,
                            40.77496892089211
                        ]
                    ],
                    [
                        [
                            -119.2067428206688,
                            40.77623984569441
                        ],
                        [
                            -119.20650832437676,
                            40.776902676191774
                        ],
                        [
                            -119.20596300787896,
                            40.77680164528325
                        ],
                        [
                            -119.20596164001832,
                            40.776801415635546
                        ],
                        [
                            -119.20537612770569,
                            40.77671323493505
                        ],
                        [
                            -119.20537476281345,
                            40.7767130526787
                        ],
                        [
                            -119.20478472973201,
                            40.77664429308688
                        ],
                        [
                            -119.204783367235,
                            40.77664415724596
                        ],
                        [
                            -119.2041899360397,
                            40.77659494959014
                        ],
                        [
                            -119.20418857529906,
                            40.776594859434404
                        ],
                        [
                            -119.20359287510115,
                            40.77656529734061
                        ],
                        [
                            -119.20359151543232,
                            40.776565252384096
                        ],
                        [
                            -119.2030351445876,
                            40.77655606061773
                        ],
                        [
                            -119.2030351445876,
                            40.775870844805326
                        ],
                        [
                            -119.20363367857564,
                            40.775880733146174
                        ],
                        [
                            -119.20427213679118,
                            40.77591241713886
                        ],
                        [
                            -119.20490815662016,
                            40.7759651562614
                        ],
                        [
                            -119.20554052470337,
                            40.77603884934895
                        ],
                        [
                            -119.20616803467026,
                            40.77613335503646
                        ],
                        [
                            -119.2067428206688,
                            40.77623984569441
                        ]
                    ],
                    [
                        [
                            -119.20648053758484,
                            40.77698121767644
                        ],
                        [
                            -119.20624603604104,
                            40.777644047693165
                        ],
                        [
                            -119.20574366751556,
                            40.77755097370249
                        ],
                        [
                            -119.20574229965271,
                            40.77755074405429
                        ],
                        [
                            -119.20520015272311,
                            40.77746909433249
                        ],
                        [
                            -119.20519878782946,
                            40.777468912075875
                        ],
                        [
                            -119.20465245481242,
                            40.77740524506026
                        ],
                        [
                            -119.2046510923146,
                            40.77740510921923
                        ],
                        [
                            -119.20410161275167,
                            40.77735954605176
                        ],
                        [
                            -119.20410025201068,
                            40.777359455896
                        ],
                        [
                            -119.20354867142275,
                            40.7773320832714
                        ],
                        [
                            -119.20354731175381,
                            40.77733203831488
                        ],
                        [
                            -119.2030351445876,
                            40.77732357683456
                        ],
                        [
                            -119.2030351445876,
                            40.77663836102215
                        ],
                        [
                            -119.2035894759176,
                            40.77664751909383
                        ],
                        [
                            -119.20418381553533,
                            40.77667701366775
                        ],
                        [
                            -119.20477588472873,
                            40.77672610838559
                        ],
                        [
                            -119.20536455372059,
                            40.77679470901303
                        ],
                        [
                            -119.20594869924632,
                            40.776882683869474
                        ],
                        [
                            -119.20648053758484,
                            40.77698121767644
                        ]
                    ],
                    [
                        [
                            -119.2062182486467,
                            40.77772258906464
                        ],
                        [
                            -119.20598374185087,
                            40.77838541860071
                        ],
                        [
                            -119.2055243222038,
                            40.77830030170643
                        ],
                        [
                            -119.20552295433878,
                            40.77830007205773
                        ],
                        [
                            -119.20502417373595,
                            40.7782249534626
                        ],
                        [
                            -119.2050228088409,
                            40.77822477120573
                        ],
                        [
                            -119.2045201768624,
                            40.7781661968826
                        ],
                        [
                            -119.20451881436377,
                            40.77816606104147
                        ],
                        [
                            -119.20401328743048,
                            40.77812414244603
                        ],
                        [
                            -119.20401192668913,
                            40.778124052290224
                        ],
                        [
                            -119.20350446672389,
                            40.77809886918533
                        ],
                        [
                            -119.20350310705486,
                            40.778098824228806
                        ],
                        [
                            -119.20335263923279,
                            40.778096338359724
                        ],
                        [
                            -119.20335048774865,
                            40.778083963746475
                        ],
                        [
                            -119.20334365261097,
                            40.77806061733089
                        ],
                        [
                            -119.20333415641433,
                            40.778037810861974
                        ],
                        [
                            -119.2033220714329,
                            40.778015717910066
                        ],
                        [
                            -119.2033074896428,
                            40.77799450661509
                        ],
                        [
                            -119.20329052202193,
                            40.777974338406864
                        ],
                        [
                            -119.20327129770547,
                            40.77795536677665
                        ],
                        [
                            -119.20324996300276,
                            40.77793773610892
                        ],
                        [
                            -119.20322668028406,
                            40.777921580582536
                        ],
                        [
                            -119.20320162674463,
                            40.77790702314975
                        ],
                        [
                            -119.2031749930563,
                            40.7778941746003
                        ],
                        [
                            -119.20314698191625,
                            40.777883132718394
                        ],
                        [
                            -119.2031178065045,
                            40.77787398153849
                        ],
                        [
                            -119.20308768886139,
                            40.77786679070582
                        ],
                        [
                            -119.203056858198,
                            40.77786161494631
                        ],
                        [
                            -119.2030351445876,
                            40.77785945024898
                        ],
                        [
                            -119.2030351445876,
                            40.77740587723898
                        ],
                        [
                            -119.20354527223908,
                            40.777414305024614
                        ],
                        [
                            -119.20409549224641,
                            40.777441610129316
                        ],
                        [
                            -119.20464360980695,
                            40.777487060358744
                        ],
                        [
                            -119.20518857873358,
                            40.77755056840984
                        ],
                        [
                            -119.20572935887417,
                            40.77763201228718
                        ],
                        [
                            -119.2062182486467,
                            40.77772258906464
                        ]
                    ],
                    [
                        [
                            -119.2059559538541,
                            40.77846395985896
                        ],
                        [
                            -119.20572144180603,
                            40.779126788914375
                        ],
                        [
                            -119.2053049719435,
                            40.779049629295066
                        ],
                        [
                            -119.20530360407629,
                            40.779049399645864
                        ],
                        [
                            -119.20484819074397,
                            40.77898081232538
                        ],
                        [
                            -119.2048468258475,
                            40.77898063006826
                        ],
                        [
                            -119.20438789588184,
                            40.778927148553905
                        ],
                        [
                            -119.2043865333824,
                            40.77892701271266
                        ],
                        [
                            -119.20392496007602,
                            40.77888873877297
                        ],
                        [
                            -119.2039235993343,
                            40.778888648617134
                        ],
                        [
                            -119.20346026100451,
                            40.77886565508239
                        ],
                        [
                            -119.20345890133538,
                            40.77886561012586
                        ],
                        [
                            -119.20316380859056,
                            40.778860734917835
                        ],
                        [
                            -119.20305686505101,
                            40.77840151096796
                        ],
                        [
                            -119.20308768960825,
                            40.77839633623148
                        ],
                        [
                            -119.20311780746462,
                            40.77838914534226
                        ],
                        [
                            -119.2031469830605,
                            40.77837999409265
                        ],
                        [
                            -119.2031749943499,
                            40.77836895213
                        ],
                        [
                            -119.20320162814825,
                            40.7783561034912
                        ],
                        [
                            -119.20322668175505,
                            40.77834154596319
                        ],
                        [
                            -119.20324996449646,
                            40.7783253903386
                        ],
                        [
                            -119.20327129917649,
                            40.77830775957266
                        ],
                        [
                            -119.20329052342558,
                            40.778288787847224
                        ],
                        [
                            -119.2033074909364,
                            40.778268619549664
                        ],
                        [
                            -119.20332207257712,
                            40.77824740817392
                        ],
                        [
                            -119.20333415737446,
                            40.778225315152305
                        ],
                        [
                            -119.20334365335782,
                            40.77820250862685
                        ],
                        [
                            -119.20335048825953,
                            40.77817916216961
                        ],
                        [
                            -119.20335058515431,
                            40.778178604828845
                        ],
                        [
                            -119.20350106753992,
                            40.77818109093853
                        ],
                        [
                            -119.20400716692478,
                            40.77820620652354
                        ],
                        [
                            -119.20451133185465,
                            40.77824801218084
                        ],
                        [
                            -119.20501259974176,
                            40.77830642753929
                        ],
                        [
                            -119.2055100135538,
                            40.778381340289606
                        ],
                        [
                            -119.2059559538541,
                            40.77846395985896
                        ]
                    ],
                    [
                        [
                            -119.20569365310718,
                            40.77920533004096
                        ],
                        [
                            -119.205309244119,
                            40.78029179819384
                        ],
                        [
                            -119.20496026867855,
                            40.78022714323804
                        ],
                        [
                            -119.20495890080791,
                            40.78022691358806
                        ],
                        [
                            -119.20457163795054,
                            40.78016858999819
                        ],
                        [
                            -119.20457027305184,
                            40.78016840774067
                        ],
                        [
                            -119.20418001964615,
                            40.780122929446485
                        ],
                        [
                            -119.20417865714543,
                            40.78012279360507
                        ],
                        [
                            -119.20378615583931,
                            40.78009024715066
                        ],
                        [
                            -119.20378479509702,
                            40.78009015699477
                        ],
                        [
                            -119.20344620192117,
                            40.780073354036624
                        ],
                        [
                            -119.20318304863676,
                            40.7789433531858
                        ],
                        [
                            -119.20345686182046,
                            40.77894787683559
                        ],
                        [
                            -119.2039188395694,
                            40.77897080285042
                        ],
                        [
                            -119.2043790508721,
                            40.77900896385193
                        ],
                        [
                            -119.20483661674487,
                            40.77906228640139
                        ],
                        [
                            -119.20529066328503,
                            40.77913066787676
                        ],
                        [
                            -119.20569365310718,
                            40.77920533004096
                        ]
                    ],
                    [
                        [
                            -119.20567837282493,
                            40.77135615119437
                        ],
                        [
                            -119.20560041499742,
                            40.77180470213125
                        ],
                        [
                            -119.20475137225978,
                            40.77173429908102
                        ],
                        [
                            -119.20475001152145,
                            40.7717342089255
                        ],
                        [
                            -119.20387386033909,
                            40.77169072924332
                        ],
                        [
                            -119.20387250067088,
                            40.77169068428683
                        ],
                        [
                            -119.2030351445876,
                            40.7716768503822
                        ],
                        [
                            -119.2030351445876,
                            40.771224630564184
                        ],
                        [
                            -119.20390124074154,
                            40.771238939281574
                        ],
                        [
                            -119.20480675242167,
                            40.77128387599969
                        ],
                        [
                            -119.20567837282493,
                            40.77135615119437
                        ]
                    ],
                    [
                        [
                            -119.20558626788004,
                            40.771886100638035
                        ],
                        [
                            -119.20551539395119,
                            40.772293886185324
                        ],
                        [
                            -119.204694601544,
                            40.772225825660655
                        ],
                        [
                            -119.20469324080545,
                            40.77222573550511
                        ],
                        [
                            -119.2038454479754,
                            40.772183663126825
                        ],
                        [
                            -119.20384408830712,
                            40.77218361817034
                        ],
                        [
                            -119.2030351445876,
                            40.77217025366444
                        ],
                        [
                            -119.2030351445876,
                            40.771759150786615
                        ],
                        [
                            -119.2038704611566,
                            40.77177295099657
                        ],
                        [
                            -119.20474525175996,
                            40.77181636315896
                        ],
                        [
                            -119.20558626788004,
                            40.771886100638035
                        ]
                    ],
                    [
                        [
                            -119.20550124659214,
                            40.772375284672
                        ],
                        [
                            -119.20538313646855,
                            40.77305483903152
                        ],
                        [
                            -119.20460628987215,
                            40.77299042250701
                        ],
                        [
                            -119.20460492913323,
                            40.77299033235143
                        ],
                        [
                            -119.20380125012724,
                            40.77295044915399
                        ],
                        [
                            -119.20379989045887,
                            40.772950404197495
                        ],
                        [
                            -119.2030351445876,
                            40.772937769881274
                        ],
                        [
                            -119.2030351445876,
                            40.77225255406886
                        ],
                        [
                            -119.2038420487927,
                            40.77226588488007
                        ],
                        [
                            -119.20468848104393,
                            40.77230788973858
                        ],
                        [
                            -119.20550124659214,
                            40.772375284672
                        ]
                    ],
                    [
                        [
                            -119.20536898881586,
                            40.77313623749378
                        ],
                        [
                            -119.20525323780575,
                            40.773802203289385
                        ],
                        [
                            -119.20451955321599,
                            40.77374136577273
                        ],
                        [
                            -119.20451819247671,
                            40.77374127561711
                        ],
                        [
                            -119.20375784053338,
                            40.77370354255711
                        ],
                        [
                            -119.20375648086491,
                            40.773703497600614
                        ],
                        [
                            -119.20335261541476,
                            40.773696825366045
                        ],
                        [
                            -119.20335046414155,
                            40.77368445114657
                        ],
                        [
                            -119.20334362945654,
                            40.773661104730984
                        ],
                        [
                            -119.20333413388875,
                            40.77363829826206
                        ],
                        [
                            -119.20332204970762,
                            40.77361620531015
                        ],
                        [
                            -119.20330746888315,
                            40.773594994015156
                        ],
                        [
                            -119.20329050238595,
                            40.773574825806946
                        ],
                        [
                            -119.20327127934254,
                            40.77355585417672
                        ],
                        [
                            -119.20324994605265,
                            40.773538223508965
                        ],
                        [
                            -119.20322666487574,
                            40.77352206798258
                        ],
                        [
                            -119.20320161299541,
                            40.773507510549784
                        ],
                        [
                            -119.20317498107079,
                            40.77349466200033
                        ],
                        [
                            -119.20314697178567,
                            40.77348362011841
                        ],
                        [
                            -119.20311779830591,
                            40.77347446893851
                        ],
                        [
                            -119.20308768265724,
                            40.773467278105834
                        ],
                        [
                            -119.20305685403548,
                            40.77346210234632
                        ],
                        [
                            -119.2030351445876,
                            40.77345993792064
                        ],
                        [
                            -119.2030351445876,
                            40.77302007028569
                        ],
                        [
                            -119.20379785094445,
                            40.77303267090723
                        ],
                        [
                            -119.20460016937115,
                            40.773072486584866
                        ],
                        [
                            -119.20536898881586,
                            40.77313623749378
                        ]
                    ],
                    [
                        [
                            -119.20523908983219,
                            40.77388360172495
                        ],
                        [
                            -119.20511861246729,
                            40.77457674427531
                        ],
                        [
                            -119.20442966043055,
                            40.77451961599775
                        ],
                        [
                            -119.2044282996909,
                            40.7745195258421
                        ],
                        [
                            -119.20371285137037,
                            40.774484021157726
                        ],
                        [
                            -119.20371149170181,
                            40.774483976201225
                        ],
                        [
                            -119.2030351445876,
                            40.77447280231492
                        ],
                        [
                            -119.2030351445876,
                            40.77400416390959
                        ],
                        [
                            -119.20305685454626,
                            40.77400199943267
                        ],
                        [
                            -119.20308768340394,
                            40.7739968236315
                        ],
                        [
                            -119.20311779926584,
                            40.773989632742285
                        ],
                        [
                            -119.20314697292964,
                            40.77398048149269
                        ],
                        [
                            -119.20317498236409,
                            40.773969439530035
                        ],
                        [
                            -119.20320161439871,
                            40.77395659089124
                        ],
                        [
                            -119.20322666634644,
                            40.773942033363234
                        ],
                        [
                            -119.203249947546,
                            40.77392587773867
                        ],
                        [
                            -119.20327128081324,
                            40.77390824697272
                        ],
                        [
                            -119.20329050378928,
                            40.773889275247285
                        ],
                        [
                            -119.20330747017647,
                            40.77386910694974
                        ],
                        [
                            -119.20332205085163,
                            40.773847895574
                        ],
                        [
                            -119.20333413484866,
                            40.7738258025524
                        ],
                        [
                            -119.20334363020324,
                            40.77380299602694
                        ],
                        [
                            -119.20335046465232,
                            40.7737796495697
                        ],
                        [
                            -119.20335056160835,
                            40.773779091839664
                        ],
                        [
                            -119.2037544413503,
                            40.77378576431035
                        ],
                        [
                            -119.20451343271455,
                            40.77382342985055
                        ],
                        [
                            -119.20523908983219,
                            40.77388360172495
                        ]
                    ],
                    [
                        [
                            -119.20295285541246,
                            40.771224630564184
                        ],
                        [
                            -119.20295285541246,
                            40.7716768503822
                        ],
                        [
                            -119.20211549932917,
                            40.77169068428683
                        ],
                        [
                            -119.20211413966096,
                            40.77169072924332
                        ],
                        [
                            -119.2012379884786,
                            40.7717342089255
                        ],
                        [
                            -119.20123662774027,
                            40.77173429908102
                        ],
                        [
                            -119.2003875850026,
                            40.77180470213125
                        ],
                        [
                            -119.2003096271751,
                            40.77135615119437
                        ],
                        [
                            -119.20118124757836,
                            40.77128387599969
                        ],
                        [
                            -119.2020867592585,
                            40.771238939281574
                        ],
                        [
                            -119.20295285541246,
                            40.771224630564184
                        ]
                    ],
                    [
                        [
                            -119.20295285541246,
                            40.771759150786615
                        ],
                        [
                            -119.20295285541246,
                            40.77217025366444
                        ],
                        [
                            -119.20214391169291,
                            40.77218361817034
                        ],
                        [
                            -119.20214255202464,
                            40.772183663126825
                        ],
                        [
                            -119.20129475919458,
                            40.77222573550511
                        ],
                        [
                            -119.20129339845603,
                            40.772225825660655
                        ],
                        [
                            -119.20047260604885,
                            40.772293886185324
                        ],
                        [
                            -119.20040173212,
                            40.771886100638035
                        ],
                        [
                            -119.20124274824009,
                            40.77181636315896
                        ],
                        [
                            -119.20211753884345,
                            40.77177295099657
                        ],
                        [
                            -119.20295285541246,
                            40.771759150786615
                        ]
                    ],
                    [
                        [
                            -119.20295285541246,
                            40.77225255406886
                        ],
                        [
                            -119.20295285541246,
                            40.772937769881274
                        ],
                        [
                            -119.20218810954117,
                            40.772950404197495
                        ],
                        [
                            -119.2021867498728,
                            40.77295044915399
                        ],
                        [
                            -119.20138307086683,
                            40.77299033235143
                        ],
                        [
                            -119.2013817101279,
                            40.77299042250701
                        ],
                        [
                            -119.2006048635315,
                            40.77305483903152
                        ],
                        [
                            -119.2004867534079,
                            40.772375284672
                        ],
                        [
                            -119.2012995189561,
                            40.77230788973858
                        ],
                        [
                            -119.20214595120734,
                            40.77226588488007
                        ],
                        [
                            -119.20295285541246,
                            40.77225255406886
                        ]
                    ],
                    [
                        [
                            -119.20295285541246,
                            40.77302007028569
                        ],
                        [
                            -119.20295285541246,
                            40.77345993792064
                        ],
                        [
                            -119.20293114596457,
                            40.77346210234632
                        ],
                        [
                            -119.20290031734281,
                            40.773467278105834
                        ],
                        [
                            -119.20287020169414,
                            40.77347446893851
                        ],
                        [
                            -119.20284102821438,
                            40.77348362011841
                        ],
                        [
                            -119.20281301892925,
                            40.77349466200033
                        ],
                        [
                            -119.20278638700464,
                            40.773507510549784
                        ],
                        [
                            -119.20276133512431,
                            40.77352206798258
                        ],
                        [
                            -119.2027380539474,
                            40.773538223508965
                        ],
                        [
                            -119.20271672065749,
                            40.77355585417672
                        ],
                        [
                            -119.20269749761408,
                            40.773574825806946
                        ],
                        [
                            -119.20268053111688,
                            40.773594994015156
                        ],
                        [
                            -119.20266595029244,
                            40.77361620531015
                        ],
                        [
                            -119.2026538661113,
                            40.77363829826206
                        ],
                        [
                            -119.20264437054351,
                            40.773661104730984
                        ],
                        [
                            -119.2026375358585,
                            40.77368445114657
                        ],
                        [
                            -119.20263538458529,
                            40.773696825366045
                        ],
                        [
                            -119.20223151913514,
                            40.773703497600614
                        ],
                        [
                            -119.20223015946667,
                            40.77370354255711
                        ],
                        [
                            -119.20146980752334,
                            40.77374127561711
                        ],
                        [
                            -119.20146844678406,
                            40.77374136577273
                        ],
                        [
                            -119.20073476219432,
                            40.773802203289385
                        ],
                        [
                            -119.20061901118417,
                            40.77313623749378
                        ],
                        [
                            -119.2013878306289,
                            40.773072486584866
                        ],
                        [
                            -119.20219014905558,
                            40.77303267090723
                        ],
                        [
                            -119.20295285541246,
                            40.77302007028569
                        ]
                    ],
                    [
                        [
                            -119.20295285541246,
                            40.77400416390959
                        ],
                        [
                            -119.20295285541246,
                            40.77447280231492
                        ],
                        [
                            -119.20227650829823,
                            40.774483976201225
                        ],
                        [
                            -119.20227514862967,
                            40.774484021157726
                        ],
                        [
                            -119.20155970030913,
                            40.7745195258421
                        ],
                        [
                            -119.20155833956949,
                            40.77451961599775
                        ],
                        [
                            -119.20086938753275,
                            40.77457674427531
                        ],
                        [
                            -119.20074891016787,
                            40.77388360172495
                        ],
                        [
                            -119.2014745672855,
                            40.77382342985055
                        ],
                        [
                            -119.20223355864975,
                            40.77378576431035
                        ],
                        [
                            -119.20263743839169,
                            40.773779091839664
                        ],
                        [
                            -119.20263753534772,
                            40.7737796495697
                        ],
                        [
                            -119.20264436979681,
                            40.77380299602694
                        ],
                        [
                            -119.20265386515139,
                            40.7738258025524
                        ],
                        [
                            -119.20266594914843,
                            40.773847895574
                        ],
                        [
                            -119.20268052982358,
                            40.77386910694974
                        ],
                        [
                            -119.20269749621076,
                            40.773889275247285
                        ],
                        [
                            -119.20271671918681,
                            40.77390824697272
                        ],
                        [
                            -119.20273805245404,
                            40.77392587773867
                        ],
                        [
                            -119.2027613336536,
                            40.773942033363234
                        ],
                        [
                            -119.20278638560133,
                            40.77395659089124
                        ],
                        [
                            -119.20281301763598,
                            40.773969439530035
                        ],
                        [
                            -119.20284102707039,
                            40.77398048149269
                        ],
                        [
                            -119.2028702007342,
                            40.773989632742285
                        ],
                        [
                            -119.20290031659611,
                            40.7739968236315
                        ],
                        [
                            -119.2029311454538,
                            40.77400199943267
                        ],
                        [
                            -119.20295285541246,
                            40.77400416390959
                        ]
                    ],
                    [
                        [
                            -119.20295285541246,
                            40.77455510271933
                        ],
                        [
                            -119.20295285541246,
                            40.77578854440091
                        ],
                        [
                            -119.20235228190965,
                            40.77579846643644
                        ],
                        [
                            -119.20235092224092,
                            40.77579851139295
                        ],
                        [
                            -119.20171110344569,
                            40.77583026290548
                        ],
                        [
                            -119.20170974270542,
                            40.77583035306119
                        ],
                        [
                            -119.20107236087487,
                            40.775883205121666
                        ],
                        [
                            -119.20107099837867,
                            40.77588334096247
                        ],
                        [
                            -119.20043726620705,
                            40.77595719301422
                        ],
                        [
                            -119.20043590131621,
                            40.775957375270316
                        ],
                        [
                            -119.19980702456421,
                            40.77605208680151
                        ],
                        [
                            -119.19980565670573,
                            40.77605231644872
                        ],
                        [
                            -119.19921739323257,
                            40.77616130407971
                        ],
                        [
                            -119.1987955649309,
                            40.77496892089211
                        ],
                        [
                            -119.19944397325708,
                            40.774848790356636
                        ],
                        [
                            -119.20014582007052,
                            40.77474308930299
                        ],
                        [
                            -119.20085309861538,
                            40.77466066655434
                        ],
                        [
                            -119.20156446007185,
                            40.774601680075506
                        ],
                        [
                            -119.20227854781282,
                            40.77456624291096
                        ],
                        [
                            -119.20295285541246,
                            40.77455510271933
                        ]
                    ],
                    [
                        [
                            -119.20295285541246,
                            40.775870844805326
                        ],
                        [
                            -119.20295285541246,
                            40.77655606061773
                        ],
                        [
                            -119.20239648456771,
                            40.776565252384096
                        ],
                        [
                            -119.20239512489889,
                            40.77656529734061
                        ],
                        [
                            -119.201799424701,
                            40.776594859434404
                        ],
                        [
                            -119.20179806396035,
                            40.77659494959014
                        ],
                        [
                            -119.20120463276504,
                            40.77664415724596
                        ],
                        [
                            -119.20120327026802,
                            40.77664429308688
                        ],
                        [
                            -119.20061323718662,
                            40.7767130526787
                        ],
                        [
                            -119.20061187229437,
                            40.77671323493505
                        ],
                        [
                            -119.20002635998172,
                            40.776801415635546
                        ],
                        [
                            -119.20002499212107,
                            40.77680164528325
                        ],
                        [
                            -119.1994796756233,
                            40.776902676191774
                        ],
                        [
                            -119.19924517933126,
                            40.77623984569441
                        ],
                        [
                            -119.19981996532978,
                            40.77613335503646
                        ],
                        [
                            -119.20044747529667,
                            40.77603884934895
                        ],
                        [
                            -119.2010798433799,
                            40.7759651562614
                        ],
                        [
                            -119.20171586320886,
                            40.77591241713886
                        ],
                        [
                            -119.2023543214244,
                            40.775880733146174
                        ],
                        [
                            -119.20295285541246,
                            40.775870844805326
                        ]
                    ],
                    [
                        [
                            -119.20295285541246,
                            40.77663836102215
                        ],
                        [
                            -119.20295285541246,
                            40.77732357683456
                        ],
                        [
                            -119.20244068824626,
                            40.77733203831488
                        ],
                        [
                            -119.20243932857731,
                            40.7773320832714
                        ],
                        [
                            -119.20188774798936,
                            40.777359455896
                        ],
                        [
                            -119.20188638724836,
                            40.77735954605176
                        ],
                        [
                            -119.20133690768544,
                            40.77740510921923
                        ],
                        [
                            -119.20133554518763,
                            40.77740524506026
                        ],
                        [
                            -119.20078921217058,
                            40.777468912075875
                        ],
                        [
                            -119.20078784727693,
                            40.77746909433249
                        ],
                        [
                            -119.20024570034734,
                            40.77755074405429
                        ],
                        [
                            -119.20024433248449,
                            40.77755097370249
                        ],
                        [
                            -119.19974196395901,
                            40.777644047693165
                        ],
                        [
                            -119.1995074624152,
                            40.77698121767644
                        ],
                        [
                            -119.20003930075372,
                            40.776882683869474
                        ],
                        [
                            -119.20062344627948,
                            40.77679470901303
                        ],
                        [
                            -119.2012121152713,
                            40.77672610838559
                        ],
                        [
                            -119.20180418446472,
                            40.77667701366775
                        ],
                        [
                            -119.20239852408244,
                            40.77664751909383
                        ],
                        [
                            -119.20295285541246,
                            40.77663836102215
                        ]
                    ],
                    [
                        [
                            -119.20295285541246,
                            40.77740587723898
                        ],
                        [
                            -119.20295285541246,
                            40.77785945024898
                        ],
                        [
                            -119.20293114180205,
                            40.77786161494631
                        ],
                        [
                            -119.20290031113866,
                            40.77786679070582
                        ],
                        [
                            -119.20287019349556,
                            40.77787398153849
                        ],
                        [
                            -119.20284101808379,
                            40.777883132718394
                        ],
                        [
                            -119.20281300694376,
                            40.7778941746003
                        ],
                        [
                            -119.2027863732554,
                            40.77790702314975
                        ],
                        [
                            -119.20276131971599,
                            40.777921580582536
                        ],
                        [
                            -119.20273803699729,
                            40.77793773610892
                        ],
                        [
                            -119.20271670229458,
                            40.77795536677665
                        ],
                        [
                            -119.2026974779781,
                            40.777974338406864
                        ],
                        [
                            -119.20268051035724,
                            40.77799450661509
                        ],
                        [
                            -119.20266592856716,
                            40.778015717910066
                        ],
                        [
                            -119.20265384358572,
                            40.778037810861974
                        ],
                        [
                            -119.20264434738908,
                            40.77806061733089
                        ],
                        [
                            -119.2026375122514,
                            40.778083963746475
                        ],
                        [
                            -119.20263536076725,
                            40.778096338359724
                        ],
                        [
                            -119.2024848929452,
                            40.778098824228806
                        ],
                        [
                            -119.20248353327617,
                            40.77809886918533
                        ],
                        [
                            -119.20197607331092,
                            40.778124052290224
                        ],
                        [
                            -119.20197471256957,
                            40.77812414244603
                        ],
                        [
                            -119.20146918563628,
                            40.77816606104147
                        ],
                        [
                            -119.20146782313765,
                            40.7781661968826
                        ],
                        [
                            -119.20096519115916,
                            40.77822477120573
                        ],
                        [
                            -119.2009638262641,
                            40.7782249534626
                        ],
                        [
                            -119.20046504566128,
                            40.77830007205773
                        ],
                        [
                            -119.20046367779625,
                            40.77830030170643
                        ],
                        [
                            -119.20000425814916,
                            40.77838541860071
                        ],
                        [
                            -119.19976975135336,
                            40.77772258906464
                        ],
                        [
                            -119.20025864112588,
                            40.77763201228718
                        ],
                        [
                            -119.20079942126645,
                            40.77755056840984
                        ],
                        [
                            -119.2013443901931,
                            40.777487060358744
                        ],
                        [
                            -119.20189250775363,
                            40.777441610129316
                        ],
                        [
                            -119.20244272776098,
                            40.777414305024614
                        ],
                        [
                            -119.20295285541246,
                            40.77740587723898
                        ]
                    ],
                    [
                        [
                            -119.20293113494905,
                            40.77840151096796
                        ],
                        [
                            -119.2028241914095,
                            40.778860734917835
                        ],
                        [
                            -119.20252909866467,
                            40.77886561012586
                        ],
                        [
                            -119.20252773899554,
                            40.77886565508239
                        ],
                        [
                            -119.20206440066573,
                            40.778888648617134
                        ],
                        [
                            -119.20206303992401,
                            40.77888873877297
                        ],
                        [
                            -119.20160146661765,
                            40.77892701271266
                        ],
                        [
                            -119.20160010411821,
                            40.778927148553905
                        ],
                        [
                            -119.20114117415255,
                            40.77898063006826
                        ],
                        [
                            -119.20113980925608,
                            40.77898081232538
                        ],
                        [
                            -119.20068439592376,
                            40.779049399645864
                        ],
                        [
                            -119.20068302805655,
                            40.779049629295066
                        ],
                        [
                            -119.200266558194,
                            40.779126788914375
                        ],
                        [
                            -119.20003204614594,
                            40.77846395985896
                        ],
                        [
                            -119.20047798644624,
                            40.778381340289606
                        ],
                        [
                            -119.20097540025829,
                            40.77830642753929
                        ],
                        [
                            -119.2014766681454,
                            40.77824801218084
                        ],
                        [
                            -119.20198083307527,
                            40.77820620652354
                        ],
                        [
                            -119.20248693246013,
                            40.77818109093853
                        ],
                        [
                            -119.20263741484574,
                            40.778178604828845
                        ],
                        [
                            -119.20263751174052,
                            40.77817916216961
                        ],
                        [
                            -119.20264434664222,
                            40.77820250862685
                        ],
                        [
                            -119.2026538426256,
                            40.778225315152305
                        ],
                        [
                            -119.20266592742291,
                            40.77824740817392
                        ],
                        [
                            -119.20268050906367,
                            40.778268619549664
                        ],
                        [
                            -119.20269747657446,
                            40.778288787847224
                        ],
                        [
                            -119.20271670082357,
                            40.77830775957266
                        ],
                        [
                            -119.20273803550359,
                            40.7783253903386
                        ],
                        [
                            -119.202761318245,
                            40.77834154596319
                        ],
                        [
                            -119.2027863718518,
                            40.7783561034912
                        ],
                        [
                            -119.20281300565016,
                            40.77836895213
                        ],
                        [
                            -119.20284101693954,
                            40.77837999409265
                        ],
                        [
                            -119.20287019253541,
                            40.77838914534226
                        ],
                        [
                            -119.2029003103918,
                            40.77839633623148
                        ],
                        [
                            -119.20293113494905,
                            40.77840151096796
                        ]
                    ],
                    [
                        [
                            -119.2028049513633,
                            40.7789433531858
                        ],
                        [
                            -119.2025417980789,
                            40.780073354036624
                        ],
                        [
                            -119.20220320490303,
                            40.78009015699477
                        ],
                        [
                            -119.20220184416074,
                            40.78009024715066
                        ],
                        [
                            -119.20180934285462,
                            40.78012279360507
                        ],
                        [
                            -119.2018079803539,
                            40.780122929446485
                        ],
                        [
                            -119.2014177269482,
                            40.78016840774067
                        ],
                        [
                            -119.2014163620495,
                            40.78016858999819
                        ],
                        [
                            -119.20102909919214,
                            40.78022691358806
                        ],
                        [
                            -119.2010277313215,
                            40.78022714323804
                        ],
                        [
                            -119.20067875588106,
                            40.78029179819384
                        ],
                        [
                            -119.20029434689286,
                            40.77920533004096
                        ],
                        [
                            -119.20069733671502,
                            40.77913066787676
                        ],
                        [
                            -119.20115138325518,
                            40.77906228640139
                        ],
                        [
                            -119.20160894912794,
                            40.77900896385193
                        ],
                        [
                            -119.20206916043064,
                            40.77897080285042
                        ],
                        [
                            -119.2025311381796,
                            40.77894787683559
                        ],
                        [
                            -119.2028049513633,
                            40.7789433531858
                        ]
                    ],
                    [
                        [
                            -119.20081467099499,
                            40.77458229866778
                        ],
                        [
                            -119.20013561098645,
                            40.77466143296757
                        ],
                        [
                            -119.20013424609805,
                            40.77466161522322
                        ],
                        [
                            -119.19943103250259,
                            40.77476752211994
                        ],
                        [
                            -119.19942966464785,
                            40.77476775176629
                        ],
                        [
                            -119.19876777965179,
                            40.77489037912284
                        ],
                        [
                            -119.19852861432449,
                            40.77421430850131
                        ],
                        [
                            -119.1992207348432,
                            40.77408607950064
                        ],
                        [
                            -119.19996671784729,
                            40.773973731404055
                        ],
                        [
                            -119.20069415936594,
                            40.77388895898535
                        ],
                        [
                            -119.20081467099499,
                            40.77458229866778
                        ]
                    ],
                    [
                        [
                            -119.2006800456706,
                            40.77380775767391
                        ],
                        [
                            -119.19995650876652,
                            40.77389207506823
                        ],
                        [
                            -119.19995514387956,
                            40.773892257323624
                        ],
                        [
                            -119.19920779409533,
                            40.7740048112629
                        ],
                        [
                            -119.19920642624281,
                            40.77400504090875
                        ],
                        [
                            -119.19850082977526,
                            40.77413576659519
                        ],
                        [
                            -119.19827103626552,
                            40.773486173134586
                        ],
                        [
                            -119.19900533421506,
                            40.77335013002126
                        ],
                        [
                            -119.19979390384451,
                            40.77323136825667
                        ],
                        [
                            -119.2005642603989,
                            40.77314159475685
                        ],
                        [
                            -119.2006800456706,
                            40.77380775767391
                        ]
                    ],
                    [
                        [
                            -119.20059738014963,
                            40.780308508339026
                        ],
                        [
                            -119.20026374668404,
                            40.78038213638304
                        ],
                        [
                            -119.20026237152027,
                            40.780382464737194
                        ],
                        [
                            -119.19988847234495,
                            40.78047856160561
                        ],
                        [
                            -119.1998870931078,
                            40.78047894176907
                        ],
                        [
                            -119.19951908427248,
                            40.78058729565165
                        ],
                        [
                            -119.19951770088925,
                            40.78058772959406
                        ],
                        [
                            -119.1991562827482,
                            40.78070813429245
                        ],
                        [
                            -119.19915489534486,
                            40.78070862422945
                        ],
                        [
                            -119.19880075572104,
                            40.78084085061135
                        ],
                        [
                            -119.19879936465867,
                            40.780841398999215
                        ],
                        [
                            -119.19848245824866,
                            40.78097303304583
                        ],
                        [
                            -119.19773772825798,
                            40.77999616401157
                        ],
                        [
                            -119.19809484101079,
                            40.77984783008668
                        ],
                        [
                            -119.19850991425417,
                            40.77969285331413
                        ],
                        [
                            -119.19893355035312,
                            40.77955172145915
                        ],
                        [
                            -119.1993649407088,
                            40.77942470630112
                        ],
                        [
                            -119.19980326177392,
                            40.77931205240643
                        ],
                        [
                            -119.20021283839654,
                            40.77922166494814
                        ],
                        [
                            -119.20059738014963,
                            40.780308508339026
                        ]
                    ],
                    [
                        [
                            -119.20055014702167,
                            40.77306039340819
                        ],
                        [
                            -119.19978369476719,
                            40.77314971192042
                        ],
                        [
                            -119.19978232988161,
                            40.77314989417557
                        ],
                        [
                            -119.19899239347349,
                            40.77326886178253
                        ],
                        [
                            -119.19899102562312,
                            40.77326909142789
                        ],
                        [
                            -119.19824325231633,
                            40.773407631115745
                        ],
                        [
                            -119.19800878077918,
                            40.77274479835288
                        ],
                        [
                            -119.19878602211463,
                            40.772600799230766
                        ],
                        [
                            -119.19961795173693,
                            40.77247550733265
                        ],
                        [
                            -119.20043200263916,
                            40.7723806419377
                        ],
                        [
                            -119.20055014702167,
                            40.77306039340819
                        ]
                    ],
                    [
                        [
                            -119.20041788955054,
                            40.77229944055525
                        ],
                        [
                            -119.19960774266289,
                            40.77239385099599
                        ],
                        [
                            -119.19960637777874,
                            40.77239403325088
                        ],
                        [
                            -119.1987730813795,
                            40.772519530991026
                        ],
                        [
                            -119.1987717135313,
                            40.77251976063589
                        ],
                        [
                            -119.19798099738372,
                            40.772666256229854
                        ],
                        [
                            -119.19784019099285,
                            40.77226819997734
                        ],
                        [
                            -119.19864503837653,
                            40.77211908636053
                        ],
                        [
                            -119.19950484178193,
                            40.77198959659748
                        ],
                        [
                            -119.200346981365,
                            40.7718914579061
                        ],
                        [
                            -119.20041788955054,
                            40.77229944055525
                        ]
                    ],
                    [
                        [
                            -119.20033286851371,
                            40.77181025649591
                        ],
                        [
                            -119.1994946327098,
                            40.77190794026059
                        ],
                        [
                            -119.19949326782655,
                            40.77190812251531
                        ],
                        [
                            -119.19863209764556,
                            40.772037818120126
                        ],
                        [
                            -119.19863072979877,
                            40.77203804776467
                        ],
                        [
                            -119.19781240805358,
                            40.77218965776876
                        ],
                        [
                            -119.19765755486372,
                            40.77175188477942
                        ],
                        [
                            -119.19849230830032,
                            40.771597230557525
                        ],
                        [
                            -119.1993823078643,
                            40.77146319317643
                        ],
                        [
                            -119.20025487643126,
                            40.771361508464175
                        ],
                        [
                            -119.20033286851371,
                            40.77181025649591
                        ]
                    ],
                    [
                        [
                            -119.20018518255644,
                            40.77914349900558
                        ],
                        [
                            -119.19978483806871,
                            40.77923184906925
                        ],
                        [
                            -119.19978346291144,
                            40.77923217742127
                        ],
                        [
                            -119.19934376416937,
                            40.77934518539585
                        ],
                        [
                            -119.19934238494055,
                            40.77934556555614
                        ],
                        [
                            -119.19890961276569,
                            40.77947298756606
                        ],
                        [
                            -119.19890822939274,
                            40.77947342150398
                        ],
                        [
                            -119.19848320735456,
                            40.7796150150764
                        ],
                        [
                            -119.19848181996358,
                            40.779615505007264
                        ],
                        [
                            -119.19806535689843,
                            40.77977100070051
                        ],
                        [
                            -119.19806396585051,
                            40.779771549080266
                        ],
                        [
                            -119.19768613544458,
                            40.779928488496765
                        ],
                        [
                            -119.19723098942015,
                            40.77933145143566
                        ],
                        [
                            -119.19762687220725,
                            40.779167014102676
                        ],
                        [
                            -119.19808160503125,
                            40.7789972299765
                        ],
                        [
                            -119.19854571545694,
                            40.77884261465594
                        ],
                        [
                            -119.19901831788454,
                            40.7787034655685
                        ],
                        [
                            -119.19949851036358,
                            40.778580050361946
                        ],
                        [
                            -119.19995053775888,
                            40.77848029474457
                        ],
                        [
                            -119.20018518255644,
                            40.77914349900558
                        ]
                    ],
                    [
                        [
                            -119.1999228825856,
                            40.77840212865277
                        ],
                        [
                            -119.19948008667653,
                            40.7784998470206
                        ],
                        [
                            -119.19947871152341,
                            40.77850017537127
                        ],
                        [
                            -119.19899714137189,
                            40.77862394465612
                        ],
                        [
                            -119.19899576214837,
                            40.778624324814395
                        ],
                        [
                            -119.19852177790783,
                            40.77876388075123
                        ],
                        [
                            -119.19852039454143,
                            40.7787643146863
                        ],
                        [
                            -119.19805489818347,
                            40.77891939172103
                        ],
                        [
                            -119.19805351080035,
                            40.778919881647994
                        ],
                        [
                            -119.19759738816327,
                            40.779090184690304
                        ],
                        [
                            -119.19759599712457,
                            40.779090733064905
                        ],
                        [
                            -119.197179397671,
                            40.77926377545346
                        ],
                        [
                            -119.1967242608879,
                            40.7786667365751
                        ],
                        [
                            -119.1971589129962,
                            40.77848619622833
                        ],
                        [
                            -119.19765330477877,
                            40.778301605055375
                        ],
                        [
                            -119.19815788884115,
                            40.778133506554276
                        ],
                        [
                            -119.19867170258695,
                            40.77798222379885
                        ],
                        [
                            -119.19919376566983,
                            40.777848047515725
                        ],
                        [
                            -119.19968824305028,
                            40.7777389239307
                        ],
                        [
                            -119.1999228825856,
                            40.77840212865277
                        ]
                    ],
                    [
                        [
                            -119.19966058846943,
                            40.7776607577061
                        ],
                        [
                            -119.19917534200069,
                            40.77776784417029
                        ],
                        [
                            -119.1991739668517,
                            40.77776817251961
                        ],
                        [
                            -119.19865052610128,
                            40.77790270287932
                        ],
                        [
                            -119.19864914688306,
                            40.77790308303558
                        ],
                        [
                            -119.19813395133005,
                            40.77805477263804
                        ],
                        [
                            -119.19813256797019,
                            40.77805520657026
                        ],
                        [
                            -119.19762659798279,
                            40.77822376678217
                        ],
                        [
                            -119.19762521060753,
                            40.77822425670523
                        ],
                        [
                            -119.19712942902056,
                            40.77840936678977
                        ],
                        [
                            -119.19712803799106,
                            40.77840991515921
                        ],
                        [
                            -119.19667267003894,
                            40.77859906019363
                        ],
                        [
                            -119.19621754249681,
                            40.77800201949805
                        ],
                        [
                            -119.1966909633773,
                            40.777805376463654
                        ],
                        [
                            -119.19722501349611,
                            40.777605978550845
                        ],
                        [
                            -119.197770070505,
                            40.777424397154334
                        ],
                        [
                            -119.19832509481584,
                            40.77726098099217
                        ],
                        [
                            -119.19888902769203,
                            40.7771160438679
                        ],
                        [
                            -119.1994259541961,
                            40.77699755252297
                        ],
                        [
                            -119.19966058846943,
                            40.7776607577061
                        ]
                    ],
                    [
                        [
                            -119.19939830020768,
                            40.77691938616558
                        ],
                        [
                            -119.19887060404085,
                            40.77703584051836
                        ],
                        [
                            -119.19886922889602,
                            40.77703616886632
                        ],
                        [
                            -119.19830391835714,
                            40.77718146006547
                        ],
                        [
                            -119.19830253914422,
                            40.777181840219725
                        ],
                        [
                            -119.19774613303203,
                            40.77734566322655
                        ],
                        [
                            -119.19774474967872,
                            40.777346097155906
                        ],
                        [
                            -119.19719830675214,
                            40.77752814025985
                        ],
                        [
                            -119.19719691938474,
                            40.77752863017901
                        ],
                        [
                            -119.19666147946991,
                            40.77772854699897
                        ],
                        [
                            -119.1966600884496,
                            40.777729095363256
                        ],
                        [
                            -119.19616595254803,
                            40.777934342717344
                        ],
                        [
                            -119.19571083424648,
                            40.777337300204664
                        ],
                        [
                            -119.1962230233501,
                            40.77712455480881
                        ],
                        [
                            -119.19679673118314,
                            40.77691035046294
                        ],
                        [
                            -119.19738226044826,
                            40.776715286456124
                        ],
                        [
                            -119.19797849457112,
                            40.7765397371484
                        ],
                        [
                            -119.1985842964296,
                            40.776384039418524
                        ],
                        [
                            -119.19916367119613,
                            40.77625618052141
                        ],
                        [
                            -119.19939830020768,
                            40.77691938616558
                        ]
                    ],
                    [
                        [
                            -119.19913601791895,
                            40.776178014004984
                        ],
                        [
                            -119.19856587279668,
                            40.7763038360648
                        ],
                        [
                            -119.19856449765598,
                            40.776304164411414
                        ],
                        [
                            -119.19795731813916,
                            40.77646021621461
                        ],
                        [
                            -119.19795593893154,
                            40.776460596366846
                        ],
                        [
                            -119.1973583230134,
                            40.776636552516784
                        ],
                        [
                            -119.19735693966665,
                            40.776636986443286
                        ],
                        [
                            -119.19677002449112,
                            40.77683251215416
                        ],
                        [
                            -119.19676863713158,
                            40.776833002069424
                        ],
                        [
                            -119.19619353951094,
                            40.777047725317985
                        ],
                        [
                            -119.19619214849983,
                            40.77704827367711
                        ],
                        [
                            -119.19565924531955,
                            40.77726962297416
                        ],
                        [
                            -119.19484221532822,
                            40.7761977761747
                        ],
                        [
                            -119.19542086276029,
                            40.77595742757468
                        ],
                        [
                            -119.19606255379949,
                            40.7757178414858
                        ],
                        [
                            -119.19671746246908,
                            40.77549966509615
                        ],
                        [
                            -119.19738434023172,
                            40.77530331671809
                        ],
                        [
                            -119.19806191560362,
                            40.77512917278324
                        ],
                        [
                            -119.19871405690817,
                            40.77498525568818
                        ],
                        [
                            -119.19913601791895,
                            40.776178014004984
                        ]
                    ],
                    [
                        [
                            -119.19868640443761,
                            40.77490708899021
                        ],
                        [
                            -119.19804349200155,
                            40.775048969422464
                        ],
                        [
                            -119.19804211686795,
                            40.775049297766756
                        ],
                        [
                            -119.1973631638458,
                            40.775223795772085
                        ],
                        [
                            -119.19736178464726,
                            40.77522417592087
                        ],
                        [
                            -119.19671187117284,
                            40.77541552951478
                        ],
                        [
                            -119.19635756400436,
                            40.774767637914394
                        ],
                        [
                            -119.19703157155622,
                            40.7745691906459
                        ],
                        [
                            -119.1977517613251,
                            40.77438409460406
                        ],
                        [
                            -119.19844710641796,
                            40.774230643275004
                        ],
                        [
                            -119.19868640443761,
                            40.77490708899021
                        ]
                    ],
                    [
                        [
                            -119.19841945463494,
                            40.77415247642322
                        ],
                        [
                            -119.19773333774127,
                            40.77430389123912
                        ],
                        [
                            -119.19773196261188,
                            40.774304219582035
                        ],
                        [
                            -119.19701039519776,
                            40.77448966969261
                        ],
                        [
                            -119.19700901600463,
                            40.77449004983935
                        ],
                        [
                            -119.19631715925522,
                            40.77469375242655
                        ],
                        [
                            -119.19597670896725,
                            40.774071185304024
                        ],
                        [
                            -119.19669118811974,
                            40.773860822364874
                        ],
                        [
                            -119.19745249624728,
                            40.77366515873181
                        ],
                        [
                            -119.19818952844301,
                            40.773502507888985
                        ],
                        [
                            -119.19841945463494,
                            40.77415247642322
                        ]
                    ],
                    [
                        [
                            -119.19840507854147,
                            40.781007262653105
                        ],
                        [
                            -119.19811420768984,
                            40.78114089779781
                        ],
                        [
                            -119.19811281153888,
                            40.781141571368636
                        ],
                        [
                            -119.19778448962802,
                            40.781307665458215
                        ],
                        [
                            -119.19778309273629,
                            40.78130840617543
                        ],
                        [
                            -119.1974646495657,
                            40.781485185429176
                        ],
                        [
                            -119.19746325367981,
                            40.78148599656304
                        ],
                        [
                            -119.1971552953542,
                            40.78167312455552
                        ],
                        [
                            -119.19715390269776,
                            40.78167400950553
                        ],
                        [
                            -119.19688926966182,
                            40.781849714638206
                        ],
                        [
                            -119.1956385619364,
                            40.781186663594404
                        ],
                        [
                            -119.19582722806699,
                            40.781049927951514
                        ],
                        [
                            -119.19617497581257,
                            40.780819040593386
                        ],
                        [
                            -119.19653573781346,
                            40.78059982894085
                        ],
                        [
                            -119.19690882723765,
                            40.780392715216685
                        ],
                        [
                            -119.19729353330376,
                            40.78019809837512
                        ],
                        [
                            -119.19765988520429,
                            40.78002978584309
                        ],
                        [
                            -119.19840507854147,
                            40.781007262653105
                        ]
                    ],
                    [
                        [
                            -119.19816187724933,
                            40.77342434090512
                        ],
                        [
                            -119.19743407268125,
                            40.7735849553628
                        ],
                        [
                            -119.19743269755594,
                            40.773585283704385
                        ],
                        [
                            -119.19667001178753,
                            40.773781301404625
                        ],
                        [
                            -119.1966686325996,
                            40.77378168154938
                        ],
                        [
                            -119.19593630501781,
                            40.77399729957265
                        ],
                        [
                            -119.19558893750934,
                            40.773362068628856
                        ],
                        [
                            -119.19634462335067,
                            40.7731395736331
                        ],
                        [
                            -119.19714779664085,
                            40.77293315050389
                        ],
                        [
                            -119.19792727303982,
                            40.77276113308782
                        ],
                        [
                            -119.19816187724933,
                            40.77342434090512
                        ]
                    ],
                    [
                        [
                            -119.19789962237665,
                            40.77268296598482
                        ],
                        [
                            -119.19712937309261,
                            40.772852947130815
                        ],
                        [
                            -119.19712799797142,
                            40.77285327547104
                        ],
                        [
                            -119.1963234470454,
                            40.77306005266569
                        ],
                        [
                            -119.19632206786277,
                            40.773060432808435
                        ],
                        [
                            -119.19554853429666,
                            40.77328818267233
                        ],
                        [
                            -119.1953396601439,
                            40.7729062072487
                        ],
                        [
                            -119.19612183568655,
                            40.77267591318669
                        ],
                        [
                            -119.19695192186768,
                            40.772462573362795
                        ],
                        [
                            -119.1977586833232,
                            40.77228453469844
                        ],
                        [
                            -119.19789962237665,
                            40.77268296598482
                        ]
                    ],
                    [
                        [
                            -119.19773103309613,
                            40.77220636749789
                        ],
                        [
                            -119.19693349833098,
                            40.772382369987085
                        ],
                        [
                            -119.19693212321246,
                            40.77238269832644
                        ],
                        [
                            -119.19610065939871,
                            40.77259639221465
                        ],
                        [
                            -119.19609928021947,
                            40.77259677235611
                        ],
                        [
                            -119.19529925753871,
                            40.772832321108034
                        ],
                        [
                            -119.19506961362616,
                            40.77241235678507
                        ],
                        [
                            -119.19588048589287,
                            40.77217361388619
                        ],
                        [
                            -119.19673972732737,
                            40.77195278108631
                        ],
                        [
                            -119.19757604725015,
                            40.77176821948713
                        ],
                        [
                            -119.19773103309613,
                            40.77220636749789
                        ]
                    ],
                    [
                        [
                            -119.19760875588896,
                            40.77996271783277
                        ],
                        [
                            -119.19725847505444,
                            40.780123646857824
                        ],
                        [
                            -119.19725707892208,
                            40.780124320415474
                        ],
                        [
                            -119.19687097558207,
                            40.78031964411627
                        ],
                        [
                            -119.19686957871083,
                            40.7803203848172
                        ],
                        [
                            -119.19649509207845,
                            40.78052827417576
                        ],
                        [
                            -119.19649369621472,
                            40.78052908528986
                        ],
                        [
                            -119.19613153904977,
                            40.78074914469304
                        ],
                        [
                            -119.19613014641683,
                            40.78075002961944
                        ],
                        [
                            -119.19578100803649,
                            40.78098184029048
                        ],
                        [
                            -119.19577962139232,
                            40.78098280250677
                        ],
                        [
                            -119.19555757607225,
                            40.78114372969332
                        ],
                        [
                            -119.1950481926033,
                            40.780873684794805
                        ],
                        [
                            -119.19506514966575,
                            40.78085352970094
                        ],
                        [
                            -119.19507973187395,
                            40.7808323183252
                        ],
                        [
                            -119.19509181714155,
                            40.78081022530358
                        ],
                        [
                            -119.19510131349442,
                            40.78078741877812
                        ],
                        [
                            -119.19510814866209,
                            40.78076407232087
                        ],
                        [
                            -119.19511227062745,
                            40.78074036361295
                        ],
                        [
                            -119.1951136480227,
                            40.780716473092255
                        ],
                        [
                            -119.19511227036804,
                            40.780692582580144
                        ],
                        [
                            -119.19510814815114,
                            40.780668873897746
                        ],
                        [
                            -119.1951013127475,
                            40.780645527482164
                        ],
                        [
                            -119.19509181618128,
                            40.78062272101324
                        ],
                        [
                            -119.19507973072956,
                            40.78060062806134
                        ],
                        [
                            -119.19506514837201,
                            40.780579416766365
                        ],
                        [
                            -119.19504818009086,
                            40.780559248558156
                        ],
                        [
                            -119.19504416521687,
                            40.78055528661023
                        ],
                        [
                            -119.1951425109014,
                            40.7804840111908
                        ],
                        [
                            -119.19552350916857,
                            40.780231048815004
                        ],
                        [
                            -119.19591876106999,
                            40.779990881281876
                        ],
                        [
                            -119.1963275141334,
                            40.779763970681266
                        ],
                        [
                            -119.1967489897095,
                            40.7795507536281
                        ],
                        [
                            -119.1971531465962,
                            40.779365073080164
                        ],
                        [
                            -119.19760875588896,
                            40.77996271783277
                        ]
                    ],
                    [
                        [
                            -119.19710201824782,
                            40.779298004597564
                        ],
                        [
                            -119.19671393156933,
                            40.77947630205947
                        ],
                        [
                            -119.19671253544881,
                            40.77947697560874
                        ],
                        [
                            -119.19628966261139,
                            40.779690899511735
                        ],
                        [
                            -119.1962882657532,
                            40.77969164020231
                        ],
                        [
                            -119.195878115495,
                            40.77991932642599
                        ],
                        [
                            -119.19587671964536,
                            40.77992013752751
                        ],
                        [
                            -119.1954800725946,
                            40.78016115279741
                        ],
                        [
                            -119.19547867997662,
                            40.78016203770879
                        ],
                        [
                            -119.19509629109004,
                            40.780415923381156
                        ],
                        [
                            -119.19509490446143,
                            40.78041688557976
                        ],
                        [
                            -119.19497708250177,
                            40.78050227630772
                        ],
                        [
                            -119.19495928135419,
                            40.78049193330106
                        ],
                        [
                            -119.19493264662941,
                            40.7804790847516
                        ],
                        [
                            -119.19490463439934,
                            40.78046804286969
                        ],
                        [
                            -119.1948754578522,
                            40.780458891689804
                        ],
                        [
                            -119.1948453390371,
                            40.780451700857135
                        ],
                        [
                            -119.19481450717394,
                            40.78044652509762
                        ],
                        [
                            -119.19478319690914,
                            40.78044340380144
                        ],
                        [
                            -119.19475164652988,
                            40.78044236072327
                        ],
                        [
                            -119.19472009615059,
                            40.78044340380144
                        ],
                        [
                            -119.1946887858858,
                            40.78044652509762
                        ],
                        [
                            -119.19465795402265,
                            40.780451700857135
                        ],
                        [
                            -119.19462783520754,
                            40.780458891689804
                        ],
                        [
                            -119.19459865866041,
                            40.78046804286969
                        ],
                        [
                            -119.19457064643034,
                            40.7804790847516
                        ],
                        [
                            -119.19454401170556,
                            40.78049193330106
                        ],
                        [
                            -119.19453230252518,
                            40.78049873669001
                        ],
                        [
                            -119.1941041025451,
                            40.78017443235626
                        ],
                        [
                            -119.19445780540319,
                            40.77991809038301
                        ],
                        [
                            -119.19487205405841,
                            40.77964305337298
                        ],
                        [
                            -119.19530179563851,
                            40.77938193033715
                        ],
                        [
                            -119.195746212034,
                            40.77913522322882
                        ],
                        [
                            -119.19620445672857,
                            40.77890340632154
                        ],
                        [
                            -119.1966464182283,
                            40.77870035805538
                        ],
                        [
                            -119.19710201824782,
                            40.779298004597564
                        ]
                    ],
                    [
                        [
                            -119.196658639229,
                            40.77543252609904
                        ],
                        [
                            -119.19603584719637,
                            40.77564000314659
                        ],
                        [
                            -119.1960344598503,
                            40.77564049305518
                        ],
                        [
                            -119.19539137903826,
                            40.77588059803901
                        ],
                        [
                            -119.19538998804293,
                            40.77588114638929
                        ],
                        [
                            -119.19479062762065,
                            40.77613009839429
                        ],
                        [
                            -119.19432648662291,
                            40.77552118083402
                        ],
                        [
                            -119.19494459324544,
                            40.775264443151514
                        ],
                        [
                            -119.19562664844865,
                            40.77500978707922
                        ],
                        [
                            -119.19630404961077,
                            40.77478411800663
                        ],
                        [
                            -119.196658639229,
                            40.77543252609904
                        ]
                    ],
                    [
                        [
                            -119.19659529074819,
                            40.778633289145866
                        ],
                        [
                            -119.19616939869773,
                            40.77882895470151
                        ],
                        [
                            -119.19616800258905,
                            40.7788296282424
                        ],
                        [
                            -119.19570836064543,
                            40.77906215199028
                        ],
                        [
                            -119.19570696380026,
                            40.779062892670495
                        ],
                        [
                            -119.19526115022371,
                            40.779310375390395
                        ],
                        [
                            -119.19525975438816,
                            40.77931118647934
                        ],
                        [
                            -119.19482861767307,
                            40.77957315723832
                        ],
                        [
                            -119.19482722507003,
                            40.77957404213466
                        ],
                        [
                            -119.19441158581085,
                            40.77985000242482
                        ],
                        [
                            -119.19441019919778,
                            40.77985096460576
                        ],
                        [
                            -119.19403553292277,
                            40.78012249956809
                        ],
                        [
                            -119.19338746068995,
                            40.7796316593183
                        ],
                        [
                            -119.19377311157184,
                            40.779352165528394
                        ],
                        [
                            -119.19422061048108,
                            40.779055054267815
                        ],
                        [
                            -119.19468484151884,
                            40.7787729761067
                        ],
                        [
                            -119.19516492093891,
                            40.77850647285954
                        ],
                        [
                            -119.19565993436088,
                            40.7782560564554
                        ],
                        [
                            -119.19613970000155,
                            40.77803564081414
                        ],
                        [
                            -119.19659529074819,
                            40.778633289145866
                        ]
                    ],
                    [
                        [
                            -119.1962639273902,
                            40.77471074893879
                        ],
                        [
                            -119.19559994189824,
                            40.774931948721964
                        ],
                        [
                            -119.19559855456016,
                            40.77493243862658
                        ],
                        [
                            -119.19491510959305,
                            40.775187613589154
                        ],
                        [
                            -119.1949137186071,
                            40.77518816193419
                        ],
                        [
                            -119.19427490002522,
                            40.77545350256682
                        ],
                        [
                            -119.19382886380241,
                            40.77486832342847
                        ],
                        [
                            -119.19448504436073,
                            40.77459577211511
                        ],
                        [
                            -119.19520604683026,
                            40.77432657513216
                        ],
                        [
                            -119.19592319467357,
                            40.77408766535081
                        ],
                        [
                            -119.1962639273902,
                            40.77471074893879
                        ]
                    ],
                    [
                        [
                            -119.19624938220299,
                            40.78233596748117
                        ],
                        [
                            -119.19603419094655,
                            40.78252173793124
                        ],
                        [
                            -119.19603284499331,
                            40.7825229526382
                        ],
                        [
                            -119.19578566641465,
                            40.78275611298717
                        ],
                        [
                            -119.19578434393776,
                            40.7827574181365
                        ],
                        [
                            -119.1955508305155,
                            40.78299851996727
                        ],
                        [
                            -119.19554953771994,
                            40.782999918113404
                        ],
                        [
                            -119.19533013402993,
                            40.78324850255889
                        ],
                        [
                            -119.19532887789275,
                            40.783249995681224
                        ],
                        [
                            -119.19514371319961,
                            40.783480998451715
                        ],
                        [
                            -119.19384241975106,
                            40.78291199506052
                        ],
                        [
                            -119.19404915148641,
                            40.782654092856426
                        ],
                        [
                            -119.19430589747596,
                            40.78236320614446
                        ],
                        [
                            -119.19457920273574,
                            40.78208102500702
                        ],
                        [
                            -119.19486855102124,
                            40.78180809133391
                        ],
                        [
                            -119.19517339475371,
                            40.78154492972997
                        ],
                        [
                            -119.19537232265554,
                            40.78138760753669
                        ],
                        [
                            -119.19624938220299,
                            40.78233596748117
                        ]
                    ],
                    [
                        [
                            -119.19608857338969,
                            40.77796857147772
                        ],
                        [
                            -119.1956248764392,
                            40.77818160478404
                        ],
                        [
                            -119.19562348034235,
                            40.77818227831654
                        ],
                        [
                            -119.19512706968374,
                            40.77843340155197
                        ],
                        [
                            -119.1951256728516,
                            40.778434142221826
                        ],
                        [
                            -119.19464419626419,
                            40.778701421069066
                        ],
                        [
                            -119.19464280044274,
                            40.778702232145434
                        ],
                        [
                            -119.19417717428469,
                            40.77898515801584
                        ],
                        [
                            -119.1941757816966,
                            40.77898604289717
                        ],
                        [
                            -119.19372689219857,
                            40.77928407742166
                        ],
                        [
                            -119.19372550560104,
                            40.77928503958491
                        ],
                        [
                            -119.19331889185065,
                            40.77957972585028
                        ],
                        [
                            -119.19267083054638,
                            40.77908888184715
                        ],
                        [
                            -119.19308842940711,
                            40.77878623662703
                        ],
                        [
                            -119.19356917843702,
                            40.77846705149918
                        ],
                        [
                            -119.19406789871044,
                            40.778164018590715
                        ],
                        [
                            -119.19458364084751,
                            40.7778777195736
                        ],
                        [
                            -119.19511542260602,
                            40.777608704029795
                        ],
                        [
                            -119.19563299191555,
                            40.77737092135656
                        ],
                        [
                            -119.19608857338969,
                            40.77796857147772
                        ]
                    ],
                    [
                        [
                            -119.1958830732313,
                            40.774014296014236
                        ],
                        [
                            -119.19517934033091,
                            40.774248736757414
                        ],
                        [
                            -119.19517795300055,
                            40.774249226658206
                        ],
                        [
                            -119.19445556077541,
                            40.77451894252707
                        ],
                        [
                            -119.19445416979849,
                            40.774519490867036
                        ],
                        [
                            -119.19377727810193,
                            40.774800644763715
                        ],
                        [
                            -119.19332220335814,
                            40.774203593685684
                        ],
                        [
                            -119.19401714954583,
                            40.7739149415506
                        ],
                        [
                            -119.19477780679762,
                            40.77363093958071
                        ],
                        [
                            -119.19553542331425,
                            40.77337854862992
                        ],
                        [
                            -119.1958830732313,
                            40.774014296014236
                        ]
                    ],
                    [
                        [
                            -119.19558186636431,
                            40.77730385150486
                        ],
                        [
                            -119.19508036479334,
                            40.77753425230719
                        ],
                        [
                            -119.19507896870832,
                            40.77753492583131
                        ],
                        [
                            -119.19454578972588,
                            40.77780464819695
                        ],
                        [
                            -119.19454439290679,
                            40.77780538885644
                        ],
                        [
                            -119.19402725361607,
                            40.778092463462144
                        ],
                        [
                            -119.19402585780871,
                            40.77809327452594
                        ],
                        [
                            -119.19352574242916,
                            40.77839715513018
                        ],
                        [
                            -119.193524349856,
                            40.77839803999648
                        ],
                        [
                            -119.19304221025286,
                            40.77871814837175
                        ],
                        [
                            -119.19304082367087,
                            40.77871911051733
                        ],
                        [
                            -119.1926022625988,
                            40.779036947620526
                        ],
                        [
                            -119.1914423491731,
                            40.778158395725335
                        ],
                        [
                            -119.19191471569499,
                            40.777816063381735
                        ],
                        [
                            -119.19245246461989,
                            40.77745903823121
                        ],
                        [
                            -119.19301030878324,
                            40.777120083776495
                        ],
                        [
                            -119.1935871862907,
                            40.77679985001222
                        ],
                        [
                            -119.19418199857257,
                            40.77649895106045
                        ],
                        [
                            -119.1947643731973,
                            40.776231397073644
                        ],
                        [
                            -119.19558186636431,
                            40.77730385150486
                        ]
                    ],
                    [
                        [
                            -119.19549530257245,
                            40.773305179050375
                        ],
                        [
                            -119.19475110035006,
                            40.77355310118825
                        ],
                        [
                            -119.19474971302756,
                            40.77355359108514
                        ],
                        [
                            -119.19398766602885,
                            40.773838111936385
                        ],
                        [
                            -119.19398627506114,
                            40.773838660271196
                        ],
                        [
                            -119.19327061849168,
                            40.774135914649186
                        ],
                        [
                            -119.19299649832051,
                            40.773776266296316
                        ],
                        [
                            -119.19371636508589,
                            40.7734772637612
                        ],
                        [
                            -119.19450251436892,
                            40.77318374446181
                        ],
                        [
                            -119.19528614603317,
                            40.77292268721668
                        ],
                        [
                            -119.19549530257245,
                            40.773305179050375
                        ]
                    ],
                    [
                        [
                            -119.19531628380341,
                            40.781327013016224
                        ],
                        [
                            -119.19512165591232,
                            40.78148093454465
                        ],
                        [
                            -119.19512029194615,
                            40.78148206174699
                        ],
                        [
                            -119.1948140920039,
                            40.78174639412241
                        ],
                        [
                            -119.19481274607442,
                            40.78174760878777
                        ],
                        [
                            -119.19452206224302,
                            40.78202180224178
                        ],
                        [
                            -119.1945207397882,
                            40.782023107344806
                        ],
                        [
                            -119.1942461254703,
                            40.78230664005342
                        ],
                        [
                            -119.19424483269427,
                            40.782308038148734
                        ],
                        [
                            -119.19398681073034,
                            40.782600370507396
                        ],
                        [
                            -119.1939855546092,
                            40.78260186357477
                        ],
                        [
                            -119.1937643281404,
                            40.782877848264825
                        ],
                        [
                            -119.19296464181868,
                            40.78252816454869
                        ],
                        [
                            -119.19319432264282,
                            40.78224163753409
                        ],
                        [
                            -119.19347564441125,
                            40.781922911666975
                        ],
                        [
                            -119.19377510519438,
                            40.78161372950534
                        ],
                        [
                            -119.19409213893941,
                            40.781314684313855
                        ],
                        [
                            -119.1944261453519,
                            40.78102635037885
                        ],
                        [
                            -119.19453826926994,
                            40.780937677916036
                        ],
                        [
                            -119.19454401030177,
                            40.780941013642504
                        ],
                        [
                            -119.1945706451366,
                            40.7809538622813
                        ],
                        [
                            -119.19459865751601,
                            40.78096490424397
                        ],
                        [
                            -119.19462783424727,
                            40.780974055493566
                        ],
                        [
                            -119.1946579532757,
                            40.780981246382794
                        ],
                        [
                            -119.19468878537486,
                            40.78098642218397
                        ],
                        [
                            -119.19472009589118,
                            40.78098954350566
                        ],
                        [
                            -119.19475164652988,
                            40.78099058659243
                        ],
                        [
                            -119.19478319716856,
                            40.78098954350566
                        ],
                        [
                            -119.19481450768488,
                            40.78098642218397
                        ],
                        [
                            -119.19484533978404,
                            40.780981246382794
                        ],
                        [
                            -119.19487545881248,
                            40.780974055493566
                        ],
                        [
                            -119.19490463554374,
                            40.78096490424397
                        ],
                        [
                            -119.19493264792315,
                            40.7809538622813
                        ],
                        [
                            -119.19495928275798,
                            40.780941013642504
                        ],
                        [
                            -119.19495929719979,
                            40.78094100525134
                        ],
                        [
                            -119.19531628380341,
                            40.781327013016224
                        ]
                    ],
                    [
                        [
                            -119.19524602586783,
                            40.772849317438904
                        ],
                        [
                            -119.19447580795487,
                            40.77310590605787
                        ],
                        [
                            -119.19447442063743,
                            40.77310639595226
                        ],
                        [
                            -119.19368688161272,
                            40.77340043413022
                        ],
                        [
                            -119.19368549065092,
                            40.77340098246171
                        ],
                        [
                            -119.19294491414419,
                            40.77370858695687
                        ],
                        [
                            -119.19264365605082,
                            40.77331332720533
                        ],
                        [
                            -119.19339051972618,
                            40.77300311194146
                        ],
                        [
                            -119.19420428508658,
                            40.772699282344746
                        ],
                        [
                            -119.19501609958175,
                            40.77242883672162
                        ],
                        [
                            -119.19524602586783,
                            40.772849317438904
                        ]
                    ],
                    [
                        [
                            -119.19509280704592,
                            40.78354855123165
                        ],
                        [
                            -119.1949328312686,
                            40.78376929594939
                        ],
                        [
                            -119.1949316723289,
                            40.783770981799435
                        ],
                        [
                            -119.1947569929682,
                            40.78403912294975
                        ],
                        [
                            -119.1947558958664,
                            40.78404090451385
                        ],
                        [
                            -119.1945968284505,
                            40.784314559473614
                        ],
                        [
                            -119.19459580267713,
                            40.78431643465926
                        ],
                        [
                            -119.19445265015695,
                            40.784595082575606
                        ],
                        [
                            -119.19445170548057,
                            40.78459704784199
                        ],
                        [
                            -119.19432474052641,
                            40.78488015835225
                        ],
                        [
                            -119.1943238867617,
                            40.78488220858391
                        ],
                        [
                            -119.19422584911692,
                            40.785136788842436
                        ],
                        [
                            -119.19276904920532,
                            40.78484110221555
                        ],
                        [
                            -119.1928811523373,
                            40.78455001465969
                        ],
                        [
                            -119.19302956894292,
                            40.784219087326356
                        ],
                        [
                            -119.19319693560027,
                            40.783893320502685
                        ],
                        [
                            -119.19338294142942,
                            40.78357333356094
                        ],
                        [
                            -119.19358723977707,
                            40.783259736204606
                        ],
                        [
                            -119.19379059265678,
                            40.782979145150094
                        ],
                        [
                            -119.19509280704592,
                            40.78354855123165
                        ]
                    ],
                    [
                        [
                            -119.19471324882345,
                            40.77616432663301
                        ],
                        [
                            -119.1941469409471,
                            40.776424499249806
                        ],
                        [
                            -119.19414554488237,
                            40.77642517275956
                        ],
                        [
                            -119.19354933539793,
                            40.77672677851716
                        ],
                        [
                            -119.19354793860118,
                            40.776727519158904
                        ],
                        [
                            -119.19298411131444,
                            40.7770405085407
                        ],
                        [
                            -119.19241721004424,
                            40.77648090857883
                        ],
                        [
                            -119.19299555669672,
                            40.77615986090493
                        ],
                        [
                            -119.19362779280789,
                            40.77584003167649
                        ],
                        [
                            -119.19424864473883,
                            40.7755548015381
                        ],
                        [
                            -119.19471324882345,
                            40.77616432663301
                        ]
                    ],
                    [
                        [
                            -119.19446908048967,
                            40.78088748289528
                        ],
                        [
                            -119.1943744067926,
                            40.780962354965645
                        ],
                        [
                            -119.19437304284214,
                            40.780963482144536
                        ],
                        [
                            -119.1940376802351,
                            40.781252986826274
                        ],
                        [
                            -119.19403633432074,
                            40.78125420146515
                        ],
                        [
                            -119.1937179650446,
                            40.78155450640946
                        ],
                        [
                            -119.19371664260383,
                            40.78155581148302
                        ],
                        [
                            -119.19341587277592,
                            40.78186634518489
                        ],
                        [
                            -119.1934145800123,
                            40.78186774324787
                        ],
                        [
                            -119.19313198228087,
                            40.78218791472802
                        ],
                        [
                            -119.19313072616995,
                            40.78218940776041
                        ],
                        [
                            -119.19288655073164,
                            40.78249401681794
                        ],
                        [
                            -119.192086874137,
                            40.782144327254315
                        ],
                        [
                            -119.1923395044161,
                            40.78182917590386
                        ],
                        [
                            -119.19264540235403,
                            40.78148261123912
                        ],
                        [
                            -119.19297101896727,
                            40.78114642842235
                        ],
                        [
                            -119.19331573839233,
                            40.78082127209048
                        ],
                        [
                            -119.19367890761826,
                            40.78050776620762
                        ],
                        [
                            -119.19403553780016,
                            40.780225730032726
                        ],
                        [
                            -119.19446414087813,
                            40.780550339659314
                        ],
                        [
                            -119.19445511296888,
                            40.780559248558156
                        ],
                        [
                            -119.19443814468774,
                            40.780579416766365
                        ],
                        [
                            -119.19442356233019,
                            40.78060062806134
                        ],
                        [
                            -119.19441147687847,
                            40.78062272101324
                        ],
                        [
                            -119.19440198031225,
                            40.780645527482164
                        ],
                        [
                            -119.1943951449086,
                            40.780668873897746
                        ],
                        [
                            -119.1943910226917,
                            40.780692582580144
                        ],
                        [
                            -119.19438964503703,
                            40.780716473092255
                        ],
                        [
                            -119.1943910224323,
                            40.78074036361295
                        ],
                        [
                            -119.19439514439765,
                            40.78076407232087
                        ],
                        [
                            -119.19440197956531,
                            40.78078741877812
                        ],
                        [
                            -119.1944114759182,
                            40.78081022530358
                        ],
                        [
                            -119.1944235611858,
                            40.7808323183252
                        ],
                        [
                            -119.194438143394,
                            40.78085352970094
                        ],
                        [
                            -119.19445511156509,
                            40.780873697998494
                        ],
                        [
                            -119.19446908048967,
                            40.78088748289528
                        ]
                    ],
                    [
                        [
                            -119.19419752135923,
                            40.77548773061219
                        ],
                        [
                            -119.19359273529352,
                            40.775765579813616
                        ],
                        [
                            -119.19359133924084,
                            40.775766253314835
                        ],
                        [
                            -119.1929577059398,
                            40.7760867893396
                        ],
                        [
                            -119.19295630915633,
                            40.7760875299708
                        ],
                        [
                            -119.19235618350992,
                            40.776420667444675
                        ],
                        [
                            -119.19181132502597,
                            40.77588281361076
                        ],
                        [
                            -119.19242469684174,
                            40.77554232469167
                        ],
                        [
                            -119.1930930432813,
                            40.7752042297576
                        ],
                        [
                            -119.19375102208376,
                            40.774901943969915
                        ],
                        [
                            -119.19419752135923,
                            40.77548773061219
                        ]
                    ],
                    [
                        [
                            -119.1939677744837,
                            40.78017440757807
                        ],
                        [
                            -119.19362716934089,
                            40.78044377056668
                        ],
                        [
                            -119.19362580540611,
                            40.780444897722106
                        ],
                        [
                            -119.19326128000127,
                            40.7807595743266
                        ],
                        [
                            -119.19325993410204,
                            40.78076078893902
                        ],
                        [
                            -119.19291387916041,
                            40.78108720499587
                        ],
                        [
                            -119.1929125567337,
                            40.781088510039964
                        ],
                        [
                            -119.19258563108893,
                            40.7814260443661
                        ],
                        [
                            -119.19258433833774,
                            40.78142744239675
                        ],
                        [
                            -119.19227716444817,
                            40.78177545264087
                        ],
                        [
                            -119.19227590834745,
                            40.78177694563829
                        ],
                        [
                            -119.19200878346817,
                            40.78211017872006
                        ],
                        [
                            -119.1912091166006,
                            40.78176048330908
                        ],
                        [
                            -119.19148469680584,
                            40.78141670796617
                        ],
                        [
                            -119.19181517130393,
                            40.78104230486121
                        ],
                        [
                            -119.19216694405412,
                            40.78067912175836
                        ],
                        [
                            -119.19253934938024,
                            40.78032785466347
                        ],
                        [
                            -119.19293168155215,
                            40.779989177216706
                        ],
                        [
                            -119.19331889591584,
                            40.77968295662214
                        ],
                        [
                            -119.1939677744837,
                            40.78017440757807
                        ]
                    ],
                    [
                        [
                            -119.19371342109316,
                            40.78294540036271
                        ],
                        [
                            -119.19352000863967,
                            40.783212275384884
                        ],
                        [
                            -119.19351884970628,
                            40.78321396117362
                        ],
                        [
                            -119.19331342164729,
                            40.783529292633496
                        ],
                        [
                            -119.19331232454562,
                            40.78353107413455
                        ],
                        [
                            -119.19312525557018,
                            40.783852890013236
                        ],
                        [
                            -119.19312422979006,
                            40.78385476513533
                        ],
                        [
                            -119.1929558762117,
                            40.78418245292777
                        ],
                        [
                            -119.19295493152116,
                            40.78418441813155
                        ],
                        [
                            -119.19280561404744,
                            40.78451735414767
                        ],
                        [
                            -119.19280476026088,
                            40.784519404319255
                        ],
                        [
                            -119.19268726180289,
                            40.78482450140576
                        ],
                        [
                            -119.1917899555893,
                            40.78464236404284
                        ],
                        [
                            -119.19191444372974,
                            40.784319129806946
                        ],
                        [
                            -119.19207708569648,
                            40.78395649559758
                        ],
                        [
                            -119.19226049035267,
                            40.78359952187572
                        ],
                        [
                            -119.19246431624113,
                            40.783248887403204
                        ],
                        [
                            -119.19268818274382,
                            40.78290526020481
                        ],
                        [
                            -119.1929128142502,
                            40.78259531412464
                        ],
                        [
                            -119.19371342109316,
                            40.78294540036271
                        ]
                    ],
                    [
                        [
                            -119.19369989956773,
                            40.774834872619756
                        ],
                        [
                            -119.19305798587406,
                            40.77512977784434
                        ],
                        [
                            -119.19305658983299,
                            40.77513045133733
                        ],
                        [
                            -119.19238684621598,
                            40.775469253058475
                        ],
                        [
                            -119.19238544944531,
                            40.77546999367951
                        ],
                        [
                            -119.19175029937779,
                            40.775822571927144
                        ],
                        [
                            -119.19119443513995,
                            40.77527384092477
                        ],
                        [
                            -119.1918434686206,
                            40.77491355765702
                        ],
                        [
                            -119.19254858155197,
                            40.774556865267776
                        ],
                        [
                            -119.19324436180172,
                            40.774237214063696
                        ],
                        [
                            -119.19369989956773,
                            40.774834872619756
                        ]
                    ],
                    [
                        [
                            -119.19325113333744,
                            40.77963163346857
                        ],
                        [
                            -119.19287994355683,
                            40.77992518134791
                        ],
                        [
                            -119.19287857963776,
                            40.77992630847989
                        ],
                        [
                            -119.19248489130216,
                            40.780266156623554
                        ],
                        [
                            -119.19248354541806,
                            40.7802673712095
                        ],
                        [
                            -119.19210980459022,
                            40.78061989800121
                        ],
                        [
                            -119.19210848217756,
                            40.78062120301585
                        ],
                        [
                            -119.19175540040911,
                            40.78098573759721
                        ],
                        [
                            -119.19175410767033,
                            40.78098713559553
                        ],
                        [
                            -119.19142235723204,
                            40.78136298424615
                        ],
                        [
                            -119.19142110114154,
                            40.7813644772086
                        ],
                        [
                            -119.19113102634998,
                            40.781726333971314
                        ],
                        [
                            -119.19033136920933,
                            40.781376632713126
                        ],
                        [
                            -119.19062989981214,
                            40.78100423372101
                        ],
                        [
                            -119.19098495126097,
                            40.780601992533235
                        ],
                        [
                            -119.1913628804548,
                            40.78021180951337
                        ],
                        [
                            -119.19176297190236,
                            40.77983443203354
                        ],
                        [
                            -119.19218446715372,
                            40.77947058340589
                        ],
                        [
                            -119.19260226574306,
                            40.77914017877838
                        ],
                        [
                            -119.19325113333744,
                            40.77963163346857
                        ]
                    ],
                    [
                        [
                            -119.1931932400545,
                            40.774170142332345
                        ],
                        [
                            -119.19251352425385,
                            40.77448241330323
                        ],
                        [
                            -119.19251212822462,
                            40.77448308678784
                        ],
                        [
                            -119.1918056181282,
                            40.77484048595485
                        ],
                        [
                            -119.19180422137056,
                            40.77484122656552
                        ],
                        [
                            -119.19113341030842,
                            40.775213598729216
                        ],
                        [
                            -119.1907978689409,
                            40.77488235680547
                        ],
                        [
                            -119.1914698277166,
                            40.774509348737745
                        ],
                        [
                            -119.19219857604308,
                            40.774140701030355
                        ],
                        [
                            -119.1929186569105,
                            40.773809886554574
                        ],
                        [
                            -119.1931932400545,
                            40.774170142332345
                        ]
                    ],
                    [
                        [
                            -119.19293527530708,
                            40.7770693864974
                        ],
                        [
                            -119.19240902893587,
                            40.777389141661146
                        ],
                        [
                            -119.19240763638835,
                            40.777390026501706
                        ],
                        [
                            -119.19186849691611,
                            40.77774797487188
                        ],
                        [
                            -119.19186711036077,
                            40.77774893698715
                        ],
                        [
                            -119.19137378226384,
                            40.77810646055364
                        ],
                        [
                            -119.19093133219087,
                            40.77777132488215
                        ],
                        [
                            -119.19094036803406,
                            40.77776240766027
                        ],
                        [
                            -119.19095733541042,
                            40.777742239362716
                        ],
                        [
                            -119.19097191693561,
                            40.777721027986985
                        ],
                        [
                            -119.19098400163718,
                            40.777698934965365
                        ],
                        [
                            -119.1909934975453,
                            40.7776761284399
                        ],
                        [
                            -119.19100033239285,
                            40.77765278198265
                        ],
                        [
                            -119.19100445416515,
                            40.77762907327475
                        ],
                        [
                            -119.19100583149591,
                            40.77760518275404
                        ],
                        [
                            -119.19100445390579,
                            40.77758129224193
                        ],
                        [
                            -119.19100033188198,
                            40.77755758355954
                        ],
                        [
                            -119.19099349679847,
                            40.77753423714395
                        ],
                        [
                            -119.19098400067706,
                            40.777511430675034
                        ],
                        [
                            -119.19097191579141,
                            40.77748933772312
                        ],
                        [
                            -119.19095733411685,
                            40.77746812642814
                        ],
                        [
                            -119.19094036663047,
                            40.77744795821993
                        ],
                        [
                            -119.19093636272488,
                            40.777444006910756
                        ],
                        [
                            -119.19121783939923,
                            40.77724001739098
                        ],
                        [
                            -119.19178943182581,
                            40.77686052526017
                        ],
                        [
                            -119.19236772618977,
                            40.776509147032264
                        ],
                        [
                            -119.19293527530708,
                            40.7770693864974
                        ]
                    ],
                    [
                        [
                            -119.1928675357974,
                            40.773742814513895
                        ],
                        [
                            -119.19216351881526,
                            40.77406624903275
                        ],
                        [
                            -119.19216212279363,
                            40.77406692251198
                        ],
                        [
                            -119.19143197730988,
                            40.77443627699125
                        ],
                        [
                            -119.1914305805606,
                            40.77443701759527
                        ],
                        [
                            -119.19073684478909,
                            40.77482211419495
                        ],
                        [
                            -119.19036826095379,
                            40.77445824741041
                        ],
                        [
                            -119.191065055201,
                            40.77407145438206
                        ],
                        [
                            -119.19181940835662,
                            40.77368985524649
                        ],
                        [
                            -119.19256581474907,
                            40.77334694735143
                        ],
                        [
                            -119.1928675357974,
                            40.773742814513895
                        ]
                    ],
                    [
                        [
                            -119.19283564313562,
                            40.78256156844928
                        ],
                        [
                            -119.19262095203263,
                            40.782857798781734
                        ],
                        [
                            -119.19261979310323,
                            40.782859484531464
                        ],
                        [
                            -119.19239479689143,
                            40.783204845793556
                        ],
                        [
                            -119.19239369978985,
                            40.78320662725448
                        ],
                        [
                            -119.19218881075291,
                            40.783559090623754
                        ],
                        [
                            -119.19218778496848,
                            40.78356096570541
                        ],
                        [
                            -119.19200339338481,
                            40.783919860355496
                        ],
                        [
                            -119.19200244868527,
                            40.78392182551943
                        ],
                        [
                            -119.19183890583888,
                            40.78428646837261
                        ],
                        [
                            -119.19183805203842,
                            40.78428851850599
                        ],
                        [
                            -119.19170816834006,
                            40.784625762341776
                        ],
                        [
                            -119.19081086788017,
                            40.784443617472796
                        ],
                        [
                            -119.19094774184356,
                            40.78408823688733
                        ],
                        [
                            -119.19112460998203,
                            40.78369389603722
                        ],
                        [
                            -119.19132405338995,
                            40.78330571567909
                        ],
                        [
                            -119.19154570002776,
                            40.782924433961036
                        ],
                        [
                            -119.19178913530705,
                            40.7825507772279
                        ],
                        [
                            -119.19203504604927,
                            40.78221147636499
                        ],
                        [
                            -119.19283564313562,
                            40.78256156844928
                        ]
                    ],
                    [
                        [
                            -119.19253450408421,
                            40.77908885478241
                        ],
                        [
                            -119.19213272944017,
                            40.77940658730949
                        ],
                        [
                            -119.1921313655368,
                            40.779407714418
                        ],
                        [
                            -119.19170851413756,
                            40.779772733717294
                        ],
                        [
                            -119.1917071682686,
                            40.77977394827678
                        ],
                        [
                            -119.19130574133385,
                            40.780152585425604
                        ],
                        [
                            -119.19130441893525,
                            40.78015389041078
                        ],
                        [
                            -119.19092518073633,
                            40.78054542487838
                        ],
                        [
                            -119.19092388800998,
                            40.780546822844364
                        ],
                        [
                            -119.19056756063245,
                            40.780950509543985
                        ],
                        [
                            -119.19056630455216,
                            40.78095200247146
                        ],
                        [
                            -119.19025327945427,
                            40.781342482475424
                        ],
                        [
                            -119.18882668313027,
                            40.780718587483136
                        ],
                        [
                            -119.18916455823661,
                            40.78029712034089
                        ],
                        [
                            -119.18956174250914,
                            40.779847157557555
                        ],
                        [
                            -119.18998451203471,
                            40.7794106898237
                        ],
                        [
                            -119.19043206591802,
                            40.778988552562716
                        ],
                        [
                            -119.19090355532839,
                            40.778581554232154
                        ],
                        [
                            -119.19137378423048,
                            40.77820969207536
                        ],
                        [
                            -119.19253450408421,
                            40.77908885478241
                        ]
                    ],
                    [
                        [
                            -119.19230734754066,
                            40.77644954519783
                        ],
                        [
                            -119.19174599633395,
                            40.77679062857082
                        ],
                        [
                            -119.19174460380165,
                            40.77679151339609
                        ],
                        [
                            -119.19117162084318,
                            40.77717192873003
                        ],
                        [
                            -119.19117023430364,
                            40.777172890827316
                        ],
                        [
                            -119.19086928430117,
                            40.77739099290139
                        ],
                        [
                            -119.19085147205755,
                            40.7773806429628
                        ],
                        [
                            -119.19082483858023,
                            40.777367794413344
                        ],
                        [
                            -119.19079682766217,
                            40.77735675253144
                        ],
                        [
                            -119.19076765248155,
                            40.77734760135154
                        ],
                        [
                            -119.1907375350771,
                            40.77734041051886
                        ],
                        [
                            -119.190706704658,
                            40.77733523475935
                        ],
                        [
                            -119.19067539585969,
                            40.77733211346318
                        ],
                        [
                            -119.19064384695812,
                            40.777331070385
                        ],
                        [
                            -119.19061229805654,
                            40.77733211346318
                        ],
                        [
                            -119.19058098925822,
                            40.77733523475935
                        ],
                        [
                            -119.19055015883912,
                            40.77734041051886
                        ],
                        [
                            -119.19052004143467,
                            40.77734760135154
                        ],
                        [
                            -119.19049086625405,
                            40.77735675253144
                        ],
                        [
                            -119.190462855336,
                            40.777367794413344
                        ],
                        [
                            -119.19043622185868,
                            40.7773806429628
                        ],
                        [
                            -119.19042452679513,
                            40.77738743846774
                        ],
                        [
                            -119.19000916396702,
                            40.777072812433246
                        ],
                        [
                            -119.19054542636023,
                            40.776684179566416
                        ],
                        [
                            -119.19114967466592,
                            40.77628300914695
                        ],
                        [
                            -119.19176184125418,
                            40.77591105188946
                        ],
                        [
                            -119.19230734754066,
                            40.77644954519783
                        ]
                    ],
                    [
                        [
                            -119.1919578753234,
                            40.78217772988484
                        ],
                        [
                            -119.19172190502223,
                            40.782503315201204
                        ],
                        [
                            -119.19172074609686,
                            40.78250500091192
                        ],
                        [
                            -119.19147618111053,
                            40.78288039166916
                        ],
                        [
                            -119.19147508400903,
                            40.78288217308997
                        ],
                        [
                            -119.19125237422064,
                            40.78326528366446
                        ],
                        [
                            -119.19125134843192,
                            40.78326715870567
                        ],
                        [
                            -119.19105091808981,
                            40.78365725995186
                        ],
                        [
                            -119.19104997338127,
                            40.78365922507595
                        ],
                        [
                            -119.19087220435178,
                            40.78405557453053
                        ],
                        [
                            -119.19087135053744,
                            40.784057624625675
                        ],
                        [
                            -119.19072908073711,
                            40.78442701500266
                        ],
                        [
                            -119.18983178603109,
                            40.78424486262774
                        ],
                        [
                            -119.18998104667914,
                            40.783857335900436
                        ],
                        [
                            -119.1901721417996,
                            40.78343128864557
                        ],
                        [
                            -119.19038762471226,
                            40.78301190191278
                        ],
                        [
                            -119.19062709278955,
                            40.7825999732344
                        ],
                        [
                            -119.19089009746702,
                            40.78219628727363
                        ],
                        [
                            -119.1911572879936,
                            40.781827631954485
                        ],
                        [
                            -119.1919578753234,
                            40.78217772988484
                        ]
                    ],
                    [
                        [
                            -119.19170146344895,
                            40.77585144948119
                        ],
                        [
                            -119.19110623935944,
                            40.77621311234253
                        ],
                        [
                            -119.19110484684182,
                            40.77621399715305
                        ],
                        [
                            -119.19049920801923,
                            40.776616090759624
                        ],
                        [
                            -119.19049782149496,
                            40.776617052839555
                        ],
                        [
                            -119.18994059882397,
                            40.7770208757569
                        ],
                        [
                            -119.1892925890356,
                            40.776530014061315
                        ],
                        [
                            -119.18986079919028,
                            40.776118231589756
                        ],
                        [
                            -119.19049829698581,
                            40.77569498911092
                        ],
                        [
                            -119.19114495144748,
                            40.775302079027725
                        ],
                        [
                            -119.19170146344895,
                            40.77585144948119
                        ]
                    ],
                    [
                        [
                            -119.19130602355123,
                            40.77815836710722
                        ],
                        [
                            -119.19085181809817,
                            40.77851755774534
                        ],
                        [
                            -119.19085045422169,
                            40.77851868481365
                        ],
                        [
                            -119.19037760868996,
                            40.77892685377311
                        ],
                        [
                            -119.19037626284693,
                            40.778928068287215
                        ],
                        [
                            -119.18993931509299,
                            40.7793402017418
                        ],
                        [
                            -119.18919512815552,
                            40.77890765821087
                        ],
                        [
                            -119.1896418565273,
                            40.77848630439256
                        ],
                        [
                            -119.19014303015435,
                            40.77805368645919
                        ],
                        [
                            -119.19043046705254,
                            40.7778263802334
                        ],
                        [
                            -119.19043622045513,
                            40.77782972330426
                        ],
                        [
                            -119.19046285404244,
                            40.77784257194305
                        ],
                        [
                            -119.19049086510984,
                            40.77785361390571
                        ],
                        [
                            -119.19052004047455,
                            40.777862765155305
                        ],
                        [
                            -119.19055015809226,
                            40.777869956044526
                        ],
                        [
                            -119.19058098874734,
                            40.77787513184571
                        ],
                        [
                            -119.19061229779716,
                            40.77787825316739
                        ],
                        [
                            -119.19064384695812,
                            40.77787929625416
                        ],
                        [
                            -119.19067539611908,
                            40.77787825316739
                        ],
                        [
                            -119.19070670516888,
                            40.77787513184571
                        ],
                        [
                            -119.19073753582396,
                            40.777869956044526
                        ],
                        [
                            -119.19076765344167,
                            40.777862765155305
                        ],
                        [
                            -119.19079682880638,
                            40.77785361390571
                        ],
                        [
                            -119.19082483987381,
                            40.77784257194305
                        ],
                        [
                            -119.1908514734611,
                            40.77782972330426
                        ],
                        [
                            -119.19086317081917,
                            40.7778229264399
                        ],
                        [
                            -119.19130602355123,
                            40.77815836710722
                        ]
                    ],
                    [
                        [
                            -119.1910845743947,
                            40.77524247610008
                        ],
                        [
                            -119.19045486186805,
                            40.77562509218935
                        ],
                        [
                            -119.19045346936537,
                            40.775625976984855
                        ],
                        [
                            -119.18981458106835,
                            40.77605014263442
                        ],
                        [
                            -119.18981319455962,
                            40.77605110469668
                        ],
                        [
                            -119.18922402461627,
                            40.776478076748205
                        ],
                        [
                            -119.18883193980383,
                            40.776181069984304
                        ],
                        [
                            -119.18942068788346,
                            40.77575440575407
                        ],
                        [
                            -119.19007956028042,
                            40.77531697429661
                        ],
                        [
                            -119.1907483853324,
                            40.774910594780756
                        ],
                        [
                            -119.1910845743947,
                            40.77524247610008
                        ]
                    ],
                    [
                        [
                            -119.19108011765647,
                            40.78179388466956
                        ],
                        [
                            -119.19082286760853,
                            40.782148824643414
                        ],
                        [
                            -119.19082170868717,
                            40.78215051031512
                        ],
                        [
                            -119.19055757430469,
                            40.782555930260465
                        ],
                        [
                            -119.19055647720327,
                            40.782557711641154
                        ],
                        [
                            -119.19031594597341,
                            40.78297146913547
                        ],
                        [
                            -119.1903149201804,
                            40.78297334413624
                        ],
                        [
                            -119.19009845032684,
                            40.78339465171699
                        ],
                        [
                            -119.19009750560929,
                            40.783396616801234
                        ],
                        [
                            -119.18990550958631,
                            40.783824672621485
                        ],
                        [
                            -119.18990465575807,
                            40.78382672267841
                        ],
                        [
                            -119.18974999899419,
                            40.78422825938854
                        ],
                        [
                            -119.18885271004214,
                            40.784046099507734
                        ],
                        [
                            -119.18901435823636,
                            40.783626426846766
                        ],
                        [
                            -119.18921968114917,
                            40.78316867342294
                        ],
                        [
                            -119.1894512043196,
                            40.78271808057701
                        ],
                        [
                            -119.18970849452639,
                            40.782275505223474
                        ],
                        [
                            -119.18999106922348,
                            40.781841790342355
                        ],
                        [
                            -119.19027954008313,
                            40.78144378089328
                        ],
                        [
                            -119.19108011765647,
                            40.78179388466956
                        ]
                    ],
                    [
                        [
                            -119.19068800890471,
                            40.77485099143331
                        ],
                        [
                            -119.19003612528392,
                            40.77524707729975
                        ],
                        [
                            -119.19003473279085,
                            40.7752479620856
                        ],
                        [
                            -119.1893744699024,
                            40.775686316703165
                        ],
                        [
                            -119.18937308340368,
                            40.77568727875406
                        ],
                        [
                            -119.18876337599497,
                            40.77612913215658
                        ],
                        [
                            -119.188332908719,
                            40.77580304507875
                        ],
                        [
                            -119.1889439060744,
                            40.77536025921181
                        ],
                        [
                            -119.18962593422683,
                            40.774907456539886
                        ],
                        [
                            -119.19031877739684,
                            40.77448648526496
                        ],
                        [
                            -119.19068800890471,
                            40.77485099143331
                        ]
                    ],
                    [
                        [
                            -119.19036128255348,
                            40.777776181110305
                        ],
                        [
                            -119.19009129321101,
                            40.777989689740636
                        ],
                        [
                            -119.1900899293505,
                            40.77799081678507
                        ],
                        [
                            -119.18958739961786,
                            40.778424605321945
                        ],
                        [
                            -119.18958605379022,
                            40.778425819809115
                        ],
                        [
                            -119.18912092513516,
                            40.778864528758874
                        ],
                        [
                            -119.18840546414135,
                            40.77844867078194
                        ],
                        [
                            -119.1888793851095,
                            40.778001673855506
                        ],
                        [
                            -119.18940920153193,
                            40.77754433562963
                        ],
                        [
                            -119.18994059905758,
                            40.77712410797918
                        ],
                        [
                            -119.19035636492308,
                            40.77743903930352
                        ],
                        [
                            -119.19034732728575,
                            40.77744795821993
                        ],
                        [
                            -119.19033035979938,
                            40.77746812642814
                        ],
                        [
                            -119.19031577812483,
                            40.77748933772312
                        ],
                        [
                            -119.19030369323916,
                            40.777511430675034
                        ],
                        [
                            -119.19029419711777,
                            40.77753423714395
                        ],
                        [
                            -119.19028736203425,
                            40.77755758355954
                        ],
                        [
                            -119.19028324001046,
                            40.77758129224193
                        ],
                        [
                            -119.1902818624203,
                            40.77760518275404
                        ],
                        [
                            -119.19028323975107,
                            40.77762907327475
                        ],
                        [
                            -119.19028736152337,
                            40.77765278198265
                        ],
                        [
                            -119.19029419637091,
                            40.7776761284399
                        ],
                        [
                            -119.19030369227904,
                            40.777698934965365
                        ],
                        [
                            -119.19031577698061,
                            40.777721027986985
                        ],
                        [
                            -119.19033035850582,
                            40.777742239362716
                        ],
                        [
                            -119.19034732588216,
                            40.77776240766027
                        ],
                        [
                            -119.19036128255348,
                            40.777776181110305
                        ]
                    ],
                    [
                        [
                            -119.19020237025096,
                            40.78141003264323
                        ],
                        [
                            -119.18992383979139,
                            40.78179432710854
                        ],
                        [
                            -119.18992268087405,
                            40.781796012741246
                        ],
                        [
                            -119.18963897647383,
                            40.782231461567626
                        ],
                        [
                            -119.18963787937248,
                            40.78223324290819
                        ],
                        [
                            -119.18937952601125,
                            40.78267764703693
                        ],
                        [
                            -119.18937850021396,
                            40.78267952199725
                        ],
                        [
                            -119.18914599009595,
                            40.783132035651015
                        ],
                        [
                            -119.1891450453694,
                            40.78313400069542
                        ],
                        [
                            -119.18893882154256,
                            40.78359376264563
                        ],
                        [
                            -119.18893796770043,
                            40.78359581266434
                        ],
                        [
                            -119.18877092315346,
                            40.78402949539035
                        ],
                        [
                            -119.18717430775432,
                            40.78370534332633
                        ],
                        [
                            -119.18735719368746,
                            40.78323056398748
                        ],
                        [
                            -119.18758690898672,
                            40.7827184576793
                        ],
                        [
                            -119.1878459314938,
                            40.78221436924772
                        ],
                        [
                            -119.18813377552713,
                            40.78171925740164
                        ],
                        [
                            -119.18844990027581,
                            40.78123406508512
                        ],
                        [
                            -119.18877485305761,
                            40.780785734926106
                        ],
                        [
                            -119.19020237025096,
                            40.78141003264323
                        ]
                    ],
                    [
                        [
                            -119.18989929460841,
                            40.779380393563834
                        ],
                        [
                            -119.18950197261925,
                            40.77979058923247
                        ],
                        [
                            -119.1895006799142,
                            40.77979198714303
                        ],
                        [
                            -119.18910221973235,
                            40.78024339538065
                        ],
                        [
                            -119.18910096366956,
                            40.780244888248184
                        ],
                        [
                            -119.188748593885,
                            40.78068443612646
                        ],
                        [
                            -119.18793328967028,
                            40.78032786413873
                        ],
                        [
                            -119.18829452643769,
                            40.77987726300164
                        ],
                        [
                            -119.18871672761708,
                            40.779398966018114
                        ],
                        [
                            -119.18915420149247,
                            40.77894732333508
                        ],
                        [
                            -119.18989929460841,
                            40.779380393563834
                        ]
                    ],
                    [
                        [
                            -119.18987283996132,
                            40.77707278152884
                        ],
                        [
                            -119.18935746486557,
                            40.77748033868733
                        ],
                        [
                            -119.18935610102048,
                            40.77748146570874
                        ],
                        [
                            -119.18882492850746,
                            40.77793997451378
                        ],
                        [
                            -119.18882358269467,
                            40.77794118897496
                        ],
                        [
                            -119.18833126173328,
                            40.778405540568045
                        ],
                        [
                            -119.18760145382325,
                            40.77798133258553
                        ],
                        [
                            -119.18810306200518,
                            40.777508226698345
                        ],
                        [
                            -119.1886620421332,
                            40.77702571909968
                        ],
                        [
                            -119.18922402409477,
                            40.77658130923614
                        ],
                        [
                            -119.18987283996132,
                            40.77707278152884
                        ]
                    ],
                    [
                        [
                            -119.18915626564313,
                            40.776529982160895
                        ],
                        [
                            -119.18861030574845,
                            40.776961721929936
                        ],
                        [
                            -119.18860894191904,
                            40.77696284892789
                        ],
                        [
                            -119.1880486057163,
                            40.777446527080414
                        ],
                        [
                            -119.18804725991865,
                            40.77744774151513
                        ],
                        [
                            -119.18752725197078,
                            40.777938201659886
                        ],
                        [
                            -119.18708459594045,
                            40.77768089801735
                        ],
                        [
                            -119.18760400324275,
                            40.777191007921445
                        ],
                        [
                            -119.18818173153689,
                            40.77669232021464
                        ],
                        [
                            -119.1887633748889,
                            40.77623236489091
                        ],
                        [
                            -119.18915626564313,
                            40.776529982160895
                        ]
                    ],
                    [
                        [
                            -119.18908090444512,
                            40.77890472027322
                        ],
                        [
                            -119.18865695810406,
                            40.779342397295125
                        ],
                        [
                            -119.18865566541166,
                            40.77934379517278
                        ],
                        [
                            -119.18823218833437,
                            40.779823537576505
                        ],
                        [
                            -119.18823093228197,
                            40.77982503040844
                        ],
                        [
                            -119.18785520097536,
                            40.78029371180878
                        ],
                        [
                            -119.18707125343036,
                            40.77995084370759
                        ],
                        [
                            -119.18745503249653,
                            40.779472131304935
                        ],
                        [
                            -119.18790137318041,
                            40.77896649465438
                        ],
                        [
                            -119.188364537325,
                            40.77848833561509
                        ],
                        [
                            -119.18908090444512,
                            40.77890472027322
                        ]
                    ],
                    [
                        [
                            -119.18869768370321,
                            40.780751985556826
                        ],
                        [
                            -119.18838267157449,
                            40.781186600816866
                        ],
                        [
                            -119.18838151266402,
                            40.7811882863827
                        ],
                        [
                            -119.1880642582159,
                            40.78167521257642
                        ],
                        [
                            -119.18806316111471,
                            40.78167699384821
                        ],
                        [
                            -119.187783709292,
                            40.782157670505704
                        ],
                        [
                            -119.1869110900334,
                            40.78188384186641
                        ],
                        [
                            -119.18719879860078,
                            40.78138897512963
                        ],
                        [
                            -119.18753484455685,
                            40.78087321851266
                        ],
                        [
                            -119.1878814591242,
                            40.78039501104926
                        ],
                        [
                            -119.18869768370321,
                            40.780751985556826
                        ]
                    ],
                    [
                        [
                            -119.18869561697967,
                            40.77618103731269
                        ],
                        [
                            -119.18812999533341,
                            40.77662832289847
                        ],
                        [
                            -119.18812863151409,
                            40.77662944988135
                        ],
                        [
                            -119.187549547155,
                            40.77712930812614
                        ],
                        [
                            -119.18754820136706,
                            40.77713052254384
                        ],
                        [
                            -119.18701039456805,
                            40.77763776651825
                        ],
                        [
                            -119.18652467193947,
                            40.77735542454202
                        ],
                        [
                            -119.18706336162845,
                            40.77684735182052
                        ],
                        [
                            -119.18766140049787,
                            40.77633113584198
                        ],
                        [
                            -119.18826434377708,
                            40.775854339730245
                        ],
                        [
                            -119.18869561697967,
                            40.77618103731269
                        ]
                    ],
                    [
                        [
                            -119.1882912408476,
                            40.7784457317821
                        ],
                        [
                            -119.18784160403085,
                            40.77890992554762
                        ],
                        [
                            -119.18784031135064,
                            40.77891132339352
                        ],
                        [
                            -119.18739269478029,
                            40.77941840543096
                        ],
                        [
                            -119.18739143873792,
                            40.77941989822856
                        ],
                        [
                            -119.18699316515475,
                            40.7799166905779
                        ],
                        [
                            -119.18619355386842,
                            40.7795669617565
                        ],
                        [
                            -119.18660028555037,
                            40.77905962732697
                        ],
                        [
                            -119.18707120502535,
                            40.77852615427912
                        ],
                        [
                            -119.18756052684678,
                            40.77802099712545
                        ],
                        [
                            -119.1882912408476,
                            40.7784457317821
                        ]
                    ],
                    [
                        [
                            -119.1878042902332,
                            40.7803612607675
                        ],
                        [
                            -119.18746761628931,
                            40.78082575363036
                        ],
                        [
                            -119.18746645738293,
                            40.78082743915649
                        ],
                        [
                            -119.18712928172971,
                            40.781344929610064
                        ],
                        [
                            -119.18712818462862,
                            40.78134671084102
                        ],
                        [
                            -119.18683059066917,
                            40.78185858072708
                        ],
                        [
                            -119.18599142206995,
                            40.78159523981896
                        ],
                        [
                            -119.18629663669729,
                            40.78107027455551
                        ],
                        [
                            -119.18665190548104,
                            40.78052502637182
                        ],
                        [
                            -119.18701942237725,
                            40.78001799015817
                        ],
                        [
                            -119.1878042902332,
                            40.7803612607675
                        ]
                    ],
                    [
                        [
                            -119.1877572676858,
                            40.78220687018129
                        ],
                        [
                            -119.1875132186526,
                            40.78268181846189
                        ],
                        [
                            -119.18751227391061,
                            40.782683783437996
                        ],
                        [
                            -119.1872816576777,
                            40.7831978982054
                        ],
                        [
                            -119.18728080381176,
                            40.783199948158575
                        ],
                        [
                            -119.18709252094786,
                            40.78368873814972
                        ],
                        [
                            -119.18617776445257,
                            40.78350300807765
                        ],
                        [
                            -119.18637326158333,
                            40.782995509198685
                        ],
                        [
                            -119.18661746098878,
                            40.78245113119297
                        ],
                        [
                            -119.18688381914849,
                            40.78193278131366
                        ],
                        [
                            -119.1877572676858,
                            40.78220687018129
                        ]
                    ],
                    [
                        [
                            -119.18748723086713,
                            40.777978392592594
                        ],
                        [
                            -119.18701143624605,
                            40.778469584781426
                        ],
                        [
                            -119.18701014357828,
                            40.778470982594996
                        ],
                        [
                            -119.18653794822818,
                            40.7790059009961
                        ],
                        [
                            -119.18653669219603,
                            40.77900739375873
                        ],
                        [
                            -119.18611546596914,
                            40.779532807875704
                        ],
                        [
                            -119.18562932372474,
                            40.779320177075576
                        ],
                        [
                            -119.1860508109764,
                            40.77879444286824
                        ],
                        [
                            -119.18653753130918,
                            40.77824307518198
                        ],
                        [
                            -119.18704366888858,
                            40.777720562347554
                        ],
                        [
                            -119.18748723086713,
                            40.777978392592594
                        ]
                    ],
                    [
                        [
                            -119.18697037333845,
                            40.77767795725169
                        ],
                        [
                            -119.18647776276775,
                            40.77818650543315
                        ],
                        [
                            -119.18647647010795,
                            40.77818790322594
                        ],
                        [
                            -119.18598847390763,
                            40.77874071624349
                        ],
                        [
                            -119.18598721788206,
                            40.77874220898365
                        ],
                        [
                            -119.18555123616606,
                            40.77928602258886
                        ],
                        [
                            -119.1850180792148,
                            40.77905282380211
                        ],
                        [
                            -119.18545555180567,
                            40.77850715676309
                        ],
                        [
                            -119.1859593899158,
                            40.77793640338606
                        ],
                        [
                            -119.18648374477303,
                            40.777395088670396
                        ],
                        [
                            -119.18697037333845,
                            40.77767795725169
                        ]
                    ],
                    [
                        [
                            -119.18694225387476,
                            40.77998423907685
                        ],
                        [
                            -119.1865846776323,
                            40.78047756089673
                        ],
                        [
                            -119.18658351872986,
                            40.78047924638456
                        ],
                        [
                            -119.18622712025083,
                            40.78102622836622
                        ],
                        [
                            -119.18622602314983,
                            40.78102800955777
                        ],
                        [
                            -119.1859109229472,
                            40.781569977884544
                        ],
                        [
                            -119.18505504108884,
                            40.78130138294878
                        ],
                        [
                            -119.18537808074508,
                            40.7807457722071
                        ],
                        [
                            -119.18575292247846,
                            40.780170496550376
                        ],
                        [
                            -119.18614172229482,
                            40.77963410774337
                        ],
                        [
                            -119.18694225387476,
                            40.77998423907685
                        ]
                    ],
                    [
                        [
                            -119.18680414851015,
                            40.78190778012041
                        ],
                        [
                            -119.18654377108156,
                            40.78241449111745
                        ],
                        [
                            -119.18654282633041,
                            40.782416456053
                        ],
                        [
                            -119.18629772597976,
                            40.78296284247781
                        ],
                        [
                            -119.18629687209969,
                            40.78296489239208
                        ],
                        [
                            -119.18609597780947,
                            40.78348640197475
                        ],
                        [
                            -119.18521619339101,
                            40.78330776404854
                        ],
                        [
                            -119.18542386001498,
                            40.78276869402366
                        ],
                        [
                            -119.18568203610786,
                            40.78219317689285
                        ],
                        [
                            -119.18596415066459,
                            40.781644178985104
                        ],
                        [
                            -119.18680414851015,
                            40.78190778012041
                        ]
                    ],
                    [
                        [
                            -119.18606455412115,
                            40.77960035594011
                        ],
                        [
                            -119.18568569505587,
                            40.780123030472105
                        ],
                        [
                            -119.18568453615744,
                            40.78012471592093
                        ],
                        [
                            -119.18530856473093,
                            40.78070172533592
                        ],
                        [
                            -119.18530746763001,
                            40.780703506487356
                        ],
                        [
                            -119.18497454217089,
                            40.78127612027547
                        ],
                        [
                            -119.18445308621641,
                            40.781112471042206
                        ],
                        [
                            -119.18478758522933,
                            40.7805371597087
                        ],
                        [
                            -119.18517500990133,
                            40.77994258083866
                        ],
                        [
                            -119.18557749184566,
                            40.77938732273318
                        ],
                        [
                            -119.18606455412115,
                            40.77960035594011
                        ]
                    ],
                    [
                        [
                            -119.18588448025555,
                            40.781619177002916
                        ],
                        [
                            -119.18560834661271,
                            40.78215653598906
                        ],
                        [
                            -119.18560740185274,
                            40.78215850088548
                        ],
                        [
                            -119.18534832480324,
                            40.78273602639729
                        ],
                        [
                            -119.18534747090953,
                            40.78273807627401
                        ],
                        [
                            -119.18513440685624,
                            40.783291157179946
                        ],
                        [
                            -119.18423714503234,
                            40.783108961915865
                        ],
                        [
                            -119.18445720326218,
                            40.78253774694228
                        ],
                        [
                            -119.1847296109672,
                            40.781930524753804
                        ],
                        [
                            -119.18502776915149,
                            40.781350321831255
                        ],
                        [
                            -119.18588448025555,
                            40.781619177002916
                        ]
                    ],
                    [
                        [
                            -119.18550032396834,
                            40.77935357034858
                        ],
                        [
                            -119.18510778275281,
                            40.77989511437243
                        ],
                        [
                            -119.18510662385697,
                            40.779896799796184
                        ],
                        [
                            -119.1847180694932,
                            40.780493112399
                        ],
                        [
                            -119.18471697239235,
                            40.78049489352464
                        ],
                        [
                            -119.18437258750153,
                            40.78108720777111
                        ],
                        [
                            -119.18380097235627,
                            40.78090781285366
                        ],
                        [
                            -119.18414788593972,
                            40.7803111594386
                        ],
                        [
                            -119.18454894241816,
                            40.77969566889758
                        ],
                        [
                            -119.18496624696999,
                            40.779119969140254
                        ],
                        [
                            -119.18550032396834,
                            40.77935357034858
                        ]
                    ],
                    [
                        [
                            -119.18494809893136,
                            40.78132531913256
                        ],
                        [
                            -119.18465592189152,
                            40.78189388300687
                        ],
                        [
                            -119.18465497712255,
                            40.78189584786345
                        ],
                        [
                            -119.18438166844948,
                            40.7825050783938
                        ],
                        [
                            -119.18438081454188,
                            40.7825071282323
                        ],
                        [
                            -119.1841553585813,
                            40.783092354336596
                        ],
                        [
                            -119.18360775986646,
                            40.78298115625435
                        ],
                        [
                            -119.18383578461389,
                            40.78238927670198
                        ],
                        [
                            -119.1841173416402,
                            40.78176167281516
                        ],
                        [
                            -119.18442581395124,
                            40.781161409725044
                        ],
                        [
                            -119.18494809893136,
                            40.78132531913256
                        ]
                    ],
                    [
                        [
                            -119.18434614391403,
                            40.781136406446144
                        ],
                        [
                            -119.18404365283416,
                            40.78172503052628
                        ],
                        [
                            -119.18404270805941,
                            40.781726995357246
                        ],
                        [
                            -119.18376025005769,
                            40.78235660756072
                        ],
                        [
                            -119.18375939614117,
                            40.78235865737465
                        ],
                        [
                            -119.18352597351628,
                            40.782964548096125
                        ],
                        [
                            -119.18292592870645,
                            40.78284269616809
                        ],
                        [
                            -119.1831625842134,
                            40.78222843017976
                        ],
                        [
                            -119.18345405338214,
                            40.78157874623013
                        ],
                        [
                            -119.18377369971904,
                            40.78095675134087
                        ],
                        [
                            -119.18434614391403,
                            40.781136406446144
                        ]
                    ]
                ]
            }
        }
    ]
}