{
    "type": "FeatureCollection",
    "features": [
        {
            "type": "Feature",
            "properties": {
                "name": "9:00 B Plaza"
            },
            "geometry": {
                "type": "Polygon",
                "coordinates": [
                    [
                        [
                            -119.21123532400249,
                            40.793471014928215
                        ],
                        [
                            -119.21120377730445,
                            40.79346997216771
                        ],
                        [
                            -119.21117247069878,
                            40.79346685182236
                        ],
                        [
                            -119.21114164245051,
                            40.79346167764014
                        ],
                        [
                            -119.21111152718395,
                            40.79345448900019
                        ],
                        [
                            -119.21108235409685,
                            40.79344534061304
                        ],
                        [
                            -119.21105434521611,
                            40.79343430210423
                        ],
                        [
                            -119.21102771370798,
                            40.793421457484406
                        ],
                        [
                            -119.21100266225551,
                            40.793406904509894
                        ],
                        [
                            -119.2109793815162,
                            40.7933907539387
                        ],
                        [
                            -119.21095804867075,
                            40.79337312868754
                        ],
                        [
                            -119.21093882607474,
                            40.79335416289634
                        ],
                        [
                            -119.21092186002296,
                            40.79333400090731
                        ],
                        [
                            -119.21090727963612,
                            40.79331279616637
                        ],
                        [
                            -119.21089519587798,
                            40.793290710055324
                        ],
                        [
                            -119.21088570071119,
                            40.79326791066361
                        ],
                        [
                            -119.21087886639724,
                            40.793244571509
                        ],
                        [
                            -119.21087474494675,
                            40.79322087021704
                        ],
                        [
                            -119.21087336772352,
                            40.79319698716916
                        ],
                        [
                            -119.21087474520616,
                            40.79317310412987
                        ],
                        [
                            -119.21087886690819,
                            40.79314940286341
                        ],
                        [
                            -119.21088570145814,
                            40.793126063750464
                        ],
                        [
                            -119.21089519683824,
                            40.79310326441529
                        ],
                        [
                            -119.2109072807805,
                            40.79308117837395
                        ],
                        [
                            -119.21092186131675,
                            40.79305997371375
                        ],
                        [
                            -119.21093882747853,
                            40.79303981181406
                        ],
                        [
                            -119.21095805014194,
                            40.79302084611807
                        ],
                        [
                            -119.2109793830101,
                            40.79300322096511
                        ],
                        [
                            -119.21100266372673,
                            40.792987070492124
                        ],
                        [
                            -119.2110277151118,
                            40.79297251761282
                        ],
                        [
                            -119.2110543465099,
                            40.79295967308233
                        ],
                        [
                            -119.21108235524123,
                            40.79294863465427
                        ],
                        [
                            -119.21111152814422,
                            40.79293948633682
                        ],
                        [
                            -119.21114164319746,
                            40.79293229775341
                        ],
                        [
                            -119.21117247120972,
                            40.79292712361285
                        ],
                        [
                            -119.21120377756385,
                            40.792924003293
                        ],
                        [
                            -119.21123532400249,
                            40.79292296054109
                        ],
                        [
                            -119.21126687044111,
                            40.792924003293
                        ],
                        [
                            -119.21129817679524,
                            40.79292712361285
                        ],
                        [
                            -119.2113290048075,
                            40.79293229775341
                        ],
                        [
                            -119.21135911986075,
                            40.79293948633682
                        ],
                        [
                            -119.21138829276373,
                            40.79294863465427
                        ],
                        [
                            -119.21141630149508,
                            40.79295967308233
                        ],
                        [
                            -119.21144293289316,
                            40.79297251761282
                        ],
                        [
                            -119.21146798427823,
                            40.792987070492124
                        ],
                        [
                            -119.21149126499486,
                            40.79300322096511
                        ],
                        [
                            -119.21151259786302,
                            40.79302084611807
                        ],
                        [
                            -119.21153182052643,
                            40.79303981181406
                        ],
                        [
                            -119.21154878668823,
                            40.79305997371375
                        ],
                        [
                            -119.21156336722446,
                            40.79308117837395
                        ],
                        [
                            -119.21157545116672,
                            40.79310326441529
                        ],
                        [
                            -119.21158494654684,
                            40.793126063750464
                        ],
                        [
                            -119.21159178109677,
                            40.79314940286341
                        ],
                        [
                            -119.2115959027988,
                            40.79317310412987
                        ],
                        [
                            -119.21159728028144,
                            40.79319698716916
                        ],
                        [
                            -119.21159590305821,
                            40.79322087021704
                        ],
                        [
                            -119.21159178160772,
                            40.793244571509
                        ],
                        [
                            -119.21158494729377,
                            40.79326791066361
                        ],
                        [
                            -119.21157545212698,
                            40.793290710055324
                        ],
                        [
                            -119.21156336836886,
                            40.79331279616637
                        ],
                        [
                            -119.211548787982,
                            40.79333400090731
                        ],
                        [
                            -119.21153182193022,
                            40.79335416289634
                        ],
                        [
                            -119.21151259933423,
                            40.79337312868754
                        ],
                        [
                            -119.21149126648876,
                            40.7933907539387
                        ],
                        [
                            -119.21146798574945,
                            40.793406904509894
                        ],
                        [
                            -119.21144293429698,
                            40.793421457484406
                        ],
                        [
                            -119.21141630278885,
                            40.79343430210423
                        ],
                        [
                            -119.21138829390812,
                            40.79344534061304
                        ],
                        [
                            -119.21135912082102,
                            40.79345448900019
                        ],
                        [
                            -119.21132900555445,
                            40.79346167764014
                        ],
                        [
                            -119.21129817730619,
                            40.79346685182236
                        ],
                        [
                            -119.21126687070051,
                            40.79346997216771
                        ],
                        [
                            -119.21123532400249,
                            40.793471014928215
                        ]
                    ]
                ]
            }
        },
        {
            "type": "Feature",
            "properties": {
                "name": "3:00 B Plaza"
            },
            "geometry": {
                "type": "Polygon",
                "coordinates": [
                    [
                        [
                            -119.19475422445043,
                            40.78099245325817
                        ],
                        [
                            -119.19472268367973,
                            40.78099141049768
                        ],
                        [
                            -119.19469138295628,
                            40.78098829015232
                        ],
                        [
                            -119.19466056050034,
                            40.7809831159701
                        ],
                        [
                            -119.19463045089215,
                            40.78097592733017
                        ],
                        [
                            -119.1946012832864,
                            40.78096677894304
                        ],
                        [
                            -119.19457327966826,
                            40.78095574043425
                        ],
                        [
                            -119.1945466531639,
                            40.78094289581444
                        ],
                        [
                            -119.19452160641835,
                            40.78092834283995
                        ],
                        [
                            -119.1944983300532,
                            40.78091219226877
                        ],
                        [
                            -119.19447700121594,
                            40.78089456701765
                        ],
                        [
                            -119.19445778223165,
                            40.78087560122646
                        ],
                        [
                            -119.19444081936759,
                            40.78085543923745
                        ],
                        [
                            -119.19442624172018,
                            40.78083423449653
                        ],
                        [
                            -119.19441416023241,
                            40.78081214838549
                        ],
                        [
                            -119.19440466684962,
                            40.78078934899379
                        ],
                        [
                            -119.19439783381974,
                            40.7807660098392
                        ],
                        [
                            -119.19439371314354,
                            40.78074230854724
                        ],
                        [
                            -119.19439233617904,
                            40.78071842549936
                        ],
                        [
                            -119.1943937134028,
                            40.78069454246006
                        ],
                        [
                            -119.19439783433036,
                            40.78067084119362
                        ],
                        [
                            -119.19440466759609,
                            40.780647502080654
                        ],
                        [
                            -119.19441416119207,
                            40.780624702745456
                        ],
                        [
                            -119.19442624286386,
                            40.7806026167041
                        ],
                        [
                            -119.19444082066055,
                            40.78058141204389
                        ],
                        [
                            -119.19445778363459,
                            40.780561250144174
                        ],
                        [
                            -119.19447700268623,
                            40.78054228444817
                        ],
                        [
                            -119.19449833154617,
                            40.78052465929519
                        ],
                        [
                            -119.19452160788863,
                            40.780508508822166
                        ],
                        [
                            -119.19454665456684,
                            40.78049395594285
                        ],
                        [
                            -119.1945732809612,
                            40.78048111141234
                        ],
                        [
                            -119.19460128443008,
                            40.78047007298426
                        ],
                        [
                            -119.19463045185181,
                            40.7804609246668
                        ],
                        [
                            -119.19466056124683,
                            40.78045373608337
                        ],
                        [
                            -119.1946913834669,
                            40.780448561942805
                        ],
                        [
                            -119.19472268393896,
                            40.78044544162295
                        ],
                        [
                            -119.19475422445043,
                            40.78044439887104
                        ],
                        [
                            -119.1947857649619,
                            40.78044544162295
                        ],
                        [
                            -119.19481706543397,
                            40.780448561942805
                        ],
                        [
                            -119.19484788765403,
                            40.78045373608337
                        ],
                        [
                            -119.19487799704905,
                            40.7804609246668
                        ],
                        [
                            -119.19490716447079,
                            40.78047007298426
                        ],
                        [
                            -119.19493516793966,
                            40.78048111141234
                        ],
                        [
                            -119.19496179433403,
                            40.78049395594285
                        ],
                        [
                            -119.19498684101222,
                            40.780508508822166
                        ],
                        [
                            -119.19501011735468,
                            40.78052465929519
                        ],
                        [
                            -119.19503144621463,
                            40.78054228444817
                        ],
                        [
                            -119.19505066526628,
                            40.780561250144174
                        ],
                        [
                            -119.19506762824031,
                            40.78058141204389
                        ],
                        [
                            -119.195082206037,
                            40.7806026167041
                        ],
                        [
                            -119.19509428770878,
                            40.780624702745456
                        ],
                        [
                            -119.19510378130478,
                            40.780647502080654
                        ],
                        [
                            -119.19511061457051,
                            40.78067084119362
                        ],
                        [
                            -119.19511473549807,
                            40.78069454246006
                        ],
                        [
                            -119.19511611272182,
                            40.78071842549936
                        ],
                        [
                            -119.19511473575731,
                            40.78074230854724
                        ],
                        [
                            -119.19511061508112,
                            40.7807660098392
                        ],
                        [
                            -119.19510378205123,
                            40.78078934899379
                        ],
                        [
                            -119.19509428866844,
                            40.78081214838549
                        ],
                        [
                            -119.19508220718068,
                            40.78083423449653
                        ],
                        [
                            -119.19506762953327,
                            40.78085543923745
                        ],
                        [
                            -119.1950506666692,
                            40.78087560122646
                        ],
                        [
                            -119.19503144768491,
                            40.78089456701765
                        ],
                        [
                            -119.19501011884766,
                            40.78091219226877
                        ],
                        [
                            -119.1949868424825,
                            40.78092834283995
                        ],
                        [
                            -119.19496179573696,
                            40.78094289581444
                        ],
                        [
                            -119.1949351692326,
                            40.78095574043425
                        ],
                        [
                            -119.19490716561447,
                            40.78096677894304
                        ],
                        [
                            -119.1948779980087,
                            40.78097592733017
                        ],
                        [
                            -119.19484788840052,
                            40.7809831159701
                        ],
                        [
                            -119.19481706594458,
                            40.78098829015232
                        ],
                        [
                            -119.19478576522113,
                            40.78099141049768
                        ],
                        [
                            -119.19475422445043,
                            40.78099245325817
                        ]
                    ]
                ]
            }
        },
        {
            "type": "Feature",
            "properties": {
                "name": "4:30 B Plaza"
            },
            "geometry": {
                "type": "Polygon",
                "coordinates": [
                    [
                        [
                            -119.20299399999999,
                            40.778408351560834
                        ],
                        [
                            -119.20296246045628,
                            40.77840730880035
                        ],
                        [
                            -119.20293116095047,
                            40.778404188455
                        ],
                        [
                            -119.2029003396936,
                            40.778399014272786
                        ],
                        [
                            -119.2028702312567,
                            40.77839182563285
                        ],
                        [
                            -119.20284106478562,
                            40.778382677245716
                        ],
                        [
                            -119.20281306225685,
                            40.778371638736935
                        ],
                        [
                            -119.20278643678832,
                            40.77835879411713
                        ],
                        [
                            -119.2027613910171,
                            40.77834424114265
                        ],
                        [
                            -119.20273811555744,
                            40.77832809057147
                        ],
                        [
                            -119.2027167875499,
                            40.778310465320345
                        ],
                        [
                            -119.20269756931323,
                            40.778291499529175
                        ],
                        [
                            -119.20268060710906,
                            40.77827133754016
                        ],
                        [
                            -119.20266603002874,
                            40.77825013279924
                        ],
                        [
                            -119.20265394901092,
                            40.77822804668821
                        ],
                        [
                            -119.20264445599743,
                            40.778205247296505
                        ],
                        [
                            -119.20263762323334,
                            40.77818190814192
                        ],
                        [
                            -119.20263350271745,
                            40.778158206849966
                        ],
                        [
                            -119.2026321258065,
                            40.77813432380208
                        ],
                        [
                            -119.20263350297665,
                            40.77811044076279
                        ],
                        [
                            -119.20263762374391,
                            40.77808673949633
                        ],
                        [
                            -119.20264445674383,
                            40.778063400383374
                        ],
                        [
                            -119.20265394997045,
                            40.778040601048176
                        ],
                        [
                            -119.20266603117226,
                            40.77801851500681
                        ],
                        [
                            -119.20268060840185,
                            40.7779973103466
                        ],
                        [
                            -119.20269757071598,
                            40.77797714844688
                        ],
                        [
                            -119.20271678901999,
                            40.777958182750865
                        ],
                        [
                            -119.20273811705022,
                            40.77794055759789
                        ],
                        [
                            -119.20276139248718,
                            40.77792440712486
                        ],
                        [
                            -119.20278643819104,
                            40.777909854245536
                        ],
                        [
                            -119.20281306354964,
                            40.777897009715026
                        ],
                        [
                            -119.20284106592914,
                            40.77788597128694
                        ],
                        [
                            -119.20287023221623,
                            40.777876822969475
                        ],
                        [
                            -119.20290034043997,
                            40.77786963438605
                        ],
                        [
                            -119.20293116146104,
                            40.777864460245475
                        ],
                        [
                            -119.20296246071548,
                            40.77786133992562
                        ],
                        [
                            -119.20299399999999,
                            40.777860297173724
                        ],
                        [
                            -119.20302553928451,
                            40.77786133992562
                        ],
                        [
                            -119.20305683853896,
                            40.777864460245475
                        ],
                        [
                            -119.20308765956003,
                            40.77786963438605
                        ],
                        [
                            -119.20311776778377,
                            40.777876822969475
                        ],
                        [
                            -119.20314693407086,
                            40.77788597128694
                        ],
                        [
                            -119.20317493645035,
                            40.777897009715026
                        ],
                        [
                            -119.20320156180895,
                            40.777909854245536
                        ],
                        [
                            -119.20322660751282,
                            40.77792440712486
                        ],
                        [
                            -119.20324988294978,
                            40.77794055759789
                        ],
                        [
                            -119.20327121098,
                            40.777958182750865
                        ],
                        [
                            -119.20329042928401,
                            40.77797714844688
                        ],
                        [
                            -119.20330739159814,
                            40.7779973103466
                        ],
                        [
                            -119.20332196882774,
                            40.77801851500681
                        ],
                        [
                            -119.20333405002953,
                            40.778040601048176
                        ],
                        [
                            -119.20334354325617,
                            40.778063400383374
                        ],
                        [
                            -119.20335037625608,
                            40.77808673949633
                        ],
                        [
                            -119.20335449702334,
                            40.77811044076279
                        ],
                        [
                            -119.20335587419349,
                            40.77813432380208
                        ],
                        [
                            -119.20335449728255,
                            40.778158206849966
                        ],
                        [
                            -119.20335037676665,
                            40.77818190814192
                        ],
                        [
                            -119.20334354400256,
                            40.778205247296505
                        ],
                        [
                            -119.20333405098907,
                            40.77822804668821
                        ],
                        [
                            -119.20332196997126,
                            40.77825013279924
                        ],
                        [
                            -119.20330739289093,
                            40.77827133754016
                        ],
                        [
                            -119.20329043068676,
                            40.778291499529175
                        ],
                        [
                            -119.20327121245009,
                            40.778310465320345
                        ],
                        [
                            -119.20324988444256,
                            40.77832809057147
                        ],
                        [
                            -119.20322660898289,
                            40.77834424114265
                        ],
                        [
                            -119.20320156321168,
                            40.77835879411713
                        ],
                        [
                            -119.20317493774314,
                            40.778371638736935
                        ],
                        [
                            -119.20314693521438,
                            40.778382677245716
                        ],
                        [
                            -119.2031177687433,
                            40.77839182563285
                        ],
                        [
                            -119.2030876603064,
                            40.778399014272786
                        ],
                        [
                            -119.20305683904952,
                            40.778404188455
                        ],
                        [
                            -119.20302553954372,
                            40.77840730880035
                        ],
                        [
                            -119.20299399999999,
                            40.778408351560834
                        ]
                    ]
                ]
            }
        },
        {
            "type": "Feature",
            "properties": {
                "name": "7:30 B Plaza"
            },
            "geometry": {
                "type": "Polygon",
                "coordinates": [
                    [
                        [
                            -119.21464789707144,
                            40.78723144099284
                        ],
                        [
                            -119.21461635333766,
                            40.78723039823234
                        ],
                        [
                            -119.21458504967373,
                            40.787227277886984
                        ],
                        [
                            -119.21455422432221,
                            40.78722210370477
                        ],
                        [
                            -119.21452411188541,
                            40.78721491506483
                        ],
                        [
                            -119.21449494153956,
                            40.78720576667769
                        ],
                        [
                            -119.21446693529064,
                            40.78719472816888
                        ],
                        [
                            -119.21444030628491,
                            40.78718188354907
                        ],
                        [
                            -119.21441525718639,
                            40.78716733057456
                        ],
                        [
                            -119.2143919786346,
                            40.787151180003384
                        ],
                        [
                            -119.21437064779364,
                            40.78713355475224
                        ],
                        [
                            -119.21435142700386,
                            40.78711458896105
                        ],
                        [
                            -119.21433446254629,
                            40.787094426972025
                        ],
                        [
                            -119.21431988352943,
                            40.78707322223109
                        ],
                        [
                            -119.21430780090672,
                            40.78705113612005
                        ],
                        [
                            -119.2142983066321,
                            40.78702833672835
                        ],
                        [
                            -119.2142914729603,
                            40.787004997573746
                        ],
                        [
                            -119.21428735189704,
                            40.78698129628179
                        ],
                        [
                            -119.2142859748032,
                            40.7869574132339
                        ],
                        [
                            -119.21428735215638,
                            40.78693353019461
                        ],
                        [
                            -119.21429147347109,
                            40.78690982892816
                        ],
                        [
                            -119.21429830737881,
                            40.78688648981521
                        ],
                        [
                            -119.21430780186665,
                            40.786863690480025
                        ],
                        [
                            -119.21431988467347,
                            40.78684160443867
                        ],
                        [
                            -119.21433446383963,
                            40.78682039977846
                        ],
                        [
                            -119.21435142840723,
                            40.78680023787876
                        ],
                        [
                            -119.21437064926441,
                            40.786781272182765
                        ],
                        [
                            -119.21439198012803,
                            40.786763647029794
                        ],
                        [
                            -119.21441525865713,
                            40.786747496556785
                        ],
                        [
                            -119.21444030768828,
                            40.78673294367747
                        ],
                        [
                            -119.214466936584,
                            40.78672009914698
                        ],
                        [
                            -119.21449494268359,
                            40.78670906071891
                        ],
                        [
                            -119.21452411284535,
                            40.78669991240145
                        ],
                        [
                            -119.21455422506894,
                            40.786692723818035
                        ],
                        [
                            -119.2145850501845,
                            40.78668754967747
                        ],
                        [
                            -119.214616353597,
                            40.78668442935762
                        ],
                        [
                            -119.21464789707144,
                            40.78668338660571
                        ],
                        [
                            -119.2146794405459,
                            40.78668442935762
                        ],
                        [
                            -119.21471074395839,
                            40.78668754967747
                        ],
                        [
                            -119.21474156907396,
                            40.786692723818035
                        ],
                        [
                            -119.21477168129753,
                            40.78669991240145
                        ],
                        [
                            -119.21480085145932,
                            40.78670906071891
                        ],
                        [
                            -119.21482885755889,
                            40.78672009914698
                        ],
                        [
                            -119.21485548645462,
                            40.78673294367747
                        ],
                        [
                            -119.21488053548576,
                            40.786747496556785
                        ],
                        [
                            -119.21490381401487,
                            40.786763647029794
                        ],
                        [
                            -119.21492514487849,
                            40.786781272182765
                        ],
                        [
                            -119.21494436573568,
                            40.78680023787876
                        ],
                        [
                            -119.21496133030327,
                            40.78682039977846
                        ],
                        [
                            -119.21497590946943,
                            40.78684160443867
                        ],
                        [
                            -119.21498799227624,
                            40.786863690480025
                        ],
                        [
                            -119.21499748676408,
                            40.78688648981521
                        ],
                        [
                            -119.2150043206718,
                            40.78690982892816
                        ],
                        [
                            -119.21500844198651,
                            40.78693353019461
                        ],
                        [
                            -119.21500981933968,
                            40.7869574132339
                        ],
                        [
                            -119.21500844224585,
                            40.78698129628179
                        ],
                        [
                            -119.21500432118259,
                            40.787004997573746
                        ],
                        [
                            -119.2149974875108,
                            40.78702833672835
                        ],
                        [
                            -119.21498799323618,
                            40.78705113612005
                        ],
                        [
                            -119.21497591061346,
                            40.78707322223109
                        ],
                        [
                            -119.2149613315966,
                            40.787094426972025
                        ],
                        [
                            -119.21494436713903,
                            40.78711458896105
                        ],
                        [
                            -119.21492514634926,
                            40.78713355475224
                        ],
                        [
                            -119.21490381550831,
                            40.787151180003384
                        ],
                        [
                            -119.2148805369565,
                            40.78716733057456
                        ],
                        [
                            -119.21485548785797,
                            40.78718188354907
                        ],
                        [
                            -119.21482885885224,
                            40.78719472816888
                        ],
                        [
                            -119.21480085260335,
                            40.78720576667769
                        ],
                        [
                            -119.21477168225748,
                            40.78721491506483
                        ],
                        [
                            -119.21474156982067,
                            40.78722210370477
                        ],
                        [
                            -119.21471074446916,
                            40.787227277886984
                        ],
                        [
                            -119.21467944080523,
                            40.78723039823234
                        ],
                        [
                            -119.21464789707144,
                            40.78723144099284
                        ]
                    ]
                ]
            }
        },
        {
            "type": "Feature",
            "properties": {
                "name": "3:00 G Plaza"
            },
            "geometry": {
                "type": "Polygon",
                "coordinates": [
                    [
                        [
                            -119.19064770947418,
                            40.77788213622852
                        ],
                        [
                            -119.19061617018029,
                            40.77788109346802
                        ],
                        [
                            -119.19058487092242,
                            40.77787797312266
                        ],
                        [
                            -119.1905540499097,
                            40.77787279894046
                        ],
                        [
                            -119.1905239417113,
                            40.77786561030053
                        ],
                        [
                            -119.19049477547125,
                            40.777856461913395
                        ],
                        [
                            -119.19046677316432,
                            40.77784542340461
                        ],
                        [
                            -119.19044014790668,
                            40.77783257878481
                        ],
                        [
                            -119.19041510233387,
                            40.77781802581032
                        ],
                        [
                            -119.19039182705858,
                            40.77780187523916
                        ],
                        [
                            -119.19037049922,
                            40.77778424998803
                        ],
                        [
                            -119.19035128113556,
                            40.77776528419686
                        ],
                        [
                            -119.19033431906576,
                            40.77774512220784
                        ],
                        [
                            -119.1903197421009,
                            40.77772391746692
                        ],
                        [
                            -119.19030766117878,
                            40.7777018313559
                        ],
                        [
                            -119.19029816824047,
                            40.7776790319642
                        ],
                        [
                            -119.1902913355305,
                            40.77765569280961
                        ],
                        [
                            -119.19028721504726,
                            40.777631991517644
                        ],
                        [
                            -119.1902858381472,
                            40.777608108469764
                        ],
                        [
                            -119.19028721530645,
                            40.77758422543047
                        ],
                        [
                            -119.19029133604104,
                            40.777560524164016
                        ],
                        [
                            -119.19029816898684,
                            40.77753718505106
                        ],
                        [
                            -119.1903076621383,
                            40.77751438571587
                        ],
                        [
                            -119.19031974324439,
                            40.777492299674506
                        ],
                        [
                            -119.19033432035849,
                            40.777471095014285
                        ],
                        [
                            -119.19035128253827,
                            40.777450933114565
                        ],
                        [
                            -119.19037050069005,
                            40.77743196741855
                        ],
                        [
                            -119.19039182855133,
                            40.777414342265565
                        ],
                        [
                            -119.19041510380391,
                            40.77739819179254
                        ],
                        [
                            -119.19044014930938,
                            40.77738363891322
                        ],
                        [
                            -119.19046677445705,
                            40.777370794382705
                        ],
                        [
                            -119.19049477661474,
                            40.77735975595462
                        ],
                        [
                            -119.19052394267081,
                            40.777350607637146
                        ],
                        [
                            -119.19055405065605,
                            40.77734341905373
                        ],
                        [
                            -119.19058487143296,
                            40.77733824491316
                        ],
                        [
                            -119.1906161704395,
                            40.77733512459331
                        ],
                        [
                            -119.19064770947418,
                            40.77733408184139
                        ],
                        [
                            -119.19067924850886,
                            40.77733512459331
                        ],
                        [
                            -119.1907105475154,
                            40.77733824491316
                        ],
                        [
                            -119.1907413682923,
                            40.77734341905373
                        ],
                        [
                            -119.19077147627755,
                            40.777350607637146
                        ],
                        [
                            -119.1908006423336,
                            40.77735975595462
                        ],
                        [
                            -119.1908286444913,
                            40.777370794382705
                        ],
                        [
                            -119.19085526963896,
                            40.77738363891322
                        ],
                        [
                            -119.19088031514443,
                            40.77739819179254
                        ],
                        [
                            -119.19090359039703,
                            40.777414342265565
                        ],
                        [
                            -119.1909249182583,
                            40.77743196741855
                        ],
                        [
                            -119.19094413641008,
                            40.777450933114565
                        ],
                        [
                            -119.19096109858987,
                            40.777471095014285
                        ],
                        [
                            -119.19097567570397,
                            40.777492299674506
                        ],
                        [
                            -119.19098775681006,
                            40.77751438571587
                        ],
                        [
                            -119.19099724996151,
                            40.77753718505106
                        ],
                        [
                            -119.19100408290731,
                            40.777560524164016
                        ],
                        [
                            -119.19100820364189,
                            40.77758422543047
                        ],
                        [
                            -119.19100958080115,
                            40.777608108469764
                        ],
                        [
                            -119.19100820390109,
                            40.777631991517644
                        ],
                        [
                            -119.19100408341785,
                            40.77765569280961
                        ],
                        [
                            -119.19099725070787,
                            40.7776790319642
                        ],
                        [
                            -119.19098775776958,
                            40.7777018313559
                        ],
                        [
                            -119.19097567684746,
                            40.77772391746692
                        ],
                        [
                            -119.1909610998826,
                            40.77774512220784
                        ],
                        [
                            -119.19094413781278,
                            40.77776528419686
                        ],
                        [
                            -119.19092491972836,
                            40.77778424998803
                        ],
                        [
                            -119.19090359188978,
                            40.77780187523916
                        ],
                        [
                            -119.19088031661448,
                            40.77781802581032
                        ],
                        [
                            -119.19085527104167,
                            40.77783257878481
                        ],
                        [
                            -119.19082864578402,
                            40.77784542340461
                        ],
                        [
                            -119.1908006434771,
                            40.777856461913395
                        ],
                        [
                            -119.19077147723705,
                            40.77786561030053
                        ],
                        [
                            -119.19074136903866,
                            40.77787279894046
                        ],
                        [
                            -119.19071054802593,
                            40.77787797312266
                        ],
                        [
                            -119.19067924876805,
                            40.77788109346802
                        ],
                        [
                            -119.19064770947418,
                            40.77788213622852
                        ]
                    ]
                ]
            }
        },
        {
            "type": "Feature",
            "properties": {
                "name": "4:30 G Plaza"
            },
            "geometry": {
                "type": "Polygon",
                "coordinates": [
                    [
                        [
                            -119.20299399999999,
                            40.774010215104134
                        ],
                        [
                            -119.20296246254422,
                            40.774009172343646
                        ],
                        [
                            -119.20293116511051,
                            40.77400605199829
                        ],
                        [
                            -119.20290034589404,
                            40.77400087781609
                        ],
                        [
                            -119.20287023945033,
                            40.77399368917616
                        ],
                        [
                            -119.20284107491011,
                            40.77398454078902
                        ],
                        [
                            -119.20281307423515,
                            40.773973502280256
                        ],
                        [
                            -119.20278645052925,
                            40.77396065766046
                        ],
                        [
                            -119.20276140641607,
                            40.773946104685976
                        ],
                        [
                            -119.20273813249727,
                            40.77392995411482
                        ],
                        [
                            -119.20271680590169,
                            40.7739123288637
                        ],
                        [
                            -119.20269758893727,
                            40.773893363072524
                        ],
                        [
                            -119.202680627856,
                            40.773873201083525
                        ],
                        [
                            -119.20266605174065,
                            40.773851996342614
                        ],
                        [
                            -119.20265397152264,
                            40.77382991023159
                        ],
                        [
                            -119.20264447913755,
                            40.77380711083989
                        ],
                        [
                            -119.20263764682578,
                            40.7737837716853
                        ],
                        [
                            -119.20263352658263,
                            40.77376007039335
                        ],
                        [
                            -119.20263214976282,
                            40.77373618734547
                        ],
                        [
                            -119.20263352684181,
                            40.77371230430617
                        ],
                        [
                            -119.20263764733622,
                            40.77368860303971
                        ],
                        [
                            -119.20264447988376,
                            40.77366526392675
                        ],
                        [
                            -119.20265397248194,
                            40.77364246459155
                        ],
                        [
                            -119.20266605288394,
                            40.773620378550184
                        ],
                        [
                            -119.20268062914847,
                            40.77359917388996
                        ],
                        [
                            -119.2026975903397,
                            40.773579011990236
                        ],
                        [
                            -119.20271680737146,
                            40.773560046294214
                        ],
                        [
                            -119.20273813398973,
                            40.77354242114122
                        ],
                        [
                            -119.20276140788584,
                            40.7735262706682
                        ],
                        [
                            -119.20278645193167,
                            40.77351171778886
                        ],
                        [
                            -119.20281307552766,
                            40.77349887325835
                        ],
                        [
                            -119.20284107605337,
                            40.77348783483026
                        ],
                        [
                            -119.20287024040967,
                            40.77347868651279
                        ],
                        [
                            -119.20290034664023,
                            40.77347149792935
                        ],
                        [
                            -119.20293116562095,
                            40.773466323788774
                        ],
                        [
                            -119.2029624628034,
                            40.77346320346892
                        ],
                        [
                            -119.20299399999999,
                            40.77346216071701
                        ],
                        [
                            -119.2030255371966,
                            40.77346320346892
                        ],
                        [
                            -119.20305683437904,
                            40.773466323788774
                        ],
                        [
                            -119.20308765335976,
                            40.77347149792935
                        ],
                        [
                            -119.20311775959033,
                            40.77347868651279
                        ],
                        [
                            -119.20314692394662,
                            40.77348783483026
                        ],
                        [
                            -119.20317492447234,
                            40.77349887325835
                        ],
                        [
                            -119.20320154806832,
                            40.77351171778886
                        ],
                        [
                            -119.20322659211415,
                            40.7735262706682
                        ],
                        [
                            -119.20324986601027,
                            40.77354242114122
                        ],
                        [
                            -119.20327119262853,
                            40.773560046294214
                        ],
                        [
                            -119.2032904096603,
                            40.773579011990236
                        ],
                        [
                            -119.20330737085152,
                            40.77359917388996
                        ],
                        [
                            -119.20332194711605,
                            40.773620378550184
                        ],
                        [
                            -119.20333402751805,
                            40.77364246459155
                        ],
                        [
                            -119.20334352011623,
                            40.77366526392675
                        ],
                        [
                            -119.20335035266378,
                            40.77368860303971
                        ],
                        [
                            -119.20335447315819,
                            40.77371230430617
                        ],
                        [
                            -119.20335585023717,
                            40.77373618734547
                        ],
                        [
                            -119.20335447341736,
                            40.77376007039335
                        ],
                        [
                            -119.20335035317422,
                            40.7737837716853
                        ],
                        [
                            -119.20334352086245,
                            40.77380711083989
                        ],
                        [
                            -119.20333402847736,
                            40.77382991023159
                        ],
                        [
                            -119.20332194825934,
                            40.773851996342614
                        ],
                        [
                            -119.203307372144,
                            40.773873201083525
                        ],
                        [
                            -119.20329041106272,
                            40.773893363072524
                        ],
                        [
                            -119.2032711940983,
                            40.7739123288637
                        ],
                        [
                            -119.20324986750272,
                            40.77392995411482
                        ],
                        [
                            -119.20322659358392,
                            40.773946104685976
                        ],
                        [
                            -119.20320154947075,
                            40.77396065766046
                        ],
                        [
                            -119.20317492576484,
                            40.773973502280256
                        ],
                        [
                            -119.20314692508988,
                            40.77398454078902
                        ],
                        [
                            -119.20311776054966,
                            40.77399368917616
                        ],
                        [
                            -119.20308765410596,
                            40.77400087781609
                        ],
                        [
                            -119.20305683488948,
                            40.77400605199829
                        ],
                        [
                            -119.20302553745577,
                            40.774009172343646
                        ],
                        [
                            -119.20299399999999,
                            40.774010215104134
                        ]
                    ]
                ]
            }
        },
        {
            "type": "Feature",
            "properties": {
                "name": "7:30 G Plaza"
            },
            "geometry": {
                "type": "Polygon",
                "coordinates": [
                    [
                        [
                            -119.22045674936571,
                            40.78723071097128
                        ],
                        [
                            -119.2204252056323,
                            40.78722966821077
                        ],
                        [
                            -119.22039390196868,
                            40.78722654786542
                        ],
                        [
                            -119.22036307661753,
                            40.7872213736832
                        ],
                        [
                            -119.22033296418104,
                            40.78721418504326
                        ],
                        [
                            -119.2203037938355,
                            40.78720503665612
                        ],
                        [
                            -119.2202757875869,
                            40.78719399814732
                        ],
                        [
                            -119.22024915858147,
                            40.787181153527506
                        ],
                        [
                            -119.2202241094832,
                            40.78716660055301
                        ],
                        [
                            -119.22020083093169,
                            40.78715044998182
                        ],
                        [
                            -119.22017950009096,
                            40.787132824730676
                        ],
                        [
                            -119.22016027930138,
                            40.787113858939485
                        ],
                        [
                            -119.220143314844,
                            40.787093696950464
                        ],
                        [
                            -119.22012873582729,
                            40.787072492209525
                        ],
                        [
                            -119.22011665320473,
                            40.787050406098494
                        ],
                        [
                            -119.2201071589302,
                            40.78702760670678
                        ],
                        [
                            -119.22010032525849,
                            40.78700426755218
                        ],
                        [
                            -119.22009620419529,
                            40.78698056626022
                        ],
                        [
                            -119.22009482710146,
                            40.78695668321234
                        ],
                        [
                            -119.22009620445462,
                            40.78693280017304
                        ],
                        [
                            -119.22010032576928,
                            40.78690909890659
                        ],
                        [
                            -119.22010715967693,
                            40.78688575979364
                        ],
                        [
                            -119.22011665416467,
                            40.78686296045846
                        ],
                        [
                            -119.22012873697135,
                            40.78684087441711
                        ],
                        [
                            -119.22014331613735,
                            40.786819669756895
                        ],
                        [
                            -119.22016028070475,
                            40.78679950785719
                        ],
                        [
                            -119.2201795015617,
                            40.78678054216119
                        ],
                        [
                            -119.22020083242512,
                            40.786762917008225
                        ],
                        [
                            -119.22022411095396,
                            40.78674676653522
                        ],
                        [
                            -119.22024915998483,
                            40.78673221365591
                        ],
                        [
                            -119.22027578888026,
                            40.78671936912541
                        ],
                        [
                            -119.22030379497953,
                            40.78670833069734
                        ],
                        [
                            -119.220332965141,
                            40.78669918237989
                        ],
                        [
                            -119.22036307736424,
                            40.78669199379647
                        ],
                        [
                            -119.22039390247946,
                            40.7866868196559
                        ],
                        [
                            -119.22042520589162,
                            40.78668369933606
                        ],
                        [
                            -119.22045674936571,
                            40.78668265658415
                        ],
                        [
                            -119.22048829283982,
                            40.78668369933606
                        ],
                        [
                            -119.22051959625198,
                            40.7866868196559
                        ],
                        [
                            -119.2205504213672,
                            40.78669199379647
                        ],
                        [
                            -119.22058053359044,
                            40.78669918237989
                        ],
                        [
                            -119.2206097037519,
                            40.78670833069734
                        ],
                        [
                            -119.22063770985118,
                            40.78671936912541
                        ],
                        [
                            -119.2206643387466,
                            40.78673221365591
                        ],
                        [
                            -119.22068938777747,
                            40.78674676653522
                        ],
                        [
                            -119.22071266630631,
                            40.786762917008225
                        ],
                        [
                            -119.22073399716973,
                            40.78678054216119
                        ],
                        [
                            -119.22075321802669,
                            40.78679950785719
                        ],
                        [
                            -119.22077018259407,
                            40.786819669756895
                        ],
                        [
                            -119.22078476176009,
                            40.78684087441711
                        ],
                        [
                            -119.22079684456676,
                            40.78686296045846
                        ],
                        [
                            -119.2208063390545,
                            40.78688575979364
                        ],
                        [
                            -119.22081317296215,
                            40.78690909890659
                        ],
                        [
                            -119.22081729427681,
                            40.78693280017304
                        ],
                        [
                            -119.22081867162996,
                            40.78695668321234
                        ],
                        [
                            -119.22081729453615,
                            40.78698056626022
                        ],
                        [
                            -119.22081317347295,
                            40.78700426755218
                        ],
                        [
                            -119.22080633980121,
                            40.78702760670678
                        ],
                        [
                            -119.2207968455267,
                            40.787050406098494
                        ],
                        [
                            -119.22078476290415,
                            40.787072492209525
                        ],
                        [
                            -119.22077018388744,
                            40.787093696950464
                        ],
                        [
                            -119.22075321943005,
                            40.787113858939485
                        ],
                        [
                            -119.22073399864047,
                            40.787132824730676
                        ],
                        [
                            -119.22071266779975,
                            40.78715044998182
                        ],
                        [
                            -119.22068938924824,
                            40.78716660055301
                        ],
                        [
                            -119.22066434014997,
                            40.787181153527506
                        ],
                        [
                            -119.22063771114453,
                            40.78719399814732
                        ],
                        [
                            -119.22060970489594,
                            40.78720503665612
                        ],
                        [
                            -119.2205805345504,
                            40.78721418504326
                        ],
                        [
                            -119.2205504221139,
                            40.7872213736832
                        ],
                        [
                            -119.22051959676274,
                            40.78722654786542
                        ],
                        [
                            -119.22048829309914,
                            40.78722966821077
                        ],
                        [
                            -119.22045674936571,
                            40.78723071097128
                        ]
                    ]
                ]
            }
        },
        {
            "type": "Feature",
            "properties": {
                "name": "9:00 G Plaza"
            },
            "geometry": {
                "type": "Polygon",
                "coordinates": [
                    [
                        [
                            -119.21534376733533,
                            40.79658060193624
                        ],
                        [
                            -119.21531221915966,
                            40.796579559175754
                        ],
                        [
                            -119.2152809110876,
                            40.796576438830385
                        ],
                        [
                            -119.21525008139534,
                            40.796571264648165
                        ],
                        [
                            -119.2152199647182,
                            40.79656407600821
                        ],
                        [
                            -119.21519079026464,
                            40.79655492762106
                        ],
                        [
                            -119.21516278007199,
                            40.79654388911224
                        ],
                        [
                            -119.21513614731644,
                            40.79653104449242
                        ],
                        [
                            -119.21511109469058,
                            40.79651649151789
                        ],
                        [
                            -119.2150878128608,
                            40.7965003409467
                        ],
                        [
                            -119.21506647901613,
                            40.79648271569553
                        ],
                        [
                            -119.21504725551978,
                            40.79646374990433
                        ],
                        [
                            -119.21503028867333,
                            40.79644358791529
                        ],
                        [
                            -119.21501570760354,
                            40.796422383174345
                        ],
                        [
                            -119.21500362327943,
                            40.7964002970633
                        ],
                        [
                            -119.21499412766791,
                            40.79637749767158
                        ],
                        [
                            -119.21498729303389,
                            40.79635415851697
                        ],
                        [
                            -119.21498317139034,
                            40.796330457225004
                        ],
                        [
                            -119.21498179410264,
                            40.79630657417712
                        ],
                        [
                            -119.2149831716498,
                            40.79628269113783
                        ],
                        [
                            -119.21498729354491,
                            40.79625898987139
                        ],
                        [
                            -119.21499412841499,
                            40.79623565075844
                        ],
                        [
                            -119.21500362423986,
                            40.796212851423256
                        ],
                        [
                            -119.21501570874814,
                            40.79619076538192
                        ],
                        [
                            -119.2150302899673,
                            40.79616956072173
                        ],
                        [
                            -119.21504725692381,
                            40.79614939882204
                        ],
                        [
                            -119.2150664804876,
                            40.796130433126066
                        ],
                        [
                            -119.21508781435494,
                            40.7961128079731
                        ],
                        [
                            -119.21511109616203,
                            40.796096657500115
                        ],
                        [
                            -119.21513614872046,
                            40.79608210462082
                        ],
                        [
                            -119.21516278136595,
                            40.79606926009034
                        ],
                        [
                            -119.2151907914092,
                            40.79605822166228
                        ],
                        [
                            -119.2152199656786,
                            40.79604907334484
                        ],
                        [
                            -119.21525008214242,
                            40.79604188476142
                        ],
                        [
                            -119.21528091159863,
                            40.79603671062087
                        ],
                        [
                            -119.21531221941912,
                            40.79603359030102
                        ],
                        [
                            -119.21534376733533,
                            40.79603254754912
                        ],
                        [
                            -119.21537531525153,
                            40.79603359030102
                        ],
                        [
                            -119.21540662307203,
                            40.79603671062087
                        ],
                        [
                            -119.21543745252823,
                            40.79604188476142
                        ],
                        [
                            -119.21546756899205,
                            40.79604907334484
                        ],
                        [
                            -119.21549674326145,
                            40.79605822166228
                        ],
                        [
                            -119.2155247533047,
                            40.79606926009034
                        ],
                        [
                            -119.21555138595019,
                            40.79608210462082
                        ],
                        [
                            -119.21557643850862,
                            40.796096657500115
                        ],
                        [
                            -119.21559972031571,
                            40.7961128079731
                        ],
                        [
                            -119.21562105418306,
                            40.796130433126066
                        ],
                        [
                            -119.21564027774684,
                            40.79614939882204
                        ],
                        [
                            -119.21565724470335,
                            40.79616956072173
                        ],
                        [
                            -119.21567182592251,
                            40.79619076538192
                        ],
                        [
                            -119.2156839104308,
                            40.796212851423256
                        ],
                        [
                            -119.21569340625567,
                            40.79623565075844
                        ],
                        [
                            -119.21570024112575,
                            40.79625898987139
                        ],
                        [
                            -119.21570436302085,
                            40.79628269113783
                        ],
                        [
                            -119.21570574056801,
                            40.79630657417712
                        ],
                        [
                            -119.21570436328031,
                            40.796330457225004
                        ],
                        [
                            -119.21570024163677,
                            40.79635415851697
                        ],
                        [
                            -119.21569340700275,
                            40.79637749767158
                        ],
                        [
                            -119.21568391139122,
                            40.7964002970633
                        ],
                        [
                            -119.21567182706711,
                            40.796422383174345
                        ],
                        [
                            -119.21565724599732,
                            40.79644358791529
                        ],
                        [
                            -119.21564027915088,
                            40.79646374990433
                        ],
                        [
                            -119.21562105565452,
                            40.79648271569553
                        ],
                        [
                            -119.21559972180985,
                            40.7965003409467
                        ],
                        [
                            -119.21557643998007,
                            40.79651649151789
                        ],
                        [
                            -119.21555138735421,
                            40.79653104449242
                        ],
                        [
                            -119.21552475459866,
                            40.79654388911224
                        ],
                        [
                            -119.21549674440601,
                            40.79655492762106
                        ],
                        [
                            -119.21546756995245,
                            40.79656407600821
                        ],
                        [
                            -119.21543745327531,
                            40.796571264648165
                        ],
                        [
                            -119.21540662358305,
                            40.796576438830385
                        ],
                        [
                            -119.215375315511,
                            40.796579559175754
                        ],
                        [
                            -119.21534376733533,
                            40.79658060193624
                        ]
                    ]
                ]
            }
        },
        {
            "type": "Feature",
            "properties": {
                "name": "6:00 G Plaza"
            },
            "geometry": {
                "type": "Polygon",
                "coordinates": [
                    [
                        [
                            -119.21534029052582,
                            40.77788213622852
                        ],
                        [
                            -119.21530875123194,
                            40.77788109346802
                        ],
                        [
                            -119.21527745197406,
                            40.77787797312266
                        ],
                        [
                            -119.21524663096133,
                            40.77787279894046
                        ],
                        [
                            -119.21521652276294,
                            40.77786561030053
                        ],
                        [
                            -119.21518735652289,
                            40.777856461913395
                        ],
                        [
                            -119.21515935421597,
                            40.77784542340461
                        ],
                        [
                            -119.21513272895832,
                            40.77783257878481
                        ],
                        [
                            -119.21510768338551,
                            40.77781802581032
                        ],
                        [
                            -119.21508440811022,
                            40.77780187523916
                        ],
                        [
                            -119.21506308027163,
                            40.77778424998803
                        ],
                        [
                            -119.21504386218722,
                            40.77776528419686
                        ],
                        [
                            -119.2150269001174,
                            40.77774512220784
                        ],
                        [
                            -119.21501232315254,
                            40.77772391746692
                        ],
                        [
                            -119.21500024223042,
                            40.7777018313559
                        ],
                        [
                            -119.21499074929211,
                            40.7776790319642
                        ],
                        [
                            -119.21498391658214,
                            40.77765569280961
                        ],
                        [
                            -119.2149797960989,
                            40.777631991517644
                        ],
                        [
                            -119.21497841919884,
                            40.777608108469764
                        ],
                        [
                            -119.21497979635811,
                            40.77758422543047
                        ],
                        [
                            -119.21498391709268,
                            40.777560524164016
                        ],
                        [
                            -119.21499075003848,
                            40.77753718505106
                        ],
                        [
                            -119.21500024318993,
                            40.77751438571587
                        ],
                        [
                            -119.21501232429603,
                            40.777492299674506
                        ],
                        [
                            -119.21502690141013,
                            40.777471095014285
                        ],
                        [
                            -119.21504386358991,
                            40.777450933114565
                        ],
                        [
                            -119.21506308174169,
                            40.77743196741855
                        ],
                        [
                            -119.21508440960297,
                            40.777414342265565
                        ],
                        [
                            -119.21510768485557,
                            40.77739819179254
                        ],
                        [
                            -119.21513273036103,
                            40.77738363891322
                        ],
                        [
                            -119.21515935550869,
                            40.777370794382705
                        ],
                        [
                            -119.2151873576664,
                            40.77735975595462
                        ],
                        [
                            -119.21521652372245,
                            40.777350607637146
                        ],
                        [
                            -119.2152466317077,
                            40.77734341905373
                        ],
                        [
                            -119.2152774524846,
                            40.77733824491316
                        ],
                        [
                            -119.21530875149114,
                            40.77733512459331
                        ],
                        [
                            -119.21534029052582,
                            40.77733408184139
                        ],
                        [
                            -119.2153718295605,
                            40.77733512459331
                        ],
                        [
                            -119.21540312856703,
                            40.77733824491316
                        ],
                        [
                            -119.21543394934395,
                            40.77734341905373
                        ],
                        [
                            -119.21546405732919,
                            40.777350607637146
                        ],
                        [
                            -119.21549322338524,
                            40.77735975595462
                        ],
                        [
                            -119.21552122554294,
                            40.777370794382705
                        ],
                        [
                            -119.21554785069061,
                            40.77738363891322
                        ],
                        [
                            -119.21557289619608,
                            40.77739819179254
                        ],
                        [
                            -119.21559617144867,
                            40.777414342265565
                        ],
                        [
                            -119.21561749930994,
                            40.77743196741855
                        ],
                        [
                            -119.21563671746172,
                            40.777450933114565
                        ],
                        [
                            -119.2156536796415,
                            40.777471095014285
                        ],
                        [
                            -119.2156682567556,
                            40.777492299674506
                        ],
                        [
                            -119.2156803378617,
                            40.77751438571587
                        ],
                        [
                            -119.21568983101315,
                            40.77753718505106
                        ],
                        [
                            -119.21569666395895,
                            40.777560524164016
                        ],
                        [
                            -119.21570078469354,
                            40.77758422543047
                        ],
                        [
                            -119.21570216185279,
                            40.777608108469764
                        ],
                        [
                            -119.21570078495273,
                            40.777631991517644
                        ],
                        [
                            -119.21569666446949,
                            40.77765569280961
                        ],
                        [
                            -119.21568983175952,
                            40.7776790319642
                        ],
                        [
                            -119.21568033882122,
                            40.7777018313559
                        ],
                        [
                            -119.2156682578991,
                            40.77772391746692
                        ],
                        [
                            -119.21565368093424,
                            40.77774512220784
                        ],
                        [
                            -119.21563671886443,
                            40.77776528419686
                        ],
                        [
                            -119.21561750078,
                            40.77778424998803
                        ],
                        [
                            -119.21559617294142,
                            40.77780187523916
                        ],
                        [
                            -119.21557289766612,
                            40.77781802581032
                        ],
                        [
                            -119.21554785209331,
                            40.77783257878481
                        ],
                        [
                            -119.21552122683568,
                            40.77784542340461
                        ],
                        [
                            -119.21549322452874,
                            40.777856461913395
                        ],
                        [
                            -119.21546405828869,
                            40.77786561030053
                        ],
                        [
                            -119.2154339500903,
                            40.77787279894046
                        ],
                        [
                            -119.21540312907757,
                            40.77787797312266
                        ],
                        [
                            -119.2153718298197,
                            40.77788109346802
                        ],
                        [
                            -119.21534029052582,
                            40.77788213622852
                        ]
                    ]
                ]
            }
        },
        {
            "type": "Feature",
            "properties": {
                "name": "The Man Plaza"
            },
            "geometry": {
                "type": "Polygon",
                "coordinates": [
                    [
                        [
                            -119.20299399999999,
                            40.78750605438714
                        ],
                        [
                            -119.20293091227256,
                            40.78750396885754
                        ],
                        [
                            -119.20286830469264,
                            40.78749772814132
                        ],
                        [
                            -119.20280665375316,
                            40.78748737973524
                        ],
                        [
                            -119.20274642866575,
                            40.78747300239882
                        ],
                        [
                            -119.20268808778943,
                            40.78745470555485
                        ],
                        [
                            -119.20263207514184,
                            40.78743262845653
                        ],
                        [
                            -119.20257881701987,
                            40.787406939127585
                        ],
                        [
                            -119.20252871875499,
                            40.78737783308338
                        ],
                        [
                            -119.20248216162831,
                            40.787345531842846
                        ],
                        [
                            -119.20243949996876,
                            40.78731028124238
                        ],
                        [
                            -119.20240105845622,
                            40.7872723495648
                        ],
                        [
                            -119.20236712965077,
                            40.787232025497445
                        ],
                        [
                            -119.20233797176614,
                            40.78718961593484
                        ],
                        [
                            -119.20231380670457,
                            40.787145443643084
                        ],
                        [
                            -119.2022948183684,
                            40.78709984480313
                        ],
                        [
                            -119.20228115126066,
                            40.78705316645228
                        ],
                        [
                            -119.20227290938551,
                            40.78700576384286
                        ],
                        [
                            -119.20227015545716,
                            40.78695799773851
                        ],
                        [
                            -119.20227291042283,
                            40.786910231668514
                        ],
                        [
                            -119.2022811533038,
                            40.78686282916112
                        ],
                        [
                            -119.20229482135527,
                            40.786816150976875
                        ],
                        [
                            -119.20231381054441,
                            40.78677055236302
                        ],
                        [
                            -119.20233797634226,
                            40.78672638035001
                        ],
                        [
                            -119.20236713482419,
                            40.78668397111033
                        ],
                        [
                            -119.20240106406969,
                            40.78664364740023
                        ],
                        [
                            -119.20243950585174,
                            40.78660571610343
                        ],
                        [
                            -119.20248216760206,
                            40.78657046589567
                        ],
                        [
                            -119.20252872463797,
                            40.78653816504783
                        ],
                        [
                            -119.20257882263336,
                            40.78650905938441
                        ],
                        [
                            -119.20263208031525,
                            40.78648337041273
                        ],
                        [
                            -119.20268809236558,
                            40.786461293637316
                        ],
                        [
                            -119.2027464325056,
                            40.78644299707209
                        ],
                        [
                            -119.20280665674004,
                            40.786428619961775
                        ],
                        [
                            -119.20286830673578,
                            40.7864182717223
                        ],
                        [
                            -119.20293091330988,
                            40.7864120311081
                        ],
                        [
                            -119.20299399999999,
                            40.78640994561287
                        ],
                        [
                            -119.20305708669011,
                            40.7864120311081
                        ],
                        [
                            -119.20311969326421,
                            40.7864182717223
                        ],
                        [
                            -119.20318134325996,
                            40.786428619961775
                        ],
                        [
                            -119.20324156749439,
                            40.78644299707209
                        ],
                        [
                            -119.20329990763442,
                            40.786461293637316
                        ],
                        [
                            -119.20335591968474,
                            40.78648337041273
                        ],
                        [
                            -119.20340917736664,
                            40.78650905938441
                        ],
                        [
                            -119.20345927536202,
                            40.78653816504783
                        ],
                        [
                            -119.20350583239794,
                            40.78657046589567
                        ],
                        [
                            -119.20354849414825,
                            40.78660571610343
                        ],
                        [
                            -119.20358693593029,
                            40.78664364740023
                        ],
                        [
                            -119.20362086517581,
                            40.78668397111033
                        ],
                        [
                            -119.20365002365773,
                            40.78672638035001
                        ],
                        [
                            -119.20367418945558,
                            40.78677055236302
                        ],
                        [
                            -119.20369317864473,
                            40.786816150976875
                        ],
                        [
                            -119.20370684669619,
                            40.78686282916112
                        ],
                        [
                            -119.20371508957716,
                            40.786910231668514
                        ],
                        [
                            -119.20371784454284,
                            40.78695799773851
                        ],
                        [
                            -119.20371509061448,
                            40.78700576384286
                        ],
                        [
                            -119.20370684873933,
                            40.78705316645228
                        ],
                        [
                            -119.20369318163159,
                            40.78709984480313
                        ],
                        [
                            -119.20367419329543,
                            40.787145443643084
                        ],
                        [
                            -119.20365002823385,
                            40.78718961593484
                        ],
                        [
                            -119.20362087034923,
                            40.787232025497445
                        ],
                        [
                            -119.20358694154378,
                            40.7872723495648
                        ],
                        [
                            -119.20354850003123,
                            40.78731028124238
                        ],
                        [
                            -119.20350583837168,
                            40.787345531842846
                        ],
                        [
                            -119.203459281245,
                            40.78737783308338
                        ],
                        [
                            -119.20340918298012,
                            40.787406939127585
                        ],
                        [
                            -119.20335592485816,
                            40.78743262845653
                        ],
                        [
                            -119.20329991221057,
                            40.78745470555485
                        ],
                        [
                            -119.20324157133425,
                            40.78747300239882
                        ],
                        [
                            -119.20318134624684,
                            40.78748737973524
                        ],
                        [
                            -119.20311969530735,
                            40.78749772814132
                        ],
                        [
                            -119.20305708772743,
                            40.78750396885754
                        ],
                        [
                            -119.20299399999999,
                            40.78750605438714
                        ]
                    ]
                ]
            }
        },
        {
            "type": "Feature",
            "properties": {
                "name": "Café",
                "ref": "cafe"
            },
            "geometry": {
                "type": "Polygon",
                "coordinates": [
                    [
                        [
                            -119.21066830006257,
                            40.78144811875804
                        ],
                        [
                            -119.21063360497683,
                            40.781446971721024
                        ],
                        [
                            -119.21059917394521,
                            40.78144353933973
                        ],
                        [
                            -119.21056526901211,
                            40.78143784773702
                        ],
                        [
                            -119.21053214821782,
                            40.78142994022997
                        ],
                        [
                            -119.21050006363451,
                            40.78141987700028
                        ],
                        [
                            -119.21046925944773,
                            40.78140773463618
                        ],
                        [
                            -119.21043997009805,
                            40.78139360554948
                        ],
                        [
                            -119.21041241849659,
                            40.78137759727231
                        ],
                        [
                            -119.2103868143286,
                            40.78135983163862
                        ],
                        [
                            -119.21036335245759,
                            40.78134044385697
                        ],
                        [
                            -119.21034221144228,
                            40.78131958148144
                        ],
                        [
                            -119.21032355217754,
                            40.78129740328861
                        ],
                        [
                            -119.21030751667023,
                            40.78127407806916
                        ],
                        [
                            -119.21029422695813,
                            40.781249783343185
                        ],
                        [
                            -119.21028378418141,
                            40.781224704009205
                        ],
                        [
                            -119.21027626781307,
                            40.78119903093686
                        ],
                        [
                            -119.21027173505387,
                            40.7811729595143
                        ],
                        [
                            -119.21027022039739,
                            40.781146688161165
                        ],
                        [
                            -119.21027173536757,
                            40.78112041681841
                        ],
                        [
                            -119.21027626843095,
                            40.781094345426716
                        ],
                        [
                            -119.2102837850847,
                            40.78106867240475
                        ],
                        [
                            -119.21029422811934,
                            40.78104359313915
                        ],
                        [
                            -119.2103075180541,
                            40.78101929849748
                        ],
                        [
                            -119.21032355374204,
                            40.780995973375695
                        ],
                        [
                            -119.21034221313985,
                            40.78097379529092
                        ],
                        [
                            -119.21036335423669,
                            40.78095293303055
                        ],
                        [
                            -119.21038681613513,
                            40.780933545367674
                        ],
                        [
                            -119.21041242027566,
                            40.78091577985275
                        ],
                        [
                            -119.21043997179562,
                            40.780899771690734
                        ],
                        [
                            -119.21046926101224,
                            40.780885642712086
                        ],
                        [
                            -119.21050006501838,
                            40.780873500445644
                        ],
                        [
                            -119.21053214937903,
                            40.78086343730026
                        ],
                        [
                            -119.21056526991539,
                            40.7808555298616
                        ],
                        [
                            -119.21059917456309,
                            40.780849838309265
                        ],
                        [
                            -119.21063360529052,
                            40.78084640595883
                        ],
                        [
                            -119.21066830006257,
                            40.7808452589322
                        ],
                        [
                            -119.21070299483462,
                            40.78084640595883
                        ],
                        [
                            -119.21073742556206,
                            40.780849838309265
                        ],
                        [
                            -119.21077133020975,
                            40.7808555298616
                        ],
                        [
                            -119.21080445074611,
                            40.78086343730026
                        ],
                        [
                            -119.21083653510676,
                            40.780873500445644
                        ],
                        [
                            -119.21086733911291,
                            40.780885642712086
                        ],
                        [
                            -119.21089662832951,
                            40.780899771690734
                        ],
                        [
                            -119.21092417984948,
                            40.78091577985275
                        ],
                        [
                            -119.21094978399002,
                            40.780933545367674
                        ],
                        [
                            -119.21097324588845,
                            40.78095293303055
                        ],
                        [
                            -119.21099438698529,
                            40.78097379529092
                        ],
                        [
                            -119.2110130463831,
                            40.780995973375695
                        ],
                        [
                            -119.21102908207105,
                            40.78101929849748
                        ],
                        [
                            -119.2110423720058,
                            40.78104359313915
                        ],
                        [
                            -119.21105281504045,
                            40.78106867240475
                        ],
                        [
                            -119.2110603316942,
                            40.781094345426716
                        ],
                        [
                            -119.21106486475757,
                            40.78112041681841
                        ],
                        [
                            -119.21106637972775,
                            40.781146688161165
                        ],
                        [
                            -119.21106486507128,
                            40.7811729595143
                        ],
                        [
                            -119.21106033231207,
                            40.78119903093686
                        ],
                        [
                            -119.21105281594372,
                            40.781224704009205
                        ],
                        [
                            -119.21104237316702,
                            40.781249783343185
                        ],
                        [
                            -119.21102908345492,
                            40.78127407806916
                        ],
                        [
                            -119.2110130479476,
                            40.78129740328861
                        ],
                        [
                            -119.21099438868286,
                            40.78131958148144
                        ],
                        [
                            -119.21097324766755,
                            40.78134044385697
                        ],
                        [
                            -119.21094978579654,
                            40.78135983163862
                        ],
                        [
                            -119.21092418162856,
                            40.78137759727231
                        ],
                        [
                            -119.2108966300271,
                            40.78139360554948
                        ],
                        [
                            -119.21086734067741,
                            40.78140773463618
                        ],
                        [
                            -119.21083653649063,
                            40.78141987700028
                        ],
                        [
                            -119.21080445190732,
                            40.78142994022997
                        ],
                        [
                            -119.21077133111302,
                            40.78143784773702
                        ],
                        [
                            -119.21073742617993,
                            40.78144353933973
                        ],
                        [
                            -119.2107029951483,
                            40.781446971721024
                        ],
                        [
                            -119.21066830006257,
                            40.78144811875804
                        ]
                    ]
                ]
            }
        },
        {
            "type": "Feature",
            "properties": {
                "ref": "centerPlaza",
                "name": "Center Camp Plaza"
            },
            "geometry": {
                "type": "Polygon",
                "coordinates": [
                    [
                        [
                            -119.21066830006257,
                            40.78202357586452
                        ],
                        [
                            -119.21056736803291,
                            40.7820202390007
                        ],
                        [
                            -119.21046720418721,
                            40.7820102538058
                        ],
                        [
                            -119.21036857086206,
                            40.78199369627615
                        ],
                        [
                            -119.21027221874417,
                            40.78197069242941
                        ],
                        [
                            -119.21017888115617,
                            40.78194141734532
                        ],
                        [
                            -119.21008926847493,
                            40.78190609383309
                        ],
                        [
                            -119.21000406272447,
                            40.78186499073537
                        ],
                        [
                            -119.20992391238482,
                            40.78181842088198
                        ],
                        [
                            -119.20984942745632,
                            40.781766738708725
                        ],
                        [
                            -119.20978117481688,
                            40.78171033755958
                        ],
                        [
                            -119.2097196739077,
                            40.78164964669279
                        ],
                        [
                            -119.20966539277991,
                            40.78158512801362
                        ],
                        [
                            -119.20961874453289,
                            40.78151727255855
                        ],
                        [
                            -119.20958008417057,
                            40.78144659675801
                        ],
                        [
                            -119.20954970590016,
                            40.78137363850563
                        ],
                        [
                            -119.20952784089377,
                            40.78129895306435
                        ],
                        [
                            -119.20951465552983,
                            40.78122310884034
                        ],
                        [
                            -119.20951025012758,
                            40.781146683056896
                        ],
                        [
                            -119.20951465818462,
                            40.78107025736139
                        ],
                        [
                            -119.20952784612268,
                            40.78099441339851
                        ],
                        [
                            -119.2095497135443,
                            40.78091972838363
                        ],
                        [
                            -119.20958009399769,
                            40.780846770709964
                        ],
                        [
                            -119.20961875624444,
                            40.78077609562286
                        ],
                        [
                            -119.20966540601998,
                            40.78070824099429
                        ],
                        [
                            -119.20971968827399,
                            40.78064372322954
                        ],
                        [
                            -119.20978118987291,
                            40.780583033337315
                        ],
                        [
                            -119.20984944274461,
                            40.78052663319329
                        ],
                        [
                            -119.20992392744085,
                            40.780474952025145
                        ],
                        [
                            -119.21000407709077,
                            40.78042838314633
                        ],
                        [
                            -119.21008928171497,
                            40.78038728096303
                        ],
                        [
                            -119.21017889286769,
                            40.78035195827729
                        ],
                        [
                            -119.2102722285713,
                            40.78032268390664
                        ],
                        [
                            -119.2103685785062,
                            40.780299680638606
                        ],
                        [
                            -119.2104672094161,
                            40.78028312353536
                        ],
                        [
                            -119.21056737068771,
                            40.7802731386016
                        ],
                        [
                            -119.21066830006257,
                            40.78026980182572
                        ],
                        [
                            -119.21076922943743,
                            40.7802731386016
                        ],
                        [
                            -119.21086939070905,
                            40.78028312353536
                        ],
                        [
                            -119.21096802161894,
                            40.780299680638606
                        ],
                        [
                            -119.21106437155385,
                            40.78032268390664
                        ],
                        [
                            -119.21115770725746,
                            40.78035195827729
                        ],
                        [
                            -119.21124731841017,
                            40.78038728096303
                        ],
                        [
                            -119.21133252303437,
                            40.78042838314633
                        ],
                        [
                            -119.21141267268429,
                            40.780474952025145
                        ],
                        [
                            -119.21148715738053,
                            40.78052663319329
                        ],
                        [
                            -119.21155541025222,
                            40.780583033337315
                        ],
                        [
                            -119.21161691185115,
                            40.78064372322954
                        ],
                        [
                            -119.21167119410516,
                            40.78070824099429
                        ],
                        [
                            -119.2117178438807,
                            40.78077609562286
                        ],
                        [
                            -119.21175650612746,
                            40.780846770709964
                        ],
                        [
                            -119.21178688658084,
                            40.78091972838363
                        ],
                        [
                            -119.21180875400246,
                            40.78099441339851
                        ],
                        [
                            -119.21182194194051,
                            40.78107025736139
                        ],
                        [
                            -119.21182634999755,
                            40.781146683056896
                        ],
                        [
                            -119.21182194459531,
                            40.78122310884034
                        ],
                        [
                            -119.21180875923136,
                            40.78129895306435
                        ],
                        [
                            -119.21178689422499,
                            40.78137363850563
                        ],
                        [
                            -119.21175651595458,
                            40.78144659675801
                        ],
                        [
                            -119.21171785559224,
                            40.78151727255855
                        ],
                        [
                            -119.21167120734522,
                            40.78158512801362
                        ],
                        [
                            -119.21161692621743,
                            40.78164964669279
                        ],
                        [
                            -119.21155542530826,
                            40.78171033755958
                        ],
                        [
                            -119.21148717266882,
                            40.781766738708725
                        ],
                        [
                            -119.21141268774032,
                            40.78181842088198
                        ],
                        [
                            -119.21133253740068,
                            40.78186499073537
                        ],
                        [
                            -119.21124733165021,
                            40.78190609383309
                        ],
                        [
                            -119.21115771896898,
                            40.78194141734532
                        ],
                        [
                            -119.21106438138096,
                            40.78197069242941
                        ],
                        [
                            -119.21096802926309,
                            40.78199369627615
                        ],
                        [
                            -119.21086939593793,
                            40.7820102538058
                        ],
                        [
                            -119.21076923209223,
                            40.7820202390007
                        ],
                        [
                            -119.21066830006257,
                            40.78202357586452
                        ]
                    ],
                    [
                        [
                            -119.21066830006257,
                            40.78144811875804
                        ],
                        [
                            -119.21063360497683,
                            40.781446971721024
                        ],
                        [
                            -119.21059917394521,
                            40.78144353933973
                        ],
                        [
                            -119.21056526901211,
                            40.78143784773702
                        ],
                        [
                            -119.21053214821782,
                            40.78142994022997
                        ],
                        [
                            -119.21050006363451,
                            40.78141987700028
                        ],
                        [
                            -119.21046925944773,
                            40.78140773463618
                        ],
                        [
                            -119.21043997009805,
                            40.78139360554948
                        ],
                        [
                            -119.21041241849659,
                            40.78137759727231
                        ],
                        [
                            -119.2103868143286,
                            40.78135983163862
                        ],
                        [
                            -119.21036335245759,
                            40.78134044385697
                        ],
                        [
                            -119.21034221144228,
                            40.78131958148144
                        ],
                        [
                            -119.21032355217754,
                            40.78129740328861
                        ],
                        [
                            -119.21030751667023,
                            40.78127407806916
                        ],
                        [
                            -119.21029422695813,
                            40.781249783343185
                        ],
                        [
                            -119.21028378418141,
                            40.781224704009205
                        ],
                        [
                            -119.21027626781307,
                            40.78119903093686
                        ],
                        [
                            -119.21027173505387,
                            40.7811729595143
                        ],
                        [
                            -119.21027022039739,
                            40.781146688161165
                        ],
                        [
                            -119.21027173536757,
                            40.78112041681841
                        ],
                        [
                            -119.21027626843095,
                            40.781094345426716
                        ],
                        [
                            -119.2102837850847,
                            40.78106867240475
                        ],
                        [
                            -119.21029422811934,
                            40.78104359313915
                        ],
                        [
                            -119.2103075180541,
                            40.78101929849748
                        ],
                        [
                            -119.21032355374204,
                            40.780995973375695
                        ],
                        [
                            -119.21034221313985,
                            40.78097379529092
                        ],
                        [
                            -119.21036335423669,
                            40.78095293303055
                        ],
                        [
                            -119.21038681613513,
                            40.780933545367674
                        ],
                        [
                            -119.21041242027566,
                            40.78091577985275
                        ],
                        [
                            -119.21043997179562,
                            40.780899771690734
                        ],
                        [
                            -119.21046926101224,
                            40.780885642712086
                        ],
                        [
                            -119.21050006501838,
                            40.780873500445644
                        ],
                        [
                            -119.21053214937903,
                            40.78086343730026
                        ],
                        [
                            -119.21056526991539,
                            40.7808555298616
                        ],
                        [
                            -119.21059917456309,
                            40.780849838309265
                        ],
                        [
                            -119.21063360529052,
                            40.78084640595883
                        ],
                        [
                            -119.21066830006257,
                            40.7808452589322
                        ],
                        [
                            -119.21070299483462,
                            40.78084640595883
                        ],
                        [
                            -119.21073742556206,
                            40.780849838309265
                        ],
                        [
                            -119.21077133020975,
                            40.7808555298616
                        ],
                        [
                            -119.21080445074611,
                            40.78086343730026
                        ],
                        [
                            -119.21083653510676,
                            40.780873500445644
                        ],
                        [
                            -119.21086733911291,
                            40.780885642712086
                        ],
                        [
                            -119.21089662832951,
                            40.780899771690734
                        ],
                        [
                            -119.21092417984948,
                            40.78091577985275
                        ],
                        [
                            -119.21094978399002,
                            40.780933545367674
                        ],
                        [
                            -119.21097324588845,
                            40.78095293303055
                        ],
                        [
                            -119.21099438698529,
                            40.78097379529092
                        ],
                        [
                            -119.2110130463831,
                            40.780995973375695
                        ],
                        [
                            -119.21102908207105,
                            40.78101929849748
                        ],
                        [
                            -119.2110423720058,
                            40.78104359313915
                        ],
                        [
                            -119.21105281504045,
                            40.78106867240475
                        ],
                        [
                            -119.2110603316942,
                            40.781094345426716
                        ],
                        [
                            -119.21106486475757,
                            40.78112041681841
                        ],
                        [
                            -119.21106637972775,
                            40.781146688161165
                        ],
                        [
                            -119.21106486507128,
                            40.7811729595143
                        ],
                        [
                            -119.21106033231207,
                            40.78119903093686
                        ],
                        [
                            -119.21105281594372,
                            40.781224704009205
                        ],
                        [
                            -119.21104237316702,
                            40.781249783343185
                        ],
                        [
                            -119.21102908345492,
                            40.78127407806916
                        ],
                        [
                            -119.2110130479476,
                            40.78129740328861
                        ],
                        [
                            -119.21099438868286,
                            40.78131958148144
                        ],
                        [
                            -119.21097324766755,
                            40.78134044385697
                        ],
                        [
                            -119.21094978579654,
                            40.78135983163862
                        ],
                        [
                            -119.21092418162856,
                            40.78137759727231
                        ],
                        [
                            -119.2108966300271,
                            40.78139360554948
                        ],
                        [
                            -119.21086734067741,
                            40.78140773463618
                        ],
                        [
                            -119.21083653649063,
                            40.78141987700028
                        ],
                        [
                            -119.21080445190732,
                            40.78142994022997
                        ],
                        [
                            -119.21077133111302,
                            40.78143784773702
                        ],
                        [
                            -119.21073742617993,
                            40.78144353933973
                        ],
                        [
                            -119.2107029951483,
                            40.781446971721024
                        ],
                        [
                            -119.21066830006257,
                            40.78144811875804
                        ]
                    ]
                ]
            }
        },
        {
            "type": "Feature",
            "properties": {
                "name": "3:00 Portal",
                "ref": "3portal"
            },
            "geometry": {
                "type": "Polygon",
                "coordinates": [
                    [
                        [
                            -119.1950506777709,
                            40.78087558803104
                        ],
                        [
                            -119.19693252601094,
                            40.781873232346385
                        ],
                        [
                            -119.19688168631873,
                            40.781906987750354
                        ],
                        [
                            -119.19659652435067,
                            40.78211366116982
                        ],
                        [
                            -119.1963235376781,
                            40.782329555727124
                        ],
                        [
                            -119.19627943519487,
                            40.78236762854904
                        ],
                        [
                            -119.19496181016972,
                            40.78094288742854
                        ],
                        [
                            -119.1949868424825,
                            40.78092834283995
                        ],
                        [
                            -119.19501011884766,
                            40.78091219226877
                        ],
                        [
                            -119.19503144768491,
                            40.78089456701765
                        ],
                        [
                            -119.1950506666692,
                            40.78087560122646
                        ],
                        [
                            -119.1950506777709,
                            40.78087558803104
                        ]
                    ]
                ]
            }
        },
        {
            "type": "Feature",
            "properties": {
                "name": "4:30 Portal",
                "ref": "43portal"
            },
            "geometry": {
                "type": "Polygon",
                "coordinates": [
                    [
                        [
                            -119.20305684538768,
                            40.77840418739097
                        ],
                        [
                            -119.20345576310375,
                            40.78011717135087
                        ],
                        [
                            -119.20338863002445,
                            40.780113839817915
                        ],
                        [
                            -119.20299399999999,
                            40.78010732016091
                        ],
                        [
                            -119.20259936997554,
                            40.780113839817915
                        ],
                        [
                            -119.20253223689623,
                            40.78011717135087
                        ],
                        [
                            -119.2029311546123,
                            40.77840418739097
                        ],
                        [
                            -119.20293116095047,
                            40.778404188455
                        ],
                        [
                            -119.20296246045628,
                            40.77840730880035
                        ],
                        [
                            -119.20299399999999,
                            40.778408351560834
                        ],
                        [
                            -119.20302553954372,
                            40.77840730880035
                        ],
                        [
                            -119.20305683904952,
                            40.778404188455
                        ],
                        [
                            -119.20305684538768,
                            40.77840418739097
                        ]
                    ]
                ]
            }
        },
        {
            "type": "Feature",
            "properties": {
                "name": "6:00 Portal",
                "ref": "6portal"
            },
            "geometry": {
                "type": "Polygon",
                "coordinates": [
                    [
                        [
                            -119.21012307577051,
                            40.78191941998741
                        ],
                        [
                            -119.20915867631496,
                            40.78296222012759
                        ],
                        [
                            -119.20914576456633,
                            40.78295628729538
                        ],
                        [
                            -119.209042968894,
                            40.78290427704076
                        ],
                        [
                            -119.20894326737738,
                            40.7828489210503
                        ],
                        [
                            -119.20884684981084,
                            40.78279032470552
                        ],
                        [
                            -119.20875389973561,
                            40.782728599556314
                        ],
                        [
                            -119.20866459409044,
                            40.78266386310855
                        ],
                        [
                            -119.20857910287465,
                            40.78259623860037
                        ],
                        [
                            -119.20849758882468,
                            40.782525854767485
                        ],
                        [
                            -119.20842020710418,
                            40.782452845598065
                        ],
                        [
                            -119.2083471050087,
                            40.78237735007766
                        ],
                        [
                            -119.20827842168536,
                            40.782299511924485
                        ],
                        [
                            -119.20827036082643,
                            40.782289452776354
                        ],
                        [
                            -119.20964763827679,
                            40.78155930196515
                        ],
                        [
                            -119.20966539277991,
                            40.78158512801362
                        ],
                        [
                            -119.2097196739077,
                            40.78164964669279
                        ],
                        [
                            -119.20978117481688,
                            40.78171033755958
                        ],
                        [
                            -119.20984942745632,
                            40.781766738708725
                        ],
                        [
                            -119.20992391238482,
                            40.78181842088198
                        ],
                        [
                            -119.21000406272447,
                            40.78186499073537
                        ],
                        [
                            -119.21008926847493,
                            40.78190609383309
                        ],
                        [
                            -119.21012307577051,
                            40.78191941998741
                        ]
                    ]
                ]
            }
        },
        {
            "type": "Feature",
            "properties": {
                "name": "7:30 Portal",
                "ref": "73portal"
            },
            "geometry": {
                "type": "Polygon",
                "coordinates": [
                    [
                        [
                            -119.21429147044643,
                            40.787004983115814
                        ],
                        [
                            -119.21202832061974,
                            40.78730702702312
                        ],
                        [
                            -119.21203657747736,
                            40.78719673234924
                        ],
                        [
                            -119.21204205675363,
                            40.786957646642236
                        ],
                        [
                            -119.21204170408636,
                            40.786897863968804
                        ],
                        [
                            -119.21202995947553,
                            40.786607793427684
                        ],
                        [
                            -119.21429147763976,
                            40.786909814691356
                        ],
                        [
                            -119.21429147347109,
                            40.78690982892816
                        ],
                        [
                            -119.21428735215638,
                            40.78693353019461
                        ],
                        [
                            -119.2142859748032,
                            40.7869574132339
                        ],
                        [
                            -119.21428735189704,
                            40.78698129628179
                        ],
                        [
                            -119.21429147044643,
                            40.787004983115814
                        ]
                    ]
                ]
            }
        },
        {
            "type": "Feature",
            "properties": {
                "name": "9:00 Portal",
                "ref": "9portal"
            },
            "geometry": {
                "type": "Polygon",
                "coordinates": [
                    [
                        [
                            -119.21093884006348,
                            40.79303979939735
                        ],
                        [
                            -119.20905629632006,
                            40.79204172199079
                        ],
                        [
                            -119.2091652254918,
                            40.79196810568658
                        ],
                        [
                            -119.20944799723088,
                            40.79175952518479
                        ],
                        [
                            -119.20971054320823,
                            40.79154819357303
                        ],
                        [
                            -119.21102773046123,
                            40.79297251020967
                        ],
                        [
                            -119.2110277151118,
                            40.79297251761282
                        ],
                        [
                            -119.21100266372673,
                            40.792987070492124
                        ],
                        [
                            -119.2109793830101,
                            40.79300322096511
                        ],
                        [
                            -119.21095805014194,
                            40.79302084611807
                        ],
                        [
                            -119.21093884006348,
                            40.79303979939735
                        ]
                    ]
                ]
            }
        }
    ]
}