{
    "type": "FeatureCollection",
    "features": [
        {
            "type": "Feature",
            "geometry": {
                "type": "MultiLineString",
                "coordinates": [
                    [
                        [
                            -119.19425448164199,
                            40.7851845839112
                        ],
                        [
                            -119.19436498257511,
                            40.78489763945053
                        ],
                        [
                            -119.19449190780523,
                            40.78461461749274
                        ],
                        [
                            -119.19463501553868,
                            40.78433605673266
                        ],
                        [
                            -119.19479403319055,
                            40.78406248736711
                        ],
                        [
                            -119.1949686579048,
                            40.78379443008603
                        ],
                        [
                            -119.19515855713196,
                            40.78353239508193
                        ],
                        [
                            -119.19536336926335,
                            40.78327688107911
                        ],
                        [
                            -119.1955827043202,
                            40.78302837438501
                        ],
                        [
                            -119.19581614469693,
                            40.782787347964955
                        ],
                        [
                            -119.19606324595674,
                            40.78255426054257
                        ],
                        [
                            -119.1963235376781,
                            40.782329555727124
                        ],
                        [
                            -119.19659652435067,
                            40.78211366116982
                        ],
                        [
                            -119.19688168631873,
                            40.781906987750354
                        ],
                        [
                            -119.19717848077049,
                            40.781709928795465
                        ],
                        [
                            -119.1974863427712,
                            40.781522859330885
                        ],
                        [
                            -119.19780468633834,
                            40.781346135368125
                        ],
                        [
                            -119.19813290555678,
                            40.7811800932274
                        ],
                        [
                            -119.19847037573152,
                            40.781025048898144
                        ],
                        [
                            -119.19881645457613,
                            40.780881297438036
                        ],
                        [
                            -119.19917048343481,
                            40.780749112412
                        ],
                        [
                            -119.19953178853484,
                            40.78062874537198
                        ],
                        [
                            -119.19989968226844,
                            40.78052042537865
                        ],
                        [
                            -119.20027346450021,
                            40.780424358565845
                        ],
                        [
                            -119.20065242389876,
                            40.78034072774872
                        ],
                        [
                            -119.20103583928923,
                            40.780269692076025
                        ],
                        [
                            -119.20142298102465,
                            40.78021138672759
                        ],
                        [
                            -119.20181311237339,
                            40.780165922657325
                        ],
                        [
                            -119.2022054909197,
                            40.78013338638223
                        ],
                        [
                            -119.20259936997554,
                            40.780113839817915
                        ],
                        [
                            -119.20299399999999,
                            40.78010732016091
                        ],
                        [
                            -119.20338863002445,
                            40.780113839817915
                        ],
                        [
                            -119.2037825090803,
                            40.78013338638223
                        ],
                        [
                            -119.2041748876266,
                            40.780165922657325
                        ],
                        [
                            -119.20456501897534,
                            40.78021138672759
                        ],
                        [
                            -119.20495216071076,
                            40.780269692076025
                        ],
                        [
                            -119.20533557610123,
                            40.78034072774872
                        ],
                        [
                            -119.20571453549978,
                            40.780424358565845
                        ],
                        [
                            -119.20608831773156,
                            40.78052042537865
                        ],
                        [
                            -119.20645621146515,
                            40.78062874537198
                        ],
                        [
                            -119.20681751656518,
                            40.780749112412
                        ],
                        [
                            -119.20717154542386,
                            40.780881297438036
                        ],
                        [
                            -119.20751762426848,
                            40.781025048898144
                        ],
                        [
                            -119.20785509444322,
                            40.7811800932274
                        ],
                        [
                            -119.20818331366165,
                            40.781346135368125
                        ],
                        [
                            -119.2085016572288,
                            40.781522859330885
                        ]
                    ],
                    [
                        [
                            -119.21012351323692,
                            40.782740080942084
                        ],
                        [
                            -119.21035972218922,
                            40.78297955578922
                        ],
                        [
                            -119.21058191258886,
                            40.783226603822804
                        ],
                        [
                            -119.21078966139875,
                            40.783480754854686
                        ],
                        [
                            -119.21082944286803,
                            40.78353239508193
                        ],
                        [
                            -119.21098257305357,
                            40.78374152517265
                        ],
                        [
                            -119.21116028021373,
                            40.784008418460594
                        ],
                        [
                            -119.21132244446542,
                            40.78428092674268
                        ],
                        [
                            -119.2114687569659,
                            40.78455853134979
                        ],
                        [
                            -119.21159893903251,
                            40.784840703906355
                        ],
                        [
                            -119.21171274267455,
                            40.78512690733563
                        ],
                        [
                            -119.21173351835799,
                            40.7851845839112
                        ],
                        [
                            -119.21180995106657,
                            40.78541659688169
                        ],
                        [
                            -119.21189037896279,
                            40.785709221146014
                        ],
                        [
                            -119.21195387305107,
                            40.78600422313679
                        ],
                        [
                            -119.21200031224652,
                            40.786301041328876
                        ],
                        [
                            -119.21202960792354,
                            40.78659911073257
                        ],
                        [
                            -119.21204170408636,
                            40.786897863968804
                        ],
                        [
                            -119.21204205675363,
                            40.786957646642236
                        ],
                        [
                            -119.21203657747736,
                            40.78719673234924
                        ],
                        [
                            -119.21201423762307,
                            40.787495146958626
                        ],
                        [
                            -119.21197472681774,
                            40.78779253973788
                        ],
                        [
                            -119.21191812004473,
                            40.78808834456543
                        ],
                        [
                            -119.21184452483544,
                            40.788381998335026
                        ],
                        [
                            -119.21175408106632,
                            40.78867294202778
                        ],
                        [
                            -119.21173398505633,
                            40.78873075671423
                        ],
                        [
                            -119.21164696069415,
                            40.78896062177663
                        ],
                        [
                            -119.21152336743053,
                            40.789244489920875
                        ],
                        [
                            -119.21138353635543,
                            40.789524006049064
                        ],
                        [
                            -119.21122773347105,
                            40.78979863802809
                        ],
                        [
                            -119.21105625519712,
                            40.79006786301655
                        ],
                        [
                            -119.2108694278075,
                            40.79033116846057
                        ],
                        [
                            -119.2108302512133,
                            40.790383074881426
                        ],
                        [
                            -119.21066760681038,
                            40.7905880530699
                        ],
                        [
                            -119.21045117627261,
                            40.79083802777279
                        ],
                        [
                            -119.21022054808923,
                            40.79108061664751
                        ],
                        [
                            -119.20997616120033,
                            40.791315357828935
                        ],
                        [
                            -119.2097184807559,
                            40.79154180438833
                        ],
                        [
                            -119.20944799723088,
                            40.79175952518479
                        ],
                        [
                            -119.2091652254918,
                            40.79196810568658
                        ],
                        [
                            -119.20887070381677,
                            40.792167148760896
                        ],
                        [
                            -119.20856499287076,
                            40.79235627543055
                        ],
                        [
                            -119.20824867463826,
                            40.792535125595926
                        ],
                        [
                            -119.20792235131492,
                            40.79270335872121
                        ],
                        [
                            -119.20758664416093,
                            40.79286065448321
                        ],
                        [
                            -119.20751843261378,
                            40.792890774422965
                        ],
                        [
                            -119.20724219231755,
                            40.793006713381786
                        ],
                        [
                            -119.20688965158989,
                            40.793141257310445
                        ],
                        [
                            -119.20652969319747,
                            40.793264030086476
                        ],
                        [
                            -119.20616300249554,
                            40.793374797939
                        ],
                        [
                            -119.20579027766931,
                            40.79347334995454
                        ],
                        [
                            -119.20541222840349,
                            40.793559498478956
                        ],
                        [
                            -119.2053360427996,
                            40.7935752249103
                        ]
                    ]
                ]
            },
            "properties": {
                "ref": "esplanade",
                "name": "Esplanade",
                "type": "arc"
            }
        },
        {
            "type": "Feature",
            "geometry": {
                "type": "MultiLineString",
                "coordinates": [
                    [
                        [
                            -119.19271637471765,
                            40.78487239444797
                        ],
                        [
                            -119.19284633092028,
                            40.78453494947705
                        ],
                        [
                            -119.19299560167434,
                            40.784202117597424
                        ],
                        [
                            -119.19316390257961,
                            40.78387453229941
                        ],
                        [
                            -119.19335091302901,
                            40.78355281707804
                        ],
                        [
                            -119.19355627682053,
                            40.78323758424682
                        ],
                        [
                            -119.19377960283701,
                            40.78292943377282
                        ],
                        [
                            -119.19402046579222,
                            40.78262895213542
                        ],
                        [
                            -119.19427840704152,
                            40.78233671121055
                        ],
                        [
                            -119.1945529354563,
                            40.78205326718304
                        ],
                        [
                            -119.1948435283596,
                            40.78177915948872
                        ],
                        [
                            -119.19514963252189,
                            40.781514909788406
                        ],
                        [
                            -119.19547066521466,
                            40.781261020975826
                        ],
                        [
                            -119.19580601532004,
                            40.78101797622127
                        ],
                        [
                            -119.19615504449413,
                            40.78078623805272
                        ],
                        [
                            -119.19651708838208,
                            40.78056624747639
                        ],
                        [
                            -119.19689145788242,
                            40.780358423138125
                        ],
                        [
                            -119.19727744045817,
                            40.78016316052736
                        ],
                        [
                            -119.19767430149257,
                            40.77998083122522
                        ],
                        [
                            -119.19808128568647,
                            40.779811782198045
                        ],
                        [
                            -119.19849761849497,
                            40.779656335137716
                        ],
                        [
                            -119.19892250760053,
                            40.77951478585006
                        ],
                        [
                            -119.19935514441961,
                            40.77938740369254
                        ],
                        [
                            -119.1997947056403,
                            40.7792744310622
                        ],
                        [
                            -119.20024035478772,
                            40.77917608293482
                        ],
                        [
                            -119.2006912438143,
                            40.779092546456326
                        ],
                        [
                            -119.20114651471205,
                            40.77902398058702
                        ],
                        [
                            -119.2016053011438,
                            40.77897051579939
                        ],
                        [
                            -119.20206673008975,
                            40.778932253830135
                        ],
                        [
                            -119.20252992350734,
                            40.77890926748677
                        ],
                        [
                            -119.20299399999999,
                            40.778901600509236
                        ],
                        [
                            -119.20345807649265,
                            40.77890926748677
                        ],
                        [
                            -119.20392126991024,
                            40.778932253830135
                        ],
                        [
                            -119.2043826988562,
                            40.77897051579939
                        ],
                        [
                            -119.20484148528794,
                            40.77902398058702
                        ],
                        [
                            -119.20529675618569,
                            40.779092546456326
                        ],
                        [
                            -119.20574764521227,
                            40.77917608293482
                        ],
                        [
                            -119.2061932943597,
                            40.7792744310622
                        ],
                        [
                            -119.20663285558038,
                            40.77938740369254
                        ],
                        [
                            -119.20706549239947,
                            40.77951478585006
                        ],
                        [
                            -119.20749038150502,
                            40.779656335137716
                        ],
                        [
                            -119.20790671431352,
                            40.779811782198045
                        ],
                        [
                            -119.20831369850742,
                            40.77998083122522
                        ],
                        [
                            -119.20871055954183,
                            40.78016316052736
                        ],
                        [
                            -119.20909654211758,
                            40.780358423138125
                        ],
                        [
                            -119.20947091161791,
                            40.78056624747639
                        ],
                        [
                            -119.20983295550586,
                            40.78078623805272
                        ]
                    ],
                    [
                        [
                            -119.2111444716404,
                            40.78177915948872
                        ],
                        [
                            -119.21143506454369,
                            40.78205326718304
                        ],
                        [
                            -119.21170959295847,
                            40.78233671121055
                        ],
                        [
                            -119.21196753420777,
                            40.78262895213542
                        ],
                        [
                            -119.21220839716298,
                            40.78292943377282
                        ],
                        [
                            -119.21243172317946,
                            40.78323758424682
                        ],
                        [
                            -119.21263708697099,
                            40.78355281707804
                        ],
                        [
                            -119.21282409742038,
                            40.78387453229941
                        ],
                        [
                            -119.21299239832565,
                            40.784202117597424
                        ],
                        [
                            -119.21314166907972,
                            40.78453494947705
                        ],
                        [
                            -119.21327162528235,
                            40.78487239444797
                        ],
                        [
                            -119.2133820192836,
                            40.785213810229905
                        ],
                        [
                            -119.21347264065733,
                            40.78555854697469
                        ],
                        [
                            -119.21354331660372,
                            40.78590594850295
                        ],
                        [
                            -119.21359391228074,
                            40.78625535355275
                        ],
                        [
                            -119.21362433106292,
                            40.786606097038074
                        ],
                        [
                            -119.21363451472783,
                            40.7869575113147
                        ],
                        [
                            -119.21362444356923,
                            40.78730892745092
                        ],
                        [
                            -119.21359413643712,
                            40.78765967650088
                        ],
                        [
                            -119.21354365070424,
                            40.788009090778
                        ],
                        [
                            -119.21347308215923,
                            40.78835650512603
                        ],
                        [
                            -119.21338256482684,
                            40.7887012581855
                        ],
                        [
                            -119.21327227071497,
                            40.78904269365284
                        ],
                        [
                            -119.21314240948962,
                            40.789380161530076
                        ],
                        [
                            -119.21299322807785,
                            40.78971301936261
                        ],
                        [
                            -119.21282501019995,
                            40.79004063346259
                        ],
                        [
                            -119.21263807583112,
                            40.79036238011579
                        ],
                        [
                            -119.21243278059438,
                            40.7906776467695
                        ],
                        [
                            -119.21220951508508,
                            40.790985833199215
                        ],
                        [
                            -119.21196870412902,
                            40.791286352651944
                        ],
                        [
                            -119.21171080597503,
                            40.79157863296393
                        ],
                        [
                            -119.2114363114238,
                            40.79186211765059
                        ],
                        [
                            -119.21114574289452,
                            40.79213626696666
                        ],
                        [
                            -119.21083965343125,
                            40.792400558934546
                        ],
                        [
                            -119.21051862565061,
                            40.792654490338855
                        ],
                        [
                            -119.21018327063312,
                            40.79289757768515
                        ],
                        [
                            -119.20983422676001,
                            40.79312935812127
                        ],
                        [
                            -119.20947215849802,
                            40.79334939031936
                        ],
                        [
                            -119.20909775513417,
                            40.793557255316784
                        ],
                        [
                            -119.2087117294631,
                            40.79375255731466
                        ],
                        [
                            -119.20831481642958,
                            40.79393492443212
                        ],
                        [
                            -119.20790777172847,
                            40.794104009415015
                        ],
                        [
                            -119.20749137036523,
                            40.794259490297826
                        ],
                        [
                            -119.20706640517909,
                            40.79440107101732
                        ],
                        [
                            -119.20663368533262,
                            40.794528481976805
                        ],
                        [
                            -119.20619403476962,
                            40.79464148056006
                        ],
                        [
                            -119.20574829064493,
                            40.79473985159376
                        ]
                    ]
                ]
            },
            "properties": {
                "ref": "a",
                "name": "Atwood",
                "type": "arc"
            }
        },
        {
            "type": "Feature",
            "geometry": {
                "type": "MultiLineString",
                "coordinates": [
                    [
                        [
                            -119.19173758693128,
                            40.78467371779295
                        ],
                        [
                            -119.19187992486712,
                            40.784304136401005
                        ],
                        [
                            -119.19204341654145,
                            40.78393960760121
                        ],
                        [
                            -119.19222775043289,
                            40.783580825206
                        ],
                        [
                            -119.19243257536736,
                            40.78322847207942
                        ],
                        [
                            -119.19265750118875,
                            40.782883218838094
                        ],
                        [
                            -119.19290209950347,
                            40.782545722575364
                        ],
                        [
                            -119.19316590449777,
                            40.78221662561152
                        ],
                        [
                            -119.1934484138261,
                            40.78189655427187
                        ],
                        [
                            -119.19374908956854,
                            40.78158611769559
                        ],
                        [
                            -119.19406735925595,
                            40.781285906677205
                        ],
                        [
                            -119.19440261696069,
                            40.78099649254301
                        ],
                        [
                            -119.19475422445043,
                            40.78071842606461
                        ],
                        [
                            -119.19512151240367,
                            40.78045223641158
                        ],
                        [
                            -119.1955037816839,
                            40.780198430145326
                        ],
                        [
                            -119.19590030467018,
                            40.77995749025586
                        ],
                        [
                            -119.196310326642,
                            40.77972987524355
                        ],
                        [
                            -119.19673306721522,
                            40.77951601824738
                        ],
                        [
                            -119.19716772182664,
                            40.779316326221526
                        ],
                        [
                            -119.19761346326452,
                            40.77913117916174
                        ],
                        [
                            -119.19806944324183,
                            40.77896092938293
                        ],
                        [
                            -119.19853479400936,
                            40.77880590084955
                        ],
                        [
                            -119.19900863000584,
                            40.77866638855964
                        ],
                        [
                            -119.19949004954162,
                            40.77854265798428
                        ],
                        [
                            -119.199978136513,
                            40.77843494456284
                        ],
                        [
                            -119.20047196214364,
                            40.77834345325557
                        ],
                        [
                            -119.20097058675016,
                            40.77826835815405
                        ],
                        [
                            -119.20147306152828,
                            40.77820980215025
                        ],
                        [
                            -119.20197843035615,
                            40.778167896664996
                        ],
                        [
                            -119.20248573161165,
                            40.77814272143618
                        ],
                        [
                            -119.20299399999999,
                            40.77813432436727
                        ],
                        [
                            -119.20350226838835,
                            40.77814272143618
                        ],
                        [
                            -119.20400956964384,
                            40.778167896664996
                        ],
                        [
                            -119.20451493847172,
                            40.77820980215025
                        ],
                        [
                            -119.20501741324983,
                            40.77826835815405
                        ],
                        [
                            -119.20551603785636,
                            40.77834345325557
                        ],
                        [
                            -119.206009863487,
                            40.77843494456284
                        ],
                        [
                            -119.20649795045837,
                            40.77854265798428
                        ],
                        [
                            -119.20697936999416,
                            40.77866638855964
                        ],
                        [
                            -119.20745320599063,
                            40.77880590084955
                        ],
                        [
                            -119.20791855675816,
                            40.77896092938293
                        ],
                        [
                            -119.20837453673548,
                            40.77913117916174
                        ],
                        [
                            -119.20882027817335,
                            40.779316326221526
                        ],
                        [
                            -119.20925493278477,
                            40.77951601824738
                        ],
                        [
                            -119.20967767335799,
                            40.77972987524355
                        ],
                        [
                            -119.21008769532982,
                            40.77995749025586
                        ],
                        [
                            -119.2104842183161,
                            40.780198430145326
                        ],
                        [
                            -119.21086648759632,
                            40.78045223641158
                        ],
                        [
                            -119.21123377554956,
                            40.78071842606461
                        ]
                    ],
                    [
                        [
                            -119.21123377554956,
                            40.78071842606461
                        ],
                        [
                            -119.2115853830393,
                            40.78099649254301
                        ],
                        [
                            -119.21192064074404,
                            40.781285906677205
                        ],
                        [
                            -119.21223891043145,
                            40.78158611769559
                        ],
                        [
                            -119.21253958617389,
                            40.78189655427187
                        ],
                        [
                            -119.21282209550222,
                            40.78221662561152
                        ],
                        [
                            -119.21308590049652,
                            40.782545722575364
                        ],
                        [
                            -119.21333049881125,
                            40.782883218838094
                        ],
                        [
                            -119.21355542463263,
                            40.78322847207942
                        ],
                        [
                            -119.2137602495671,
                            40.783580825206
                        ],
                        [
                            -119.21394458345854,
                            40.78393960760121
                        ],
                        [
                            -119.21410807513287,
                            40.784304136401005
                        ],
                        [
                            -119.21425041306871,
                            40.78467371779295
                        ],
                        [
                            -119.21437132599276,
                            40.78504764833629
                        ],
                        [
                            -119.21447058339862,
                            40.785425216300425
                        ],
                        [
                            -119.21454799598811,
                            40.785805703019165
                        ],
                        [
                            -119.21460341603444,
                            40.786188384258345
                        ],
                        [
                            -119.21463673766615,
                            40.78657253159411
                        ],
                        [
                            -119.21464789707144,
                            40.78695741379927
                        ],
                        [
                            -119.2146368726227,
                            40.78734229823511
                        ],
                        [
                            -119.21460368492046,
                            40.787726452245906
                        ],
                        [
                            -119.21454839675721,
                            40.78810914455368
                        ],
                        [
                            -119.21447111300068,
                            40.78848964665035
                        ],
                        [
                            -119.21437198039722,
                            40.78886723418469
                        ],
                        [
                            -119.21425118729516,
                            40.78924118834159
                        ],
                        [
                            -119.21410896328895,
                            40.789610797210734
                        ],
                        [
                            -119.21394557878486,
                            40.78997535714225
                        ],
                        [
                            -119.21376134448865,
                            40.79033417408676
                        ],
                        [
                            -119.21355661081634,
                            40.79068656491727
                        ],
                        [
                            -119.21333176722959,
                            40.79103185873025
                        ],
                        [
                            -119.21308724149607,
                            40.79136939812353
                        ],
                        [
                            -119.21282349887711,
                            40.791698540448614
                        ],
                        [
                            -119.21254104124364,
                            40.79201865903494
                        ],
                        [
                            -119.21224040612209,
                            40.79232914438376
                        ],
                        [
                            -119.21192216567245,
                            40.79262940532937
                        ],
                        [
                            -119.21158692559989,
                            40.792918870165494
                        ],
                        [
                            -119.21123532400249,
                            40.79319698773465
                        ],
                        [
                            -119.21086803015689,
                            40.793463228478444
                        ],
                        [
                            -119.21048574324453,
                            40.79371708544662
                        ],
                        [
                            -119.21008919102049,
                            40.79395807526331
                        ],
                        [
                            -119.20967912842777,
                            40.794185739048174
                        ],
                        [
                            -119.20925633615973,
                            40.794399643291015
                        ],
                        [
                            -119.20882161917294,
                            40.79459938067811
                        ],
                        [
                            -119.20837580515386,
                            40.79478457086845
                        ],
                        [
                            -119.20791974294193,
                            40.7949548612189
                        ],
                        [
                            -119.20745430091223,
                            40.79510992745623
                        ],
                        [
                            -119.20698036532053,
                            40.79524947429543
                        ],
                        [
                            -119.2064988386145,
                            40.79537323600251
                        ],
                        [
                            -119.20601063771349,
                            40.79548097690116
                        ]
                    ]
                ]
            },
            "properties": {
                "ref": "b",
                "name": "Bradbury",
                "type": "arc"
            }
        },
        {
            "type": "Feature",
            "geometry": {
                "type": "MultiLineString",
                "coordinates": [
                    [
                        [
                            -119.1907588050011,
                            40.78447503286795
                        ],
                        [
                            -119.19091352553123,
                            40.78407331526292
                        ],
                        [
                            -119.19109123893574,
                            40.78367708977852
                        ],
                        [
                            -119.19129160656593,
                            40.78328711054747
                        ],
                        [
                            -119.1915142466751,
                            40.78290411980089
                        ],
                        [
                            -119.19175873514766,
                            40.7825288464563
                        ],
                        [
                            -119.19202460630889,
                            40.78216200473104
                        ],
                        [
                            -119.19231135381347,
                            40.78180429278378
                        ],
                        [
                            -119.19261843161118,
                            40.78145639138661
                        ],
                        [
                            -119.19294525498792,
                            40.78111896263035
                        ],
                        [
                            -119.1932912016801,
                            40.7807926486654
                        ],
                        [
                            -119.19365561306013,
                            40.78047807048065
                        ],
                        [
                            -119.19403779539103,
                            40.78017582672266
                        ],
                        [
                            -119.19443702114731,
                            40.779886492557395
                        ],
                        [
                            -119.19485253040006,
                            40.77961061857672
                        ],
                        [
                            -119.19528353226337,
                            40.77934872975153
                        ],
                        [
                            -119.19572920639942,
                            40.779101324433846
                        ],
                        [
                            -119.19618870457913,
                            40.77886887340939
                        ],
                        [
                            -119.19666115229595,
                            40.778651819002675
                        ],
                        [
                            -119.19714565042908,
                            40.778450574236246
                        ],
                        [
                            -119.19764127695349,
                            40.778265522045636
                        ],
                        [
                            -119.19814708869315,
                            40.77809701455146
                        ],
                        [
                            -119.1986621231142,
                            40.77794537239029
                        ],
                        [
                            -119.19918540015507,
                            40.77781088410519
                        ],
                        [
                            -119.1997159240893,
                            40.77769380559734
                        ],
                        [
                            -119.20025268541846,
                            40.77759435963976
                        ],
                        [
                            -119.20079466279054,
                            40.777512735453925
                        ],
                        [
                            -119.20134082494143,
                            40.77744908835017
                        ],
                        [
                            -119.20189013265455,
                            40.77740353943254
                        ],
                        [
                            -119.20244154073585,
                            40.77737617536873
                        ],
                        [
                            -119.20299399999999,
                            40.77736704822529
                        ],
                        [
                            -119.20354645926415,
                            40.77737617536873
                        ],
                        [
                            -119.20409786734544,
                            40.77740353943254
                        ],
                        [
                            -119.20464717505857,
                            40.77744908835017
                        ],
                        [
                            -119.20519333720945,
                            40.777512735453925
                        ],
                        [
                            -119.20573531458153,
                            40.77759435963976
                        ],
                        [
                            -119.20627207591069,
                            40.77769380559734
                        ],
                        [
                            -119.20680259984492,
                            40.77781088410519
                        ],
                        [
                            -119.20732587688579,
                            40.77794537239029
                        ],
                        [
                            -119.20784091130685,
                            40.77809701455146
                        ],
                        [
                            -119.2083467230465,
                            40.778265522045636
                        ],
                        [
                            -119.20884234957092,
                            40.778450574236246
                        ],
                        [
                            -119.20932684770405,
                            40.778651819002675
                        ],
                        [
                            -119.20979929542086,
                            40.77886887340939
                        ],
                        [
                            -119.21025879360057,
                            40.779101324433846
                        ],
                        [
                            -119.21070446773662,
                            40.77934872975153
                        ],
                        [
                            -119.21113546959994,
                            40.77961061857672
                        ],
                        [
                            -119.21155097885269,
                            40.779886492557395
                        ],
                        [
                            -119.21195020460897,
                            40.78017582672266
                        ]
                    ],
                    [
                        [
                            -119.21195020460897,
                            40.78017582672266
                        ],
                        [
                            -119.21233238693986,
                            40.78047807048065
                        ],
                        [
                            -119.2126967983199,
                            40.7807926486654
                        ],
                        [
                            -119.21304274501206,
                            40.78111896263035
                        ],
                        [
                            -119.21336956838881,
                            40.78145639138661
                        ],
                        [
                            -119.21367664618653,
                            40.78180429278378
                        ],
                        [
                            -119.2139633936911,
                            40.78216200473104
                        ],
                        [
                            -119.21422926485234,
                            40.7825288464563
                        ],
                        [
                            -119.2144737533249,
                            40.78290411980089
                        ],
                        [
                            -119.21469639343407,
                            40.78328711054747
                        ],
                        [
                            -119.21489676106425,
                            40.78367708977852
                        ],
                        [
                            -119.21507447446876,
                            40.78407331526292
                        ],
                        [
                            -119.2152291949989,
                            40.78447503286795
                        ],
                        [
                            -119.21536062775141,
                            40.784881477993984
                        ],
                        [
                            -119.21546852213277,
                            40.785291877029294
                        ],
                        [
                            -119.2155526723393,
                            40.78570544882202
                        ],
                        [
                            -119.21561291775203,
                            40.786121406166664
                        ],
                        [
                            -119.21564914324583,
                            40.78653895730218
                        ],
                        [
                            -119.21566127941196,
                            40.786957307418795
                        ],
                        [
                            -119.21564930269355,
                            40.787375660170895
                        ],
                        [
                            -119.21561323543399,
                            40.787793219192785
                        ],
                        [
                            -119.21555314583773,
                            40.788209189614705
                        ],
                        [
                            -119.2154691478441,
                            40.788622779576045
                        ],
                        [
                            -119.21536140091357,
                            40.78903320173307
                        ],
                        [
                            -119.21523010972767,
                            40.78943967475792
                        ],
                        [
                            -119.2150755238025,
                            40.789841424826555
                        ],
                        [
                            -119.2148979370169,
                            40.79023768709229
                        ],
                        [
                            -119.2146976870559,
                            40.790627707142455
                        ],
                        [
                            -119.2144751547707,
                            40.79101074243528
                        ],
                        [
                            -119.21423076345624,
                            40.79138606371422
                        ],
                        [
                            -119.21396497804783,
                            40.79175295639714
                        ],
                        [
                            -119.21367830423817,
                            40.79211072193753
                        ],
                        [
                            -119.21337128751661,
                            40.79245867915545
                        ],
                        [
                            -119.2130445121324,
                            40.79279616553522
                        ],
                        [
                            -119.21269859998392,
                            40.79312253848792
                        ],
                        [
                            -119.21233420943582,
                            40.7934371765757
                        ],
                        [
                            -119.21195203406656,
                            40.79373948069612
                        ],
                        [
                            -119.21155280134866,
                            40.79402887522381
                        ],
                        [
                            -119.21113727126396,
                            40.79430480910753
                        ],
                        [
                            -119.21070623485697,
                            40.79456675692045
                        ],
                        [
                            -119.21026051272841,
                            40.79481421986166
                        ],
                        [
                            -119.20980095347257,
                            40.79504672670686
                        ],
                        [
                            -119.20932843206086,
                            40.79526383470671
                        ],
                        [
                            -119.20884384817487,
                            40.7954651304308
                        ],
                        [
                            -119.20834812449235,
                            40.79565023055577
                        ],
                        [
                            -119.20784220492877,
                            40.795818782596186
                        ],
                        [
                            -119.20732705283851,
                            40.795970465576474
                        ],
                        [
                            -119.20680364917874,
                            40.79610499064291
                        ],
                        [
                            -119.2062729906395,
                            40.79622210161437
                        ]
                    ]
                ]
            },
            "properties": {
                "ref": "c",
                "name": "Cherryh",
                "type": "arc"
            }
        },
        {
            "type": "Feature",
            "geometry": {
                "type": "MultiLineString",
                "coordinates": [
                    [
                        [
                            -119.18978002892729,
                            40.78427633967311
                        ],
                        [
                            -119.18994713291275,
                            40.783842486062944
                        ],
                        [
                            -119.19013906885733,
                            40.78341456412949
                        ],
                        [
                            -119.19035547097884,
                            40.78299338832397
                        ],
                        [
                            -119.19059592695221,
                            40.7825797602426
                        ],
                        [
                            -119.19085997869719,
                            40.78217446710162
                        ],
                        [
                            -119.1911471232532,
                            40.78177828024002
                        ],
                        [
                            -119.19145681373914,
                            40.78139195365239
                        ],
                        [
                            -119.19178846039658,
                            40.78101622255497
                        ],
                        [
                            -119.19214143171425,
                            40.780651801987496
                        ],
                        [
                            -119.19251505563173,
                            40.78029938545347
                        ],
                        [
                            -119.19290862081999,
                            40.77995964360149
                        ],
                        [
                            -119.19332137803617,
                            40.77963322295017
                        ],
                        [
                            -119.19375254155054,
                            40.779320744658904
                        ],
                        [
                            -119.19420129064223,
                            40.77902280334705
                        ],
                        [
                            -119.19466677116128,
                            40.77873996596354
                        ],
                        [
                            -119.1951480971542,
                            40.77847277070913
                        ],
                        [
                            -119.19564435254946,
                            40.7782217260135
                        ],
                        [
                            -119.19615459290002,
                            40.77798730956877
                        ],
                        [
                            -119.19667784717967,
                            40.77776996742169
                        ],
                        [
                            -119.19721311962958,
                            40.77757011312587
                        ],
                        [
                            -119.19775939165147,
                            40.77738812695587
                        ],
                        [
                            -119.19831562374438,
                            40.777224355184536
                        ],
                        [
                            -119.19888075748031,
                            40.77707910942497
                        ],
                        [
                            -119.19945371751643,
                            40.77695266603835
                        ],
                        [
                            -119.20003341363851,
                            40.7768452656089
                        ],
                        [
                            -119.20061874283302,
                            40.776757112486635
                        ],
                        [
                            -119.20120859138308,
                            40.77668837439912
                        ],
                        [
                            -119.20180183698483,
                            40.7766391821328
                        ],
                        [
                            -119.20239735087986,
                            40.77660962928443
                        ],
                        [
                            -119.20299399999999,
                            40.776599772083316
                        ],
                        [
                            -119.20359064912013,
                            40.77660962928443
                        ],
                        [
                            -119.20418616301517,
                            40.7766391821328
                        ],
                        [
                            -119.20477940861691,
                            40.77668837439912
                        ],
                        [
                            -119.20536925716698,
                            40.776757112486635
                        ],
                        [
                            -119.20595458636149,
                            40.7768452656089
                        ],
                        [
                            -119.20653428248356,
                            40.77695266603835
                        ],
                        [
                            -119.20710724251968,
                            40.77707910942497
                        ],
                        [
                            -119.20767237625562,
                            40.777224355184536
                        ],
                        [
                            -119.20822860834852,
                            40.77738812695587
                        ],
                        [
                            -119.20877488037041,
                            40.77757011312587
                        ],
                        [
                            -119.20931015282032,
                            40.77776996742169
                        ],
                        [
                            -119.20983340709998,
                            40.77798730956877
                        ],
                        [
                            -119.21034364745053,
                            40.7782217260135
                        ],
                        [
                            -119.21083990284579,
                            40.77847277070913
                        ],
                        [
                            -119.21132122883871,
                            40.77873996596354
                        ],
                        [
                            -119.21178670935777,
                            40.77902280334705
                        ],
                        [
                            -119.21223545844946,
                            40.779320744658904
                        ],
                        [
                            -119.21266662196382,
                            40.77963322295017
                        ]
                    ],
                    [
                        [
                            -119.21266662196382,
                            40.77963322295017
                        ],
                        [
                            -119.21307937918,
                            40.77995964360149
                        ],
                        [
                            -119.21347294436826,
                            40.78029938545347
                        ],
                        [
                            -119.21384656828575,
                            40.780651801987496
                        ],
                        [
                            -119.21419953960341,
                            40.78101622255497
                        ],
                        [
                            -119.21453118626086,
                            40.78139195365239
                        ],
                        [
                            -119.21484087674679,
                            40.78177828024002
                        ],
                        [
                            -119.2151280213028,
                            40.78217446710162
                        ],
                        [
                            -119.21539207304778,
                            40.7825797602426
                        ],
                        [
                            -119.21563252902115,
                            40.78299338832397
                        ],
                        [
                            -119.21584893114266,
                            40.78341456412949
                        ],
                        [
                            -119.21604086708724,
                            40.783842486062944
                        ],
                        [
                            -119.2162079710727,
                            40.78427633967311
                        ],
                        [
                            -119.21634992455934,
                            40.78471529920308
                        ],
                        [
                            -119.21646645685959,
                            40.785158529161365
                        ],
                        [
                            -119.21655734565705,
                            40.78560518591159
                        ],
                        [
                            -119.21662241743319,
                            40.78605441927778
                        ],
                        [
                            -119.21666154780168,
                            40.78650537416232
                        ],
                        [
                            -119.21667466174908,
                            40.78695719217328
                        ],
                        [
                            -119.2166617337815,
                            40.78740901325828
                        ],
                        [
                            -119.21662278797743,
                            40.78785997734148
                        ],
                        [
                            -119.21655789794563,
                            40.788309225961
                        ],
                        [
                            -119.21646718668929,
                            40.78875590390311
                        ],
                        [
                            -119.21635082637567,
                            40.789199160830556
                        ],
                        [
                            -119.21620903801235,
                            40.78963815290171
                        ],
                        [
                            -119.2160420910301,
                            40.790072044377425
                        ],
                        [
                            -119.21585030277383,
                            40.79050000921262
                        ],
                        [
                            -119.21563403790165,
                            40.79092123262954
                        ],
                        [
                            -119.21539370769415,
                            40.79133491266966
                        ],
                        [
                            -119.21512976927438,
                            40.79174026172128
                        ],
                        [
                            -119.21484272474048,
                            40.792136508019894
                        ],
                        [
                            -119.2145331202123,
                            40.79252289711856
                        ],
                        [
                            -119.21420154479407,
                            40.792898693325284
                        ],
                        [
                            -119.21384862945489,
                            40.79326318110482
                        ],
                        [
                            -119.21347504582916,
                            40.79361566644216
                        ],
                        [
                            -119.2130815049393,
                            40.79395547816503
                        ],
                        [
                            -119.21266875584315,
                            40.79428196922309
                        ],
                        [
                            -119.21223758420874,
                            40.7945945179211
                        ],
                        [
                            -119.21178881081872,
                            40.79489252910385
                        ],
                        [
                            -119.2113232900079,
                            40.79517543529066
                        ],
                        [
                            -119.21084190803649,
                            40.79544269775714
                        ],
                        [
                            -119.21034558140201,
                            40.795693807562095
                        ],
                        [
                            -119.20983525509374,
                            40.79592828651786
                        ],
                        [
                            -119.20931190079197,
                            40.796145688101944
                        ],
                        [
                            -119.20877651501688,
                            40.796345598308406
                        ],
                        [
                            -119.2082301172291,
                            40.79652763643714
                        ],
                        [
                            -119.20767374788687,
                            40.7966914558199
                        ],
                        [
                            -119.20710846646263,
                            40.79683674448121
                        ],
                        [
                            -119.20653534942328,
                            40.79696322573338
                        ]
                    ]
                ]
            },
            "properties": {
                "ref": "d",
                "name": "Dick",
                "type": "arc"
            }
        },
        {
            "type": "Feature",
            "properties": {
                "ref": "e",
                "name": "Ellison",
                "type": "arc"
            },
            "geometry": {
                "type": "LineString",
                "coordinates": [
                    [
                        -119.18880125870999,
                        40.78407763820853
                    ],
                    [
                        -119.1889807470118,
                        40.78361164880118
                    ],
                    [
                        -119.18918690630629,
                        40.783152030654236
                    ],
                    [
                        -119.18941934367169,
                        40.782699658535655
                    ],
                    [
                        -119.18967761619874,
                        40.7822553934047
                    ],
                    [
                        -119.18996123183733,
                        40.78182008077422
                    ],
                    [
                        -119.19026965033632,
                        40.78139454910247
                    ],
                    [
                        -119.19060228427465,
                        40.78097960821751
                    ],
                    [
                        -119.1909585001821,
                        40.78057604777711
                    ],
                    [
                        -119.1913376197473,
                        40.78018463576721
                    ],
                    [
                        -119.19173892111067,
                        40.77980611704159
                    ],
                    [
                        -119.19216164023992,
                        40.7794412119057
                    ],
                    [
                        -119.19260497238552,
                        40.77909061474727
                    ],
                    [
                        -119.19306807361308,
                        40.778754992716216
                    ],
                    [
                        -119.19355006241003,
                        40.77843498445646
                    ],
                    [
                        -119.19405002136351,
                        40.778131198892
                    ],
                    [
                        -119.19456699890603,
                        40.77784421406953
                    ],
                    [
                        -119.19510001112585,
                        40.777574576059806
                    ],
                    [
                        -119.19564804363851,
                        40.7773227979199
                    ],
                    [
                        -119.19621005351595,
                        40.77708935871813
                    ],
                    [
                        -119.19678497126966,
                        40.776874702623736
                    ],
                    [
                        -119.19737170288404,
                        40.77667923806285
                    ],
                    [
                        -119.197969131896,
                        40.77650333694244
                    ],
                    [
                        -119.19857612151706,
                        40.77634733394364
                    ],
                    [
                        -119.19919151679403,
                        40.776211525885905
                    ],
                    [
                        -119.19981414680358,
                        40.77609617116303
                    ],
                    [
                        -119.2004428268774,
                        40.77600148925222
                    ],
                    [
                        -119.20107636085314,
                        40.77592766029716
                    ],
                    [
                        -119.20171354334693,
                        40.77587482476576
                    ],
                    [
                        -119.20235316204366,
                        40.77584308318327
                    ],
                    [
                        -119.20299399999999,
                        40.77583249594133
                    ],
                    [
                        -119.20363483795633,
                        40.77584308318327
                    ],
                    [
                        -119.20427445665307,
                        40.77587482476576
                    ],
                    [
                        -119.20491163914686,
                        40.77592766029716
                    ],
                    [
                        -119.20554517312259,
                        40.77600148925222
                    ],
                    [
                        -119.2061738531964,
                        40.77609617116303
                    ],
                    [
                        -119.20679648320596,
                        40.776211525885905
                    ],
                    [
                        -119.20741187848293,
                        40.77634733394364
                    ],
                    [
                        -119.20801886810399,
                        40.77650333694244
                    ],
                    [
                        -119.20861629711595,
                        40.77667923806285
                    ],
                    [
                        -119.20920302873033,
                        40.776874702623736
                    ],
                    [
                        -119.20977794648404,
                        40.77708935871813
                    ],
                    [
                        -119.21033995636148,
                        40.7773227979199
                    ],
                    [
                        -119.21088798887415,
                        40.777574576059806
                    ],
                    [
                        -119.21142100109397,
                        40.77784421406953
                    ],
                    [
                        -119.21193797863648,
                        40.778131198892
                    ],
                    [
                        -119.21243793758997,
                        40.77843498445646
                    ],
                    [
                        -119.21291992638692,
                        40.778754992716216
                    ],
                    [
                        -119.21338302761447,
                        40.77909061474727
                    ],
                    [
                        -119.21382635976008,
                        40.7794412119057
                    ],
                    [
                        -119.21424907888932,
                        40.77980611704159
                    ],
                    [
                        -119.21465038025269,
                        40.78018463576721
                    ],
                    [
                        -119.21502949981789,
                        40.78057604777711
                    ],
                    [
                        -119.21538571572535,
                        40.78097960821751
                    ],
                    [
                        -119.21571834966367,
                        40.78139454910247
                    ],
                    [
                        -119.21602676816265,
                        40.78182008077422
                    ],
                    [
                        -119.21631038380126,
                        40.7822553934047
                    ],
                    [
                        -119.2165686563283,
                        40.782699658535655
                    ],
                    [
                        -119.2168010936937,
                        40.783152030654236
                    ],
                    [
                        -119.2170072529882,
                        40.78361164880118
                    ],
                    [
                        -119.21718674129,
                        40.78407763820853
                    ],
                    [
                        -119.21733921641633,
                        40.78454911196367
                    ],
                    [
                        -119.21746438757884,
                        40.78502517269673
                    ],
                    [
                        -119.21756201594111,
                        40.78550491428792
                    ],
                    [
                        -119.2176319150777,
                        40.78598742359171
                    ],
                    [
                        -119.2176739513335,
                        40.78647178217455
                    ],
                    [
                        -119.21768804408255,
                        40.786957068062726
                    ],
                    [
                        -119.21767416588636,
                        40.78744235749721
                    ],
                    [
                        -119.21763234255056,
                        40.787926726691964
                    ],
                    [
                        -119.2175626530806,
                        40.788409253592526
                    ],
                    [
                        -119.21746522953599,
                        40.788889019631426
                    ],
                    [
                        -119.21734025678333,
                        40.78936511147705
                    ],
                    [
                        -119.21718797214902,
                        40.789836622772846
                    ],
                    [
                        -119.21700866497166,
                        40.79030265586323
                    ],
                    [
                        -119.21680267605556,
                        40.790762323503124
                    ],
                    [
                        -119.21657039702586,
                        40.791214750547894
                    ],
                    [
                        -119.2163122695867,
                        40.79165907562028
                    ],
                    [
                        -119.21602878468404,
                        40.792094452751236
                    ],
                    [
                        -119.21572048157405,
                        40.7925200529916
                    ],
                    [
                        -119.21538794679962,
                        40.792935065991486
                    ],
                    [
                        -119.21503181307622,
                        40.79333870154427
                    ],
                    [
                        -119.2146527580898,
                        40.79373019109237
                    ],
                    [
                        -119.21425150320843,
                        40.79410878919191
                    ],
                    [
                        -119.21382881211063,
                        40.794473774933316
                    ],
                    [
                        -119.21338548933261,
                        40.79482445331543
                    ],
                    [
                        -119.21292237873749,
                        40.79516015657017
                    ],
                    [
                        -119.2124403619091,
                        40.79548024543544
                    ],
                    [
                        -119.21194035647365,
                        40.79578411037381
                    ],
                    [
                        -119.21142331435237,
                        40.79607117273449
                    ],
                    [
                        -119.21089021994851,
                        40.7963408858566
                    ],
                    [
                        -119.21034208827199,
                        40.79659273611144
                    ],
                    [
                        -119.20977996300556,
                        40.79682624388184
                    ],
                    [
                        -119.20920491451588,
                        40.7970409644767
                    ],
                    [
                        -119.20861803781361,
                        40.797236488979024
                    ],
                    [
                        -119.20802045046598,
                        40.79741244502564
                    ],
                    [
                        -119.20741329046649,
                        40.79756849751739
                    ],
                    [
                        -119.20679771406508,
                        40.79770434925816
                    ]
                ]
            }
        },
        {
            "type": "Feature",
            "properties": {
                "ref": "f",
                "name": "Farmer",
                "type": "arc"
            },
            "geometry": {
                "type": "LineString",
                "coordinates": [
                    [
                        -119.18712338053481,
                        40.78373698788687
                    ],
                    [
                        -119.18732410109624,
                        40.783215909025365
                    ],
                    [
                        -119.18755464516035,
                        40.78270195506054
                    ],
                    [
                        -119.18781457326587,
                        40.7821961041563
                    ],
                    [
                        -119.18810339006039,
                        40.781699319032526
                    ],
                    [
                        -119.18842054524751,
                        40.78121254513402
                    ],
                    [
                        -119.18876543463834,
                        40.78073670883237
                    ],
                    [
                        -119.18913740130508,
                        40.78027271566437
                    ],
                    [
                        -119.18953573683474,
                        40.77982144861007
                    ],
                    [
                        -119.18995968268021,
                        40.77938376641398
                    ],
                    [
                        -119.19040843160664,
                        40.77896050195242
                    ],
                    [
                        -119.19088112922944,
                        40.77855246065019
                    ],
                    [
                        -119.19137687564229,
                        40.77816041894959
                    ],
                    [
                        -119.19189472713063,
                        40.77778512283457
                    ],
                    [
                        -119.19243369796853,
                        40.777427286412895
                    ],
                    [
                        -119.1929927622946,
                        40.77708759055908
                    ],
                    [
                        -119.19357085606427,
                        40.77676668162039
                    ],
                    [
                        -119.19416687907373,
                        40.776465170188736
                    ],
                    [
                        -119.19477969705271,
                        40.77618362994038
                    ],
                    [
                        -119.19540814382117,
                        40.77592259654603
                    ],
                    [
                        -119.19605102350667,
                        40.77568256665311
                    ],
                    [
                        -119.19670711281755,
                        40.77546399694214
                    ],
                    [
                        -119.1973751633681,
                        40.77526730325929
                    ],
                    [
                        -119.19805390405081,
                        40.775092859826295
                    ],
                    [
                        -119.19874204345193,
                        40.774940998529694
                    ],
                    [
                        -119.19943827230485,
                        40.774812008290326
                    ],
                    [
                        -119.20014126597776,
                        40.77470613451462
                    ],
                    [
                        -119.20084968698976,
                        40.774623578628386
                    ],
                    [
                        -119.20156218755152,
                        40.77456449769428
                    ],
                    [
                        -119.20227741212543,
                        40.77452900411349
                    ],
                    [
                        -119.20299399999999,
                        40.77451716541223
                    ],
                    [
                        -119.20371058787457,
                        40.77452900411349
                    ],
                    [
                        -119.20442581244848,
                        40.77456449769428
                    ],
                    [
                        -119.20513831301024,
                        40.774623578628386
                    ],
                    [
                        -119.20584673402223,
                        40.77470613451462
                    ],
                    [
                        -119.20654972769515,
                        40.774812008290326
                    ],
                    [
                        -119.20724595654806,
                        40.774940998529694
                    ],
                    [
                        -119.20793409594918,
                        40.775092859826295
                    ],
                    [
                        -119.2086128366319,
                        40.77526730325929
                    ],
                    [
                        -119.20928088718244,
                        40.77546399694214
                    ],
                    [
                        -119.20993697649332,
                        40.77568256665311
                    ],
                    [
                        -119.21057985617882,
                        40.77592259654603
                    ],
                    [
                        -119.21120830294728,
                        40.77618362994038
                    ],
                    [
                        -119.21182112092626,
                        40.776465170188736
                    ],
                    [
                        -119.21241714393572,
                        40.77676668162039
                    ],
                    [
                        -119.2129952377054,
                        40.77708759055908
                    ],
                    [
                        -119.21355430203147,
                        40.777427286412895
                    ],
                    [
                        -119.21409327286936,
                        40.77778512283457
                    ],
                    [
                        -119.2146111243577,
                        40.77816041894959
                    ],
                    [
                        -119.21510687077055,
                        40.77855246065019
                    ],
                    [
                        -119.21557956839335,
                        40.77896050195242
                    ],
                    [
                        -119.21602831731978,
                        40.77938376641398
                    ],
                    [
                        -119.21645226316525,
                        40.77982144861007
                    ],
                    [
                        -119.21685059869492,
                        40.78027271566437
                    ],
                    [
                        -119.21722256536165,
                        40.78073670883237
                    ],
                    [
                        -119.21756745475248,
                        40.78121254513402
                    ],
                    [
                        -119.21788460993959,
                        40.781699319032526
                    ],
                    [
                        -119.21817342673413,
                        40.7821961041563
                    ],
                    [
                        -119.21843335483965,
                        40.78270195506054
                    ],
                    [
                        -119.21866389890376,
                        40.783215909025365
                    ],
                    [
                        -119.21886461946518,
                        40.78373698788687
                    ],
                    [
                        -119.21903513379506,
                        40.784264199897805
                    ],
                    [
                        -119.21917511663031,
                        40.78479654161419
                    ],
                    [
                        -119.219284300798,
                        40.785332999804474
                    ],
                    [
                        -119.21936247772922,
                        40.785872553377374
                    ],
                    [
                        -119.2194094978618,
                        40.78641417532493
                    ],
                    [
                        -119.21942527093067,
                        40.786956834677
                    ],
                    [
                        -119.21940976614532,
                        40.78749949846348
                    ],
                    [
                        -119.2193630122544,
                        40.788041133680494
                    ],
                    [
                        -119.21928509749681,
                        40.78858070925694
                    ],
                    [
                        -119.21917616943941,
                        40.78911719801738
                    ],
                    [
                        -119.21903643470192,
                        40.78964957863788
                    ],
                    [
                        -119.21886615856911,
                        40.7901768375908
                    ],
                    [
                        -119.21866566449125,
                        40.7906979710749
                    ],
                    [
                        -119.21843533347354,
                        40.79121198692723
                    ],
                    [
                        -119.2181756033558,
                        40.79171790651288
                    ],
                    [
                        -119.21788696798367,
                        40.79221476658926
                    ],
                    [
                        -119.21756997627281,
                        40.792701621141134
                    ],
                    [
                        -119.21722523116794,
                        40.79317754318309
                    ],
                    [
                        -119.21685338849876,
                        40.79364162652581
                    ],
                    [
                        -119.21645515573458,
                        40.79409298750294
                    ],
                    [
                        -119.21603129064036,
                        40.79453076665519
                    ],
                    [
                        -119.21558259983645,
                        40.79495413036832
                    ],
                    [
                        -119.21510993726505,
                        40.795362272462164
                    ],
                    [
                        -119.21461420256576,
                        40.79575441572736
                    ],
                    [
                        -119.21409633936389,
                        40.79612981340697
                    ],
                    [
                        -119.21355733347465,
                        40.796487750620265
                    ],
                    [
                        -119.21299821102608,
                        40.796827545725655
                    ],
                    [
                        -119.21242003650515,
                        40.7971485516205
                    ],
                    [
                        -119.21182391073023,
                        40.797450156975
                    ],
                    [
                        -119.21121096875372,
                        40.797731787398085
                    ],
                    [
                        -119.21058237769931,
                        40.797992906532734
                    ],
                    [
                        -119.2099393345376,
                        40.79823301707904
                    ],
                    [
                        -119.20928306380429,
                        40.79845166174262
                    ],
                    [
                        -119.20861481526596,
                        40.79864842410689
                    ],
                    [
                        -119.20793586153684,
                        40.798822929427395
                    ],
                    [
                        -119.20724749565217,
                        40.798974845346606
                    ]
                ]
            }
        },
        {
            "type": "Feature",
            "properties": {
                "ref": "g",
                "name": "Gibson",
                "type": "arc"
            },
            "geometry": {
                "type": "LineString",
                "coordinates": [
                    [
                        -119.18612714851218,
                        40.78353471525998
                    ],
                    [
                        -119.18634047692485,
                        40.78298092732427
                    ],
                    [
                        -119.18658550057185,
                        40.78243471179518
                    ],
                    [
                        -119.18686175235054,
                        40.78189710822544
                    ],
                    [
                        -119.18716870576243,
                        40.78136913975255
                    ],
                    [
                        -119.1875057759201,
                        40.78085181115287
                    ],
                    [
                        -119.18787232066505,
                        40.78034610693081
                    ],
                    [
                        -119.18826764179408,
                        40.77985298944675
                    ],
                    [
                        -119.18869098639196,
                        40.77937339708723
                    ],
                    [
                        -119.18914154826756,
                        40.77890824248085
                    ],
                    [
                        -119.18961846949102,
                        40.77845841076344
                    ],
                    [
                        -119.19012084202893,
                        40.77802475789544
                    ],
                    [
                        -119.19064770947418,
                        40.77760810903496
                    ],
                    [
                        -119.1911980688673,
                        40.77720925696956
                    ],
                    [
                        -119.19177087260609,
                        40.77682896060964
                    ],
                    [
                        -119.19236503043936,
                        40.77646794354622
                    ],
                    [
                        -119.19297941154153,
                        40.77612689267609
                    ],
                    [
                        -119.19361284666373,
                        40.77580645689663
                    ],
                    [
                        -119.19426413035751,
                        40.77550724587304
                    ],
                    [
                        -119.19493202326703,
                        40.775229828880065
                    ],
                    [
                        -119.19561525448519,
                        40.77497473372056
                    ],
                    [
                        -119.1963125239693,
                        40.77474244572289
                    ],
                    [
                        -119.1970225050118,
                        40.77453340681908
                    ],
                    [
                        -119.19774384676126,
                        40.77434801470536
                    ],
                    [
                        -119.19847517678899,
                        40.77418662208685
                    ],
                    [
                        -119.19921510369625,
                        40.77404953600766
                    ],
                    [
                        -119.19996221975741,
                        40.77393701726777
                    ],
                    [
                        -119.20071510359368,
                        40.7738492799277
                    ],
                    [
                        -119.2014723228728,
                        40.77378649090203
                    ],
                    [
                        -119.20223243702924,
                        40.773748769642374
                    ],
                    [
                        -119.20299399999999,
                        40.77373618791057
                    ],
                    [
                        -119.20375556297076,
                        40.773748769642374
                    ],
                    [
                        -119.20451567712719,
                        40.77378649090203
                    ],
                    [
                        -119.20527289640631,
                        40.7738492799277
                    ],
                    [
                        -119.20602578024258,
                        40.77393701726777
                    ],
                    [
                        -119.20677289630375,
                        40.77404953600766
                    ],
                    [
                        -119.207512823211,
                        40.77418662208685
                    ],
                    [
                        -119.20824415323874,
                        40.77434801470536
                    ],
                    [
                        -119.20896549498819,
                        40.77453340681908
                    ],
                    [
                        -119.2096754760307,
                        40.77474244572289
                    ],
                    [
                        -119.2103727455148,
                        40.77497473372056
                    ],
                    [
                        -119.21105597673296,
                        40.775229828880065
                    ],
                    [
                        -119.21172386964248,
                        40.77550724587304
                    ],
                    [
                        -119.21237515333627,
                        40.77580645689663
                    ],
                    [
                        -119.21300858845846,
                        40.77612689267609
                    ],
                    [
                        -119.21362296956063,
                        40.77646794354622
                    ],
                    [
                        -119.21421712739391,
                        40.77682896060964
                    ],
                    [
                        -119.2147899311327,
                        40.77720925696956
                    ],
                    [
                        -119.21534029052582,
                        40.77760810903496
                    ],
                    [
                        -119.21586715797106,
                        40.77802475789544
                    ],
                    [
                        -119.21636953050897,
                        40.77845841076344
                    ],
                    [
                        -119.21684645173244,
                        40.77890824248085
                    ],
                    [
                        -119.21729701360803,
                        40.77937339708723
                    ],
                    [
                        -119.21772035820591,
                        40.77985298944675
                    ],
                    [
                        -119.21811567933494,
                        40.78034610693081
                    ],
                    [
                        -119.21848222407989,
                        40.78085181115287
                    ],
                    [
                        -119.21881929423756,
                        40.78136913975255
                    ],
                    [
                        -119.21912624764946,
                        40.78189710822544
                    ],
                    [
                        -119.21940249942814,
                        40.78243471179518
                    ],
                    [
                        -119.21964752307514,
                        40.78298092732427
                    ],
                    [
                        -119.21986085148781,
                        40.78353471525998
                    ],
                    [
                        -119.22004207785392,
                        40.784095021611655
                    ],
                    [
                        -119.22019085643147,
                        40.784660779955765
                    ],
                    [
                        -119.2203069032127,
                        40.78523091346468
                    ],
                    [
                        -119.22038999647076,
                        40.78580433695558
                    ],
                    [
                        -119.22043997718815,
                        40.78637995895532
                    ],
                    [
                        -119.22045674936571,
                        40.7869566837777
                    ],
                    [
                        -119.22044028021206,
                        40.78753341360869
                    ],
                    [
                        -119.22039060021237,
                        40.788109050596184
                    ],
                    [
                        -119.22030780307716,
                        40.7886824989399
                    ],
                    [
                        -119.22019204557029,
                        40.78925266697754
                    ],
                    [
                        -119.22004354721703,
                        40.7898184692635
                    ],
                    [
                        -119.21986258989247,
                        40.79037882863575
                    ],
                    [
                        -119.21964951729103,
                        40.79093267826721
                    ],
                    [
                        -119.21940473427811,
                        40.791478963697706
                    ],
                    [
                        -119.21912870612492,
                        40.79201664484251
                    ],
                    [
                        -119.21882195762805,
                        40.79254469797372
                    ],
                    [
                        -119.21848507211539,
                        40.79306211767069
                    ],
                    [
                        -119.2181186903402,
                        40.79356791873568
                    ],
                    [
                        -119.21772350926534,
                        40.79406113807131
                    ],
                    [
                        -119.21730028074018,
                        40.79454083651588
                    ],
                    [
                        -119.21684981007249,
                        40.79500610063339
                    ],
                    [
                        -119.21637295449788,
                        40.79545604445458
                    ],
                    [
                        -119.21587062155022,
                        40.795889811165864
                    ],
                    [
                        -119.21534376733533,
                        40.79630657474268
                    ],
                    [
                        -119.2147933947119,
                        40.7967055415244
                    ],
                    [
                        -119.21422055138292,
                        40.7970859517276
                    ],
                    [
                        -119.21362632790078,
                        40.79744708089481
                    ],
                    [
                        -119.21301185559078,
                        40.797788241276095
                    ],
                    [
                        -119.21237830439588,
                        40.7981087831406
                    ],
                    [
                        -119.21172688064796,
                        40.798408096015756
                    ],
                    [
                        -119.2110588247687,
                        40.79868560985169
                    ],
                    [
                        -119.21037540890552,
                        40.79894079610848
                    ],
                    [
                        -119.20967793450639,
                        40.79917316876449
                    ],
                    [
                        -119.20896772983838,
                        40.79938228524336
                    ],
                    [
                        -119.20824614745484,
                        40.79956774725851
                    ],
                    [
                        -119.20751456161587,
                        40.79972920157278
                    ]
                ]
            }
        },
        {
            "type": "Feature",
            "properties": {
                "ref": "h",
                "name": "Herbert",
                "type": "arc"
            },
            "geometry": {
                "type": "LineString",
                "coordinates": [
                    [
                        -119.18516587775167,
                        40.78333953179655
                    ],
                    [
                        -119.18539137248034,
                        40.78275418267776
                    ],
                    [
                        -119.18565036844993,
                        40.78217683780053
                    ],
                    [
                        -119.18594237188027,
                        40.781608595950665
                    ],
                    [
                        -119.18626682621402,
                        40.781050538561416
                    ],
                    [
                        -119.18662311318131,
                        40.78050372765678
                    ],
                    [
                        -119.18701055398164,
                        40.779969203831904
                    ],
                    [
                        -119.18742841058062,
                        40.77944798427453
                    ],
                    [
                        -119.18787588711872,
                        40.77894106083102
                    ],
                    [
                        -119.18835213142954,
                        40.77844939812079
                    ],
                    [
                        -119.18885623666489,
                        40.77797393170269
                    ],
                    [
                        -119.18938724302316,
                        40.777515566296785
                    ],
                    [
                        -119.18994413957793,
                        40.777075174064855
                    ],
                    [
                        -119.19052586620336,
                        40.776653592952975
                    ],
                    [
                        -119.19113131559236,
                        40.77625162509918
                    ],
                    [
                        -119.19175933536428,
                        40.775870035309396
                    ],
                    [
                        -119.19240873025736,
                        40.77550954960426
                    ],
                    [
                        -119.19307826440256,
                        40.77517085383989
                    ],
                    [
                        -119.19376666367373,
                        40.77485459240494
                    ],
                    [
                        -119.19447261811028,
                        40.774561366996544
                    ],
                    [
                        -119.19519478440738,
                        40.7742917354774
                    ],
                    [
                        -119.1959317884689,
                        40.77404621081623
                    ],
                    [
                        -119.1966822280188,
                        40.77382526011349
                    ],
                    [
                        -119.19744467526536,
                        40.773629303714294
                    ],
                    [
                        -119.19821767961363,
                        40.77345871441013
                    ],
                    [
                        -119.198999770421,
                        40.77331381673089
                    ],
                    [
                        -119.19978945979032,
                        40.77319488632867
                    ],
                    [
                        -119.20058524539579,
                        40.773102149454274
                    ],
                    [
                        -119.20138561333584,
                        40.77303578252765
                    ],
                    [
                        -119.20218904100801,
                        40.77299591180282
                    ],
                    [
                        -119.20299399999999,
                        40.77298261312827
                    ],
                    [
                        -119.20379895899198,
                        40.77299591180282
                    ],
                    [
                        -119.20460238666415,
                        40.77303578252765
                    ],
                    [
                        -119.20540275460421,
                        40.773102149454274
                    ],
                    [
                        -119.20619854020967,
                        40.77319488632867
                    ],
                    [
                        -119.20698822957898,
                        40.77331381673089
                    ],
                    [
                        -119.20777032038636,
                        40.77345871441013
                    ],
                    [
                        -119.20854332473463,
                        40.773629303714294
                    ],
                    [
                        -119.20930577198119,
                        40.77382526011349
                    ],
                    [
                        -119.2100562115311,
                        40.77404621081623
                    ],
                    [
                        -119.21079321559262,
                        40.7742917354774
                    ],
                    [
                        -119.21151538188971,
                        40.774561366996544
                    ],
                    [
                        -119.21222133632627,
                        40.77485459240494
                    ],
                    [
                        -119.21290973559744,
                        40.77517085383989
                    ],
                    [
                        -119.21357926974264,
                        40.77550954960426
                    ],
                    [
                        -119.21422866463571,
                        40.775870035309396
                    ],
                    [
                        -119.21485668440764,
                        40.77625162509918
                    ],
                    [
                        -119.21546213379663,
                        40.776653592952975
                    ],
                    [
                        -119.21604386042206,
                        40.777075174064855
                    ],
                    [
                        -119.21660075697683,
                        40.777515566296785
                    ],
                    [
                        -119.2171317633351,
                        40.77797393170269
                    ],
                    [
                        -119.21763586857045,
                        40.77844939812079
                    ],
                    [
                        -119.21811211288127,
                        40.77894106083102
                    ],
                    [
                        -119.21855958941937,
                        40.77944798427453
                    ],
                    [
                        -119.21897744601836,
                        40.779969203831904
                    ],
                    [
                        -119.21936488681868,
                        40.78050372765678
                    ],
                    [
                        -119.21972117378597,
                        40.781050538561416
                    ],
                    [
                        -119.22004562811972,
                        40.781608595950665
                    ],
                    [
                        -119.22033763155007,
                        40.78217683780053
                    ],
                    [
                        -119.22059662751965,
                        40.78275418267776
                    ],
                    [
                        -119.22082212224832,
                        40.78333953179655
                    ],
                    [
                        -119.2210136856791,
                        40.78393177110842
                    ],
                    [
                        -119.22117095230278,
                        40.784529773421376
                    ],
                    [
                        -119.22129362186054,
                        40.78513240054429
                    ],
                    [
                        -119.2213814599219,
                        40.78573850545248
                    ],
                    [
                        -119.22143429833838,
                        40.78634693447025
                    ],
                    [
                        -119.22145203557041,
                        40.78695652946637
                    ],
                    [
                        -119.22143463688819,
                        40.78756613005831
                    ],
                    [
                        -119.22138213444498,
                        40.78817457582097
                    ],
                    [
                        -119.22129462722334,
                        40.78878070849566
                    ],
                    [
                        -119.2211722808539,
                        40.78938337419539
                    ],
                    [
                        -119.22101532730743,
                        40.78998142560185
                    ],
                    [
                        -119.22082406446013,
                        40.79057372415031
                    ],
                    [
                        -119.2205988555335,
                        40.79115914219795
                    ],
                    [
                        -119.22034012840946,
                        40.79173656517169
                    ],
                    [
                        -119.22004837482201,
                        40.792304893691366
                    ],
                    [
                        -119.21972414942714,
                        40.79286304566411
                    ],
                    [
                        -119.2193680687523,
                        40.7934099583461
                    ],
                    [
                        -119.21898081002797,
                        40.793944590367595
                    ],
                    [
                        -119.21856310990285,
                        40.794465923717404
                    ],
                    [
                        -119.21811576304562,
                        40.79497296568316
                    ],
                    [
                        -119.2176396206357,
                        40.7954647507434
                    ],
                    [
                        -119.21713558874579,
                        40.795940342408116
                    ],
                    [
                        -119.21660462661927,
                        40.796398835004055
                    ],
                    [
                        -119.21604774484591,
                        40.79683935540143
                    ],
                    [
                        -119.21546600343912,
                        40.79726106467877
                    ],
                    [
                        -119.21486050981841,
                        40.797663159722596
                    ],
                    [
                        -119.21423241670111,
                        40.79804487475901
                    ],
                    [
                        -119.21358291990715,
                        40.79840548281417
                    ],
                    [
                        -119.21291325608115,
                        40.79874429710078
                    ],
                    [
                        -119.21222470033614,
                        40.79906067232818
                    ],
                    [
                        -119.21151856382357,
                        40.79935400593321
                    ],
                    [
                        -119.21079619123407,
                        40.79962373922972
                    ],
                    [
                        -119.21005895823369,
                        40.7998693584744
                    ],
                    [
                        -119.20930826884086,
                        40.80009039584696
                    ],
                    [
                        -119.20854555274879,
                        40.80028643034267
                    ],
                    [
                        -119.20777226259844,
                        40.8004570885757
                    ]
                ]
            }
        },
        {
            "type": "Feature",
            "properties": {
                "ref": "i",
                "name": "Ishiguro",
                "type": "arc"
            },
            "geometry": {
                "type": "LineString",
                "coordinates": [
                    [
                        -119.184187135146,
                        40.78314079134748
                    ],
                    [
                        -119.18442501824957,
                        40.782523307412085
                    ],
                    [
                        -119.18469824138641,
                        40.781914267432086
                    ],
                    [
                        -119.1850062836077,
                        40.78131483050157
                    ],
                    [
                        -119.18534855774504,
                        40.78072613740747
                    ],
                    [
                        -119.18572441153388,
                        40.780149308460125
                    ],
                    [
                        -119.186133128861,
                        40.779585441362975
                    ],
                    [
                        -119.1865739311324,
                        40.7790356091255
                    ],
                    [
                        -119.18704597875984,
                        40.7785008580233
                    ],
                    [
                        -119.1875483727629,
                        40.77798220560915
                    ],
                    [
                        -119.1880801564833,
                        40.777480638779004
                    ],
                    [
                        -119.18864031740827,
                        40.776997111896215
                    ],
                    [
                        -119.18922778909997,
                        40.776532544977925
                    ],
                    [
                        -119.18984145322634,
                        40.77608782194689
                    ],
                    [
                        -119.1904801416903,
                        40.77566378895187
                    ],
                    [
                        -119.19114263885304,
                        40.77526125276011
                    ],
                    [
                        -119.19182768384678,
                        40.77488097922465
                    ],
                    [
                        -119.19253397297334,
                        40.774523691829486
                    ],
                    [
                        -119.19326016218315,
                        40.77419007031542
                    ],
                    [
                        -119.19400486963072,
                        40.773880749388844
                    ],
                    [
                        -119.19476667830124,
                        40.77359631751644
                    ],
                    [
                        -119.19554413870345,
                        40.773337315807495
                    ],
                    [
                        -119.19633577162406,
                        40.773104236986384
                    ],
                    [
                        -119.19714007093779,
                        40.77289752445691
                    ],
                    [
                        -119.19795550646839,
                        40.772717571460355
                    ],
                    [
                        -119.19878052689499,
                        40.77256472032878
                    ],
                    [
                        -119.19961356269818,
                        40.77243926183508
                    ],
                    [
                        -119.20045302914036,
                        40.77234143464088
                    ],
                    [
                        -119.20129732927505,
                        40.77227142484341
                    ],
                    [
                        -119.20214485697862,
                        40.772229365622216
                    ],
                    [
                        -119.20299399999999,
                        40.7722153369863
                    ],
                    [
                        -119.20384314302137,
                        40.772229365622216
                    ],
                    [
                        -119.20469067072494,
                        40.77227142484341
                    ],
                    [
                        -119.20553497085962,
                        40.77234143464088
                    ],
                    [
                        -119.20637443730182,
                        40.77243926183508
                    ],
                    [
                        -119.207207473105,
                        40.77256472032878
                    ],
                    [
                        -119.2080324935316,
                        40.772717571460355
                    ],
                    [
                        -119.2088479290622,
                        40.77289752445691
                    ],
                    [
                        -119.20965222837593,
                        40.773104236986384
                    ],
                    [
                        -119.21044386129654,
                        40.773337315807495
                    ],
                    [
                        -119.21122132169876,
                        40.77359631751644
                    ],
                    [
                        -119.21198313036928,
                        40.773880749388844
                    ],
                    [
                        -119.21272783781684,
                        40.77419007031542
                    ],
                    [
                        -119.21345402702666,
                        40.774523691829486
                    ],
                    [
                        -119.21416031615321,
                        40.77488097922465
                    ],
                    [
                        -119.21484536114696,
                        40.77526125276011
                    ],
                    [
                        -119.21550785830969,
                        40.77566378895187
                    ],
                    [
                        -119.21614654677364,
                        40.77608782194689
                    ],
                    [
                        -119.2167602109,
                        40.776532544977925
                    ],
                    [
                        -119.21734768259172,
                        40.776997111896215
                    ],
                    [
                        -119.2179078435167,
                        40.777480638779004
                    ],
                    [
                        -119.21843962723709,
                        40.77798220560915
                    ],
                    [
                        -119.21894202124015,
                        40.7785008580233
                    ],
                    [
                        -119.2194140688676,
                        40.7790356091255
                    ],
                    [
                        -119.21985487113899,
                        40.779585441362975
                    ],
                    [
                        -119.22026358846611,
                        40.780149308460125
                    ],
                    [
                        -119.22063944225495,
                        40.78072613740747
                    ],
                    [
                        -119.22098171639229,
                        40.78131483050157
                    ],
                    [
                        -119.22128975861358,
                        40.781914267432086
                    ],
                    [
                        -119.22156298175042,
                        40.782523307412085
                    ],
                    [
                        -119.22180086485399,
                        40.78314079134748
                    ],
                    [
                        -119.22200295419341,
                        40.78376554404157
                    ],
                    [
                        -119.22216886412622,
                        40.78439637643038
                    ],
                    [
                        -119.22229827783966,
                        40.78503208784472
                    ],
                    [
                        -119.22239094796157,
                        40.785671468294524
                    ],
                    [
                        -119.22244669703878,
                        40.78631330077116
                    ],
                    [
                        -119.22246541788301,
                        40.78695636356349
                    ],
                    [
                        -119.22244707378314,
                        40.78759943258295
                    ],
                    [
                        -119.2223916985831,
                        40.788241283693615
                    ],
                    [
                        -119.22229939662564,
                        40.78888069504249
                    ],
                    [
                        -119.222170342562,
                        40.78951644938579
                    ],
                    [
                        -119.22200478102724,
                        40.790147336406754
                    ],
                    [
                        -119.22180302618254,
                        40.7907721550204
                    ],
                    [
                        -119.22156546112467,
                        40.79138971566107
                    ],
                    [
                        -119.22129253716402,
                        40.79199884254828
                    ],
                    [
                        -119.22098477297243,
                        40.792598375926524
                    ],
                    [
                        -119.22064275360245,
                        40.79318717427486
                    ],
                    [
                        -119.22026712937955,
                        40.79376411648189
                    ],
                    [
                        -119.21985861466995,
                        40.794328103982195
                    ],
                    [
                        -119.2194179865255,
                        40.79487806284997
                    ],
                    [
                        -119.21894608320926,
                        40.79541294584587
                    ],
                    [
                        -119.21844380260337,
                        40.79593173441332
                    ],
                    [
                        -119.21791210050314,
                        40.796433440620184
                    ],
                    [
                        -119.21735198880005,
                        40.796917109042354
                    ],
                    [
                        -119.21676453355738,
                        40.79738181858548
                    ],
                    [
                        -119.21615085298205,
                        40.79782668424135
                    ],
                    [
                        -119.21551211529624,
                        40.79825085877576
                    ],
                    [
                        -119.21484953651344,
                        40.79865353434423
                    ],
                    [
                        -119.21416437812255,
                        40.79903394403302
                    ],
                    [
                        -119.21345794468483,
                        40.799391363321874
                    ],
                    [
                        -119.2127315813481,
                        40.79972511146626
                    ],
                    [
                        -119.21198667128307,
                        40.800034552796
                    ],
                    [
                        -119.21122463304661,
                        40.8003190979281
                    ],
                    [
                        -119.21044691787706,
                        40.8005782048913
                    ],
                    [
                        -119.20965500692668,
                        40.80081138016017
                    ],
                    [
                        -119.20885040843677,
                        40.801018179596866
                    ],
                    [
                        -119.20803465486044,
                        40.801198209298704
                    ]
                ]
            }
        },
        {
            "type": "Feature",
            "properties": {
                "ref": "j",
                "name": "Jemisin",
                "type": "arc"
            },
            "geometry": {
                "type": "LineString",
                "coordinates": [
                    [
                        -119.183557946564,
                        40.783013025263614
                    ],
                    [
                        -119.18380379407745,
                        40.782374883341674
                    ],
                    [
                        -119.18408616367792,
                        40.78174546806291
                    ],
                    [
                        -119.18440451694782,
                        40.78112597729003
                    ],
                    [
                        -119.1847582470371,
                        40.78051758996488
                    ],
                    [
                        -119.1851466798249,
                        40.779921463866444
                    ],
                    [
                        -119.18556907520856,
                        40.77933873340939
                    ],
                    [
                        -119.18602462851796,
                        40.77877050748729
                    ],
                    [
                        -119.18651247205169,
                        40.77821786736458
                    ],
                    [
                        -119.18703167673296,
                        40.77768186462123
                    ],
                    [
                        -119.18758125388149,
                        40.77716351915409
                    ],
                    [
                        -119.18816015709797,
                        40.77666381723855
                    ],
                    [
                        -119.18876728425803,
                        40.77618370965441
                    ],
                    [
                        -119.18940147961118,
                        40.77572410987927
                    ],
                    [
                        -119.19006153598127,
                        40.77528589235296
                    ],
                    [
                        -119.19074619706403,
                        40.77486989081633
                    ],
                    [
                        -119.19145415981731,
                        40.77447689672743
                    ],
                    [
                        -119.19218407693971,
                        40.77410765775817
                    ],
                    [
                        -119.19293455943243,
                        40.77376287637424
                    ],
                    [
                        -119.19370417924021,
                        40.773443208500936
                    ],
                    [
                        -119.19449147196539,
                        40.77314926227759
                    ],
                    [
                        -119.19529493965102,
                        40.77288159690264
                    ],
                    [
                        -119.19611305362682,
                        40.77264072157185
                    ],
                    [
                        -119.19694425741322,
                        40.77242709451139
                    ],
                    [
                        -119.1977869696779,
                        40.772241122107914
                    ],
                    [
                        -119.19863958723884,
                        40.7720831581369
                    ],
                    [
                        -119.19950048810873,
                        40.77195350309104
                    ],
                    [
                        -119.2003680345749,
                        40.77185240360972
                    ],
                    [
                        -119.20124057630855,
                        40.77178005201087
                    ],
                    [
                        -119.20211645349808,
                        40.77173658592579
                    ],
                    [
                        -119.20299399999999,
                        40.77172208803788
                    ],
                    [
                        -119.20387154650192,
                        40.77173658592579
                    ],
                    [
                        -119.20474742369144,
                        40.77178005201087
                    ],
                    [
                        -119.2056199654251,
                        40.77185240360972
                    ],
                    [
                        -119.20648751189125,
                        40.77195350309104
                    ],
                    [
                        -119.20734841276115,
                        40.7720831581369
                    ],
                    [
                        -119.20820103032209,
                        40.772241122107914
                    ],
                    [
                        -119.20904374258677,
                        40.77242709451139
                    ],
                    [
                        -119.20987494637318,
                        40.77264072157185
                    ],
                    [
                        -119.21069306034897,
                        40.77288159690264
                    ],
                    [
                        -119.2114965280346,
                        40.77314926227759
                    ],
                    [
                        -119.21228382075978,
                        40.773443208500936
                    ],
                    [
                        -119.21305344056756,
                        40.77376287637424
                    ],
                    [
                        -119.21380392306028,
                        40.77410765775817
                    ],
                    [
                        -119.21453384018268,
                        40.77447689672743
                    ],
                    [
                        -119.21524180293596,
                        40.77486989081633
                    ],
                    [
                        -119.21592646401872,
                        40.77528589235296
                    ],
                    [
                        -119.21658652038882,
                        40.77572410987927
                    ],
                    [
                        -119.21722071574196,
                        40.77618370965441
                    ],
                    [
                        -119.21782784290203,
                        40.77666381723855
                    ],
                    [
                        -119.2184067461185,
                        40.77716351915409
                    ],
                    [
                        -119.21895632326704,
                        40.77768186462123
                    ],
                    [
                        -119.2194755279483,
                        40.77821786736458
                    ],
                    [
                        -119.21996337148204,
                        40.77877050748729
                    ],
                    [
                        -119.22041892479143,
                        40.77933873340939
                    ],
                    [
                        -119.2208413201751,
                        40.779921463866444
                    ],
                    [
                        -119.2212297529629,
                        40.78051758996488
                    ],
                    [
                        -119.22158348305217,
                        40.78112597729003
                    ],
                    [
                        -119.22190183632208,
                        40.78174546806291
                    ],
                    [
                        -119.22218420592255,
                        40.782374883341674
                    ],
                    [
                        -119.222430053436,
                        40.783013025263614
                    ],
                    [
                        -119.2226389099091,
                        40.78365867932325
                    ],
                    [
                        -119.22281037675292,
                        40.78431061668252
                    ],
                    [
                        -119.22294412650929,
                        40.78496759650834
                    ],
                    [
                        -119.22303990348225,
                        40.785628368333356
                    ],
                    [
                        -119.22309752423317,
                        40.7862916744353
                    ],
                    [
                        -119.2231168779384,
                        40.78695625223037
                    ],
                    [
                        -119.22309792660893,
                        40.78762083667623
                    ],
                    [
                        -119.22304070517147,
                        40.788284162679915
                    ],
                    [
                        -119.2229453214106,
                        40.78894496750619
                    ],
                    [
                        -119.22281195577244,
                        40.7896019931816
                    ],
                    [
                        -119.2226408610295,
                        40.79025398888986
                    ],
                    [
                        -119.22243236180807,
                        40.790899713353824
                    ],
                    [
                        -119.22218685397823,
                        40.791537937199585
                    ],
                    [
                        -119.22190480390807,
                        40.7921674452982
                    ],
                    [
                        -119.22158674758334,
                        40.792787039080515
                    ],
                    [
                        -119.2212332895942,
                        40.793395538820754
                    ],
                    [
                        -119.22084510199063,
                        40.79399178588437
                    ],
                    [
                        -119.22042292300931,
                        40.794574644936084
                    ],
                    [
                        -119.21996755567342,
                        40.79514300610362
                    ],
                    [
                        -119.21947986626897,
                        40.79569578709327
                    ],
                    [
                        -119.21896078269972,
                        40.79623193525296
                    ],
                    [
                        -119.21841129272427,
                        40.79675042957916
                    ],
                    [
                        -119.21783244207845,
                        40.79725028266355
                    ],
                    [
                        -119.21722533248652,
                        40.79773054257585
                    ],
                    [
                        -119.2165911195653,
                        40.79819029467915
                    ],
                    [
                        -119.21593101062462,
                        40.79862866337431
                    ],
                    [
                        -119.21524626236886,
                        40.79904481377
                    ],
                    [
                        -119.21453817850359,
                        40.799437953275266
                    ],
                    [
                        -119.21380810725198,
                        40.799807333111474
                    ],
                    [
                        -119.21305743878578,
                        40.80015224974087
                    ],
                    [
                        -119.2122876025757,
                        40.80047204620884
                    ],
                    [
                        -119.2115000646663,
                        40.80076611339738
                    ],
                    [
                        -119.21069632488054,
                        40.80103389118744
                    ],
                    [
                        -119.20987791395957,
                        40.80127486952769
                    ],
                    [
                        -119.20904639064284,
                        40.80148858940801
                    ],
                    [
                        -119.20820333869453,
                        40.801674643735325
                    ]
                ]
            }
        },
        {
            "type": "Feature",
            "properties": {
                "ref": "k",
                "name": "Kilgore",
                "type": "arc"
            },
            "geometry": {
                "type": "LineString",
                "coordinates": [
                    [
                        -119.18287632833193,
                        40.782874608149726
                    ],
                    [
                        -119.1831308043575,
                        40.7822140868394
                    ],
                    [
                        -119.18342308300447,
                        40.78156259843019
                    ],
                    [
                        -119.18375260692781,
                        40.780921382783376
                    ],
                    [
                        -119.18411874795318,
                        40.78029166017429
                    ],
                    [
                        -119.18452080827937,
                        40.77967462897197
                    ],
                    [
                        -119.18495802181319,
                        40.77907146336048
                    ],
                    [
                        -119.18542955563326,
                        40.7784833111067
                    ],
                    [
                        -119.18593451158068,
                        40.777911291378395
                    ],
                    [
                        -119.18647192797289,
                        40.777356492617066
                    ],
                    [
                        -119.18704078143796,
                        40.776819970469205
                    ],
                    [
                        -119.18763998886539,
                        40.776302745780285
                    ],
                    [
                        -119.18826840946998,
                        40.77580580265491
                    ],
                    [
                        -119.18892484696447,
                        40.77533008658708
                    ],
                    [
                        -119.18960805183713,
                        40.77487650266392
                    ],
                    [
                        -119.19031672372996,
                        40.774445913846314
                    ],
                    [
                        -119.19104951391274,
                        40.774039139329744
                    ],
                    [
                        -119.19180502784828,
                        40.77365695298836
                    ],
                    [
                        -119.19258182784424,
                        40.773300081905255
                    ],
                    [
                        -119.19337843578631,
                        40.772969204991654
                    ],
                    [
                        -119.19419333594755,
                        40.772664951697756
                    ],
                    [
                        -119.19502497786851,
                        40.77238790081749
                    ],
                    [
                        -119.19587177930309,
                        40.77213857938959
                    ],
                    [
                        -119.196732129224,
                        40.771917461696916
                    ],
                    [
                        -119.19760439088249,
                        40.771724968366094
                    ],
                    [
                        -119.19848690491678,
                        40.77156146556887
                    ],
                    [
                        -119.19937799250259,
                        40.771427264327095
                    ],
                    [
                        -119.20027595854081,
                        40.771322619922266
                    ],
                    [
                        -119.20117909487543,
                        40.77124773141091
                    ],
                    [
                        -119.20208568353625,
                        40.77120274124678
                    ],
                    [
                        -119.20299399999999,
                        40.771187735010436
                    ],
                    [
                        -119.20390231646374,
                        40.77120274124678
                    ],
                    [
                        -119.20480890512457,
                        40.77124773141091
                    ],
                    [
                        -119.20571204145918,
                        40.771322619922266
                    ],
                    [
                        -119.2066100074974,
                        40.771427264327095
                    ],
                    [
                        -119.20750109508322,
                        40.77156146556887
                    ],
                    [
                        -119.2083836091175,
                        40.771724968366094
                    ],
                    [
                        -119.20925587077599,
                        40.771917461696916
                    ],
                    [
                        -119.2101162206969,
                        40.77213857938959
                    ],
                    [
                        -119.21096302213148,
                        40.77238790081749
                    ],
                    [
                        -119.21179466405245,
                        40.772664951697756
                    ],
                    [
                        -119.21260956421368,
                        40.772969204991654
                    ],
                    [
                        -119.21340617215576,
                        40.773300081905255
                    ],
                    [
                        -119.21418297215172,
                        40.77365695298836
                    ],
                    [
                        -119.21493848608725,
                        40.774039139329744
                    ],
                    [
                        -119.2151234291187,
                        40.774141801884426
                    ],
                    [
                        -119.21567127627003,
                        40.774445913846314
                    ],
                    [
                        -119.21637994816287,
                        40.77487650266392
                    ],
                    [
                        -119.21706315303553,
                        40.77533008658708
                    ],
                    [
                        -119.21771959053,
                        40.77580580265491
                    ],
                    [
                        -119.21834801113461,
                        40.776302745780285
                    ],
                    [
                        -119.21894721856204,
                        40.776819970469205
                    ],
                    [
                        -119.2195160720271,
                        40.777356492617066
                    ],
                    [
                        -119.2198993908862,
                        40.777752209664975
                    ],
                    [
                        -119.22005348841931,
                        40.777911291378395
                    ],
                    [
                        -119.22055844436673,
                        40.7784833111067
                    ],
                    [
                        -119.2210299781868,
                        40.77907146336048
                    ],
                    [
                        -119.22146719172062,
                        40.77967462897197
                    ],
                    [
                        -119.22186925204682,
                        40.78029166017429
                    ],
                    [
                        -119.22223539307218,
                        40.780921382783376
                    ],
                    [
                        -119.22256491699551,
                        40.78156259843019
                    ],
                    [
                        -119.22285719564249,
                        40.7822140868394
                    ],
                    [
                        -119.22311167166806,
                        40.782874608149726
                    ],
                    [
                        -119.22332785962494,
                        40.783542905271965
                    ],
                    [
                        -119.22350534689558,
                        40.78421770628006
                    ],
                    [
                        -119.22364379448587,
                        40.784897726830586
                    ],
                    [
                        -119.22374293767908,
                        40.78558167260623
                    ],
                    [
                        -119.22380258654871,
                        40.78626824177851
                    ],
                    [
                        -119.22382262632922,
                        40.786956127485176
                    ],
                    [
                        -119.22380301764362,
                        40.78764402031732
                    ],
                    [
                        -119.223743796588,
                        40.78833061081183
                    ],
                    [
                        -119.22364507467196,
                        40.78901459194415
                    ],
                    [
                        -119.22350703861589,
                        40.789694661616736
                    ],
                    [
                        -119.22332995000446,
                        40.79036952513842
                    ],
                    [
                        -119.22311414479772,
                        40.79103789769002
                    ],
                    [
                        -119.2228600327003,
                        40.79169850677139
                    ],
                    [
                        -119.22256809638978,
                        40.792350094625355
                    ],
                    [
                        -119.22223889060575,
                        40.79299142063381
                    ],
                    [
                        -119.22187304110139,
                        40.79362126368148
                    ],
                    [
                        -119.22147124345918,
                        40.79423842448275
                    ],
                    [
                        -119.2210342617732,
                        40.794841727867194
                    ],
                    [
                        -119.22056292720026,
                        40.79543002501942
                    ],
                    [
                        -119.22005813638293,
                        40.79600219566888
                    ],
                    [
                        -119.21952084974704,
                        40.79655715022549
                    ],
                    [
                        -119.2189520896769,
                        40.797093831857055
                    ],
                    [
                        -119.21835293857228,
                        40.79761121850434
                    ],
                    [
                        -119.21772453678975,
                        40.79810832483014
                    ],
                    [
                        -119.2170680804733,
                        40.79858420409838
                    ],
                    [
                        -119.21638481927788,
                        40.79903794997991
                    ],
                    [
                        -119.21567605399017,
                        40.79946869828124
                    ],
                    [
                        -119.21494313405118,
                        40.79987562859311
                    ],
                    [
                        -119.21418745498563,
                        40.80025796585566
                    ],
                    [
                        -119.21341045574256,
                        40.800614981837235
                    ],
                    [
                        -119.21261361595268,
                        40.800945996523815
                    ],
                    [
                        -119.21179845310746,
                        40.80125037941667
                    ],
                    [
                        -119.2109665196655,
                        40.80152755073554
                    ],
                    [
                        -119.2101194000916,
                        40.8017769825251
                    ],
                    [
                        -119.20925870783425,
                        40.80199819966255
                    ],
                    [
                        -119.20838608224756,
                        40.80219078076445
                    ]
                ]
            }
        },
        {
            "type": "Feature",
            "properties": {
                "type": "radial",
                "name": "12:00"
            },
            "geometry": {
                "type": "LineString",
                "coordinates": [
                    [
                        -119.202994,
                        40.786958
                    ],
                    [
                        -119.19659559095395,
                        40.791801985472404
                    ]
                ]
            }
        },
        {
            "type": "Feature",
            "geometry": {
                "type": "MultiLineString",
                "coordinates": [
                    [
                        [
                            -119.202994,
                            40.786958
                        ],
                        [
                            -119.21011816985357,
                            40.78156332193296
                        ]
                    ],
                    [
                        [
                            -119.2112184233702,
                            40.780730053144865
                        ],
                        [
                            -119.21123377554956,
                            40.78071842606461
                        ],
                        [
                            -119.21195020460897,
                            40.78017582672266
                        ],
                        [
                            -119.21266662196382,
                            40.77963322295017
                        ],
                        [
                            -119.21338302761447,
                            40.77909061474727
                        ],
                        [
                            -119.2146111243577,
                            40.77816041894959
                        ],
                        [
                            -119.21534029052582,
                            40.77760810903496
                        ],
                        [
                            -119.21604386042206,
                            40.777075174064855
                        ],
                        [
                            -119.2167602109,
                            40.776532544977925
                        ],
                        [
                            -119.21722071574196,
                            40.77618370965441
                        ],
                        [
                            -119.21771959053,
                            40.77580580265491
                        ]
                    ]
                ]
            },
            "properties": {
                "type": "radial",
                "name": "6:00"
            }
        },
        {
            "type": "Feature",
            "properties": {
                "type": "radial",
                "name": "3:00"
            },
            "geometry": {
                "type": "LineString",
                "coordinates": [
                    [
                        -119.202994,
                        40.786958
                    ],
                    [
                        -119.19659652435067,
                        40.78211366116982
                    ],
                    [
                        -119.19547066521466,
                        40.781261020975826
                    ],
                    [
                        -119.19475422445043,
                        40.78071842606461
                    ],
                    [
                        -119.19403779539103,
                        40.78017582672266
                    ],
                    [
                        -119.19332137803617,
                        40.77963322295017
                    ],
                    [
                        -119.19260497238552,
                        40.77909061474727
                    ],
                    [
                        -119.19137687564229,
                        40.77816041894959
                    ],
                    [
                        -119.19064770947418,
                        40.77760810903496
                    ],
                    [
                        -119.18994413957793,
                        40.777075174064855
                    ],
                    [
                        -119.18922778909997,
                        40.776532544977925
                    ],
                    [
                        -119.18876728425803,
                        40.77618370965441
                    ],
                    [
                        -119.18826840946998,
                        40.77580580265491
                    ]
                ]
            }
        },
        {
            "type": "Feature",
            "properties": {
                "type": "radial",
                "name": "9:00"
            },
            "geometry": {
                "type": "LineString",
                "coordinates": [
                    [
                        -119.202994,
                        40.786958
                    ],
                    [
                        -119.21051862565061,
                        40.792654490338855
                    ],
                    [
                        -119.21123532400249,
                        40.79319698773465
                    ],
                    [
                        -119.21195203406656,
                        40.79373948069612
                    ],
                    [
                        -119.21266875584315,
                        40.79428196922309
                    ],
                    [
                        -119.21338548933261,
                        40.79482445331543
                    ],
                    [
                        -119.21461420256576,
                        40.79575441572736
                    ],
                    [
                        -119.21534376733533,
                        40.79630657474268
                    ],
                    [
                        -119.21604774484591,
                        40.79683935540143
                    ],
                    [
                        -119.21676453355738,
                        40.79738181858548
                    ],
                    [
                        -119.21722533248652,
                        40.79773054257585
                    ],
                    [
                        -119.21772453678975,
                        40.79810832483014
                    ]
                ]
            }
        },
        {
            "type": "Feature",
            "properties": {
                "type": "radial",
                "name": "2:00"
            },
            "geometry": {
                "type": "LineString",
                "coordinates": [
                    [
                        -119.19425448164199,
                        40.7851845839112
                    ],
                    [
                        -119.19271637471765,
                        40.78487239444797
                    ],
                    [
                        -119.19173758693128,
                        40.78467371779295
                    ],
                    [
                        -119.1907588050011,
                        40.78447503286795
                    ],
                    [
                        -119.18978002892729,
                        40.78427633967311
                    ],
                    [
                        -119.18880125870999,
                        40.78407763820853
                    ],
                    [
                        -119.18712338053481,
                        40.78373698788687
                    ],
                    [
                        -119.18612714851218,
                        40.78353471525998
                    ],
                    [
                        -119.18516587775167,
                        40.78333953179655
                    ],
                    [
                        -119.184187135146,
                        40.78314079134748
                    ],
                    [
                        -119.183557946564,
                        40.783013025263614
                    ],
                    [
                        -119.18287632833193,
                        40.782874608149726
                    ]
                ]
            }
        },
        {
            "type": "Feature",
            "properties": {
                "type": "radial",
                "name": "2:30"
            },
            "geometry": {
                "type": "LineString",
                "coordinates": [
                    [
                        -119.19515855713196,
                        40.78353239508193
                    ],
                    [
                        -119.19377960283701,
                        40.78292943377282
                    ],
                    [
                        -119.19290209950347,
                        40.782545722575364
                    ],
                    [
                        -119.19202460630889,
                        40.78216200473104
                    ],
                    [
                        -119.1911471232532,
                        40.78177828024002
                    ],
                    [
                        -119.19026965033632,
                        40.78139454910247
                    ],
                    [
                        -119.18876543463834,
                        40.78073670883237
                    ],
                    [
                        -119.18787232066505,
                        40.78034610693081
                    ],
                    [
                        -119.18701055398164,
                        40.779969203831904
                    ],
                    [
                        -119.186133128861,
                        40.779585441362975
                    ],
                    [
                        -119.18556907520856,
                        40.77933873340939
                    ],
                    [
                        -119.18495802181319,
                        40.77907146336048
                    ]
                ]
            }
        },
        {
            "type": "Feature",
            "properties": {
                "type": "radial",
                "name": "3:30"
            },
            "geometry": {
                "type": "LineString",
                "coordinates": [
                    [
                        -119.19847037573152,
                        40.781025048898144
                    ],
                    [
                        -119.19767430149257,
                        40.77998083122522
                    ],
                    [
                        -119.19716772182664,
                        40.779316326221526
                    ],
                    [
                        -119.19666115229595,
                        40.778651819002675
                    ],
                    [
                        -119.19615459290002,
                        40.77798730956877
                    ],
                    [
                        -119.19564804363851,
                        40.7773227979199
                    ],
                    [
                        -119.19477969705271,
                        40.77618362994038
                    ],
                    [
                        -119.19426413035751,
                        40.77550724587304
                    ],
                    [
                        -119.19376666367373,
                        40.77485459240494
                    ],
                    [
                        -119.19326016218315,
                        40.77419007031542
                    ],
                    [
                        -119.19293455943243,
                        40.77376287637424
                    ],
                    [
                        -119.19258182784424,
                        40.773300081905255
                    ]
                ]
            }
        },
        {
            "type": "Feature",
            "properties": {
                "type": "radial",
                "name": "4:00"
            },
            "geometry": {
                "type": "LineString",
                "coordinates": [
                    [
                        -119.20065242389876,
                        40.78034072774872
                    ],
                    [
                        -119.20024035478772,
                        40.77917608293482
                    ],
                    [
                        -119.199978136513,
                        40.77843494456284
                    ],
                    [
                        -119.1997159240893,
                        40.77769380559734
                    ],
                    [
                        -119.19945371751643,
                        40.77695266603835
                    ],
                    [
                        -119.19919151679403,
                        40.776211525885905
                    ],
                    [
                        -119.19874204345193,
                        40.774940998529694
                    ],
                    [
                        -119.19847517678899,
                        40.77418662208685
                    ],
                    [
                        -119.19821767961363,
                        40.77345871441013
                    ],
                    [
                        -119.19795550646839,
                        40.772717571460355
                    ],
                    [
                        -119.1977869696779,
                        40.772241122107914
                    ],
                    [
                        -119.19760439088249,
                        40.771724968366094
                    ]
                ]
            }
        },
        {
            "type": "Feature",
            "properties": {
                "type": "radial",
                "name": "4:30"
            },
            "geometry": {
                "type": "LineString",
                "coordinates": [
                    [
                        -119.20299399999999,
                        40.78010732016091
                    ],
                    [
                        -119.20299399999999,
                        40.778901600509236
                    ],
                    [
                        -119.20299399999999,
                        40.77813432436727
                    ],
                    [
                        -119.20299399999999,
                        40.77736704822529
                    ],
                    [
                        -119.20299399999999,
                        40.776599772083316
                    ],
                    [
                        -119.20299399999999,
                        40.77583249594133
                    ],
                    [
                        -119.20299399999999,
                        40.77451716541223
                    ],
                    [
                        -119.20299399999999,
                        40.77373618791057
                    ],
                    [
                        -119.20299399999999,
                        40.77298261312827
                    ],
                    [
                        -119.20299399999999,
                        40.7722153369863
                    ],
                    [
                        -119.20299399999999,
                        40.77172208803788
                    ],
                    [
                        -119.20299399999999,
                        40.771187735010436
                    ]
                ]
            }
        },
        {
            "type": "Feature",
            "properties": {
                "type": "radial",
                "name": "5:00"
            },
            "geometry": {
                "type": "LineString",
                "coordinates": [
                    [
                        -119.20533557610123,
                        40.78034072774872
                    ],
                    [
                        -119.20574764521227,
                        40.77917608293482
                    ],
                    [
                        -119.206009863487,
                        40.77843494456284
                    ],
                    [
                        -119.20627207591069,
                        40.77769380559734
                    ],
                    [
                        -119.20653428248356,
                        40.77695266603835
                    ],
                    [
                        -119.20679648320596,
                        40.776211525885905
                    ],
                    [
                        -119.20724595654806,
                        40.774940998529694
                    ],
                    [
                        -119.207512823211,
                        40.77418662208685
                    ],
                    [
                        -119.20777032038636,
                        40.77345871441013
                    ],
                    [
                        -119.2080324935316,
                        40.772717571460355
                    ],
                    [
                        -119.20820103032209,
                        40.772241122107914
                    ],
                    [
                        -119.2083836091175,
                        40.771724968366094
                    ]
                ]
            }
        },
        {
            "type": "Feature",
            "properties": {
                "type": "radial",
                "name": "7:00"
            },
            "geometry": {
                "type": "LineString",
                "coordinates": [
                    [
                        -119.21173351835799,
                        40.7851845839112
                    ],
                    [
                        -119.21327162528235,
                        40.78487239444797
                    ],
                    [
                        -119.21425041306871,
                        40.78467371779295
                    ],
                    [
                        -119.2152291949989,
                        40.78447503286795
                    ],
                    [
                        -119.2162079710727,
                        40.78427633967311
                    ],
                    [
                        -119.21718674129,
                        40.78407763820853
                    ],
                    [
                        -119.21886461946518,
                        40.78373698788687
                    ],
                    [
                        -119.21986085148781,
                        40.78353471525998
                    ],
                    [
                        -119.22082212224832,
                        40.78333953179655
                    ],
                    [
                        -119.22180086485399,
                        40.78314079134748
                    ],
                    [
                        -119.222430053436,
                        40.783013025263614
                    ],
                    [
                        -119.22311167166806,
                        40.782874608149726
                    ]
                ]
            }
        },
        {
            "type": "Feature",
            "properties": {
                "type": "radial",
                "name": "7:30"
            },
            "geometry": {
                "type": "LineString",
                "coordinates": [
                    [
                        -119.21204205675363,
                        40.786957646642236
                    ],
                    [
                        -119.21363451472783,
                        40.7869575113147
                    ],
                    [
                        -119.21464789707144,
                        40.78695741379927
                    ],
                    [
                        -119.21566127941196,
                        40.786957307418795
                    ],
                    [
                        -119.21667466174908,
                        40.78695719217328
                    ],
                    [
                        -119.21768804408255,
                        40.786957068062726
                    ],
                    [
                        -119.21942527093067,
                        40.786956834677
                    ],
                    [
                        -119.22045674936571,
                        40.7869566837777
                    ],
                    [
                        -119.22145203557041,
                        40.78695652946637
                    ],
                    [
                        -119.22246541788301,
                        40.78695636356349
                    ],
                    [
                        -119.2231168779384,
                        40.78695625223037
                    ],
                    [
                        -119.22382262632922,
                        40.786956127485176
                    ]
                ]
            }
        },
        {
            "type": "Feature",
            "properties": {
                "type": "radial",
                "name": "8:00"
            },
            "geometry": {
                "type": "LineString",
                "coordinates": [
                    [
                        -119.21173398505633,
                        40.78873075671423
                    ],
                    [
                        -119.21327227071497,
                        40.78904269365284
                    ],
                    [
                        -119.21425118729516,
                        40.78924118834159
                    ],
                    [
                        -119.21523010972767,
                        40.78943967475792
                    ],
                    [
                        -119.21620903801235,
                        40.78963815290171
                    ],
                    [
                        -119.21718797214902,
                        40.789836622772846
                    ],
                    [
                        -119.21886615856911,
                        40.7901768375908
                    ],
                    [
                        -119.21986258989247,
                        40.79037882863575
                    ],
                    [
                        -119.22082406446013,
                        40.79057372415031
                    ],
                    [
                        -119.22180302618254,
                        40.7907721550204
                    ],
                    [
                        -119.22243236180807,
                        40.790899713353824
                    ],
                    [
                        -119.22311414479772,
                        40.79103789769002
                    ]
                ]
            }
        },
        {
            "type": "Feature",
            "properties": {
                "type": "radial",
                "name": "8:30"
            },
            "geometry": {
                "type": "LineString",
                "coordinates": [
                    [
                        -119.2108302512133,
                        40.790383074881426
                    ],
                    [
                        -119.21220951508508,
                        40.790985833199215
                    ],
                    [
                        -119.21308724149607,
                        40.79136939812353
                    ],
                    [
                        -119.21396497804783,
                        40.79175295639714
                    ],
                    [
                        -119.21484272474048,
                        40.792136508019894
                    ],
                    [
                        -119.21572048157405,
                        40.7925200529916
                    ],
                    [
                        -119.21722523116794,
                        40.79317754318309
                    ],
                    [
                        -119.2181186903402,
                        40.79356791873568
                    ],
                    [
                        -119.21898081002797,
                        40.793944590367595
                    ],
                    [
                        -119.21985861466995,
                        40.794328103982195
                    ],
                    [
                        -119.22042292300931,
                        40.794574644936084
                    ],
                    [
                        -119.2210342617732,
                        40.794841727867194
                    ]
                ]
            }
        },
        {
            "type": "Feature",
            "properties": {
                "type": "radial",
                "name": "9:30"
            },
            "geometry": {
                "type": "LineString",
                "coordinates": [
                    [
                        -119.20751843261378,
                        40.792890774422965
                    ],
                    [
                        -119.20831481642958,
                        40.79393492443212
                    ],
                    [
                        -119.20882161917294,
                        40.79459938067811
                    ],
                    [
                        -119.20932843206086,
                        40.79526383470671
                    ],
                    [
                        -119.20983525509374,
                        40.79592828651786
                    ],
                    [
                        -119.21034208827199,
                        40.79659273611144
                    ],
                    [
                        -119.21121096875372,
                        40.797731787398085
                    ],
                    [
                        -119.21172688064796,
                        40.798408096015756
                    ],
                    [
                        -119.21222470033614,
                        40.79906067232818
                    ],
                    [
                        -119.2127315813481,
                        40.79972511146626
                    ],
                    [
                        -119.21305743878578,
                        40.80015224974087
                    ],
                    [
                        -119.21341045574256,
                        40.800614981837235
                    ]
                ]
            }
        },
        {
            "type": "Feature",
            "properties": {
                "type": "radial",
                "name": "10:00"
            },
            "geometry": {
                "type": "LineString",
                "coordinates": [
                    [
                        -119.2053360427996,
                        40.7935752249103
                    ],
                    [
                        -119.20574829064493,
                        40.79473985159376
                    ],
                    [
                        -119.20601063771349,
                        40.79548097690116
                    ],
                    [
                        -119.2062729906395,
                        40.79622210161437
                    ],
                    [
                        -119.20653534942328,
                        40.79696322573338
                    ],
                    [
                        -119.20679771406508,
                        40.79770434925816
                    ],
                    [
                        -119.20724749565217,
                        40.798974845346606
                    ],
                    [
                        -119.20751456161587,
                        40.79972920157278
                    ],
                    [
                        -119.20777226259844,
                        40.8004570885757
                    ],
                    [
                        -119.20803465486044,
                        40.801198209298704
                    ],
                    [
                        -119.20820333869453,
                        40.801674643735325
                    ],
                    [
                        -119.20838608224756,
                        40.80219078076445
                    ]
                ]
            }
        },
        {
            "type": "Feature",
            "properties": {
                "type": "radial",
                "name": "5:30"
            },
            "geometry": {
                "type": "LineString",
                "coordinates": [
                    [
                        -119.20751762426848,
                        40.781025048898144
                    ],
                    [
                        -119.20831369850742,
                        40.77998083122522
                    ],
                    [
                        -119.20882027817335,
                        40.779316326221526
                    ],
                    [
                        -119.20932684770405,
                        40.778651819002675
                    ],
                    [
                        -119.20983340709998,
                        40.77798730956877
                    ],
                    [
                        -119.21033995636148,
                        40.7773227979199
                    ],
                    [
                        -119.21120830294728,
                        40.77618362994038
                    ],
                    [
                        -119.21172386964248,
                        40.77550724587304
                    ],
                    [
                        -119.21222133632627,
                        40.77485459240494
                    ],
                    [
                        -119.21272783781684,
                        40.77419007031542
                    ],
                    [
                        -119.21305344056756,
                        40.77376287637424
                    ],
                    [
                        -119.21340617215576,
                        40.773300081905255
                    ],
                    [
                        -119.21444624951353,
                        40.7719354252958
                    ]
                ]
            }
        },
        {
            "type": "Feature",
            "properties": {
                "type": "radial",
                "name": "6:30"
            },
            "geometry": {
                "type": "LineString",
                "coordinates": [
                    [
                        -119.21082944286803,
                        40.78353239508193
                    ],
                    [
                        -119.21220839716298,
                        40.78292943377282
                    ],
                    [
                        -119.21308590049652,
                        40.782545722575364
                    ],
                    [
                        -119.2139633936911,
                        40.78216200473104
                    ],
                    [
                        -119.21484087674679,
                        40.78177828024002
                    ],
                    [
                        -119.21571834966367,
                        40.78139454910247
                    ],
                    [
                        -119.21722256536165,
                        40.78073670883237
                    ],
                    [
                        -119.21811567933494,
                        40.78034610693081
                    ],
                    [
                        -119.21897744601836,
                        40.779969203831904
                    ],
                    [
                        -119.21985487113899,
                        40.779585441362975
                    ],
                    [
                        -119.22041892479143,
                        40.77933873340939
                    ],
                    [
                        -119.2210299781868,
                        40.77907146336048
                    ],
                    [
                        -119.22283177367447,
                        40.77828334060615
                    ]
                ]
            }
        },
        {
            "type": "Feature",
            "properties": {
                "type": "radial",
                "name": "2:15",
                "width": 20
            },
            "geometry": {
                "type": "LineString",
                "coordinates": [
                    [
                        -119.18781457326587,
                        40.7821961041563
                    ],
                    [
                        -119.18686175235054,
                        40.78189710822544
                    ],
                    [
                        -119.18594237188027,
                        40.781608595950665
                    ],
                    [
                        -119.1850062836077,
                        40.78131483050157
                    ],
                    [
                        -119.18440451694782,
                        40.78112597729003
                    ],
                    [
                        -119.18375260692781,
                        40.780921382783376
                    ]
                ]
            }
        },
        {
            "type": "Feature",
            "properties": {
                "type": "radial",
                "name": "2:45",
                "width": 20
            },
            "geometry": {
                "type": "LineString",
                "coordinates": [
                    [
                        -119.18995968268021,
                        40.77938376641398
                    ],
                    [
                        -119.18914154826756,
                        40.77890824248085
                    ],
                    [
                        -119.18835213142954,
                        40.77844939812079
                    ],
                    [
                        -119.1875483727629,
                        40.77798220560915
                    ],
                    [
                        -119.18703167673296,
                        40.77768186462123
                    ],
                    [
                        -119.18647192797289,
                        40.777356492617066
                    ]
                ]
            }
        },
        {
            "type": "Feature",
            "properties": {
                "type": "radial",
                "name": "3:15",
                "width": 20
            },
            "geometry": {
                "type": "LineString",
                "coordinates": [
                    [
                        -119.1929927622946,
                        40.77708759055908
                    ],
                    [
                        -119.19236503043936,
                        40.77646794354622
                    ],
                    [
                        -119.19175933536428,
                        40.775870035309396
                    ],
                    [
                        -119.19114263885304,
                        40.77526125276011
                    ],
                    [
                        -119.19074619706403,
                        40.77486989081633
                    ],
                    [
                        -119.19031672372996,
                        40.774445913846314
                    ]
                ]
            }
        },
        {
            "type": "Feature",
            "properties": {
                "type": "radial",
                "name": "3:45",
                "width": 20
            },
            "geometry": {
                "type": "LineString",
                "coordinates": [
                    [
                        -119.19670711281755,
                        40.77546399694214
                    ],
                    [
                        -119.1963125239693,
                        40.77474244572289
                    ],
                    [
                        -119.1959317884689,
                        40.77404621081623
                    ],
                    [
                        -119.19554413870345,
                        40.773337315807495
                    ],
                    [
                        -119.19529493965102,
                        40.77288159690264
                    ],
                    [
                        -119.19502497786851,
                        40.77238790081749
                    ]
                ]
            }
        },
        {
            "type": "Feature",
            "properties": {
                "type": "radial",
                "name": "4:15",
                "width": 20
            },
            "geometry": {
                "type": "LineString",
                "coordinates": [
                    [
                        -119.20084968698976,
                        40.774623578628386
                    ],
                    [
                        -119.20071510359368,
                        40.7738492799277
                    ],
                    [
                        -119.20058524539579,
                        40.773102149454274
                    ],
                    [
                        -119.20045302914036,
                        40.77234143464088
                    ],
                    [
                        -119.2003680345749,
                        40.77185240360972
                    ],
                    [
                        -119.20027595854081,
                        40.771322619922266
                    ]
                ]
            }
        },
        {
            "type": "Feature",
            "properties": {
                "type": "radial",
                "name": "4:45",
                "width": 20
            },
            "geometry": {
                "type": "LineString",
                "coordinates": [
                    [
                        -119.20513831301024,
                        40.774623578628386
                    ],
                    [
                        -119.20527289640631,
                        40.7738492799277
                    ],
                    [
                        -119.20540275460421,
                        40.773102149454274
                    ],
                    [
                        -119.20553497085962,
                        40.77234143464088
                    ],
                    [
                        -119.2056199654251,
                        40.77185240360972
                    ],
                    [
                        -119.20571204145918,
                        40.771322619922266
                    ]
                ]
            }
        },
        {
            "type": "Feature",
            "properties": {
                "type": "radial",
                "name": "5:15",
                "width": 20
            },
            "geometry": {
                "type": "LineString",
                "coordinates": [
                    [
                        -119.20928088718244,
                        40.77546399694214
                    ],
                    [
                        -119.2096754760307,
                        40.77474244572289
                    ],
                    [
                        -119.2100562115311,
                        40.77404621081623
                    ],
                    [
                        -119.21044386129654,
                        40.773337315807495
                    ],
                    [
                        -119.21069306034897,
                        40.77288159690264
                    ],
                    [
                        -119.21096302213148,
                        40.77238790081749
                    ]
                ]
            }
        },
        {
            "type": "Feature",
            "properties": {
                "type": "radial",
                "name": "5:45",
                "width": 20
            },
            "geometry": {
                "type": "LineString",
                "coordinates": [
                    [
                        -119.2129952377054,
                        40.77708759055908
                    ],
                    [
                        -119.21362296956063,
                        40.77646794354622
                    ],
                    [
                        -119.21422866463571,
                        40.775870035309396
                    ],
                    [
                        -119.21484536114696,
                        40.77526125276011
                    ],
                    [
                        -119.21524180293596,
                        40.77486989081633
                    ],
                    [
                        -119.21567127627003,
                        40.774445913846314
                    ]
                ]
            }
        },
        {
            "type": "Feature",
            "properties": {
                "type": "radial",
                "name": "6:15",
                "width": 20
            },
            "geometry": {
                "type": "LineString",
                "coordinates": [
                    [
                        -119.21602831731978,
                        40.77938376641398
                    ],
                    [
                        -119.21684645173244,
                        40.77890824248085
                    ],
                    [
                        -119.21763586857045,
                        40.77844939812079
                    ],
                    [
                        -119.21843962723709,
                        40.77798220560915
                    ],
                    [
                        -119.21895632326704,
                        40.77768186462123
                    ],
                    [
                        -119.2195160720271,
                        40.777356492617066
                    ]
                ]
            }
        },
        {
            "type": "Feature",
            "properties": {
                "type": "radial",
                "name": "6:45",
                "width": 20
            },
            "geometry": {
                "type": "LineString",
                "coordinates": [
                    [
                        -119.21817342673413,
                        40.7821961041563
                    ],
                    [
                        -119.21912624764946,
                        40.78189710822544
                    ],
                    [
                        -119.22004562811972,
                        40.781608595950665
                    ],
                    [
                        -119.22098171639229,
                        40.78131483050157
                    ],
                    [
                        -119.22158348305217,
                        40.78112597729003
                    ],
                    [
                        -119.22223539307218,
                        40.780921382783376
                    ]
                ]
            }
        },
        {
            "type": "Feature",
            "properties": {
                "type": "radial",
                "name": "7:15",
                "width": 20
            },
            "geometry": {
                "type": "LineString",
                "coordinates": [
                    [
                        -119.219284300798,
                        40.785332999804474
                    ],
                    [
                        -119.2203069032127,
                        40.78523091346468
                    ],
                    [
                        -119.22129362186054,
                        40.78513240054429
                    ],
                    [
                        -119.22229827783966,
                        40.78503208784472
                    ],
                    [
                        -119.22294412650929,
                        40.78496759650834
                    ],
                    [
                        -119.22364379448587,
                        40.784897726830586
                    ]
                ]
            }
        },
        {
            "type": "Feature",
            "properties": {
                "type": "radial",
                "name": "7:45",
                "width": 20
            },
            "geometry": {
                "type": "LineString",
                "coordinates": [
                    [
                        -119.21928509749681,
                        40.78858070925694
                    ],
                    [
                        -119.22030780307716,
                        40.7886824989399
                    ],
                    [
                        -119.22129462722334,
                        40.78878070849566
                    ],
                    [
                        -119.22229939662564,
                        40.78888069504249
                    ],
                    [
                        -119.2229453214106,
                        40.78894496750619
                    ],
                    [
                        -119.22364507467196,
                        40.78901459194415
                    ]
                ]
            }
        },
        {
            "type": "Feature",
            "properties": {
                "type": "radial",
                "name": "8:15",
                "width": 20
            },
            "geometry": {
                "type": "LineString",
                "coordinates": [
                    [
                        -119.2181756033558,
                        40.79171790651288
                    ],
                    [
                        -119.21912870612492,
                        40.79201664484251
                    ],
                    [
                        -119.22004837482201,
                        40.792304893691366
                    ],
                    [
                        -119.22098477297243,
                        40.792598375926524
                    ],
                    [
                        -119.22158674758334,
                        40.792787039080515
                    ],
                    [
                        -119.22223889060575,
                        40.79299142063381
                    ]
                ]
            }
        },
        {
            "type": "Feature",
            "properties": {
                "type": "radial",
                "name": "8:45",
                "width": 20
            },
            "geometry": {
                "type": "LineString",
                "coordinates": [
                    [
                        -119.21603129064036,
                        40.79453076665519
                    ],
                    [
                        -119.21684981007249,
                        40.79500610063339
                    ],
                    [
                        -119.2176396206357,
                        40.7954647507434
                    ],
                    [
                        -119.21844380260337,
                        40.79593173441332
                    ],
                    [
                        -119.21896078269972,
                        40.79623193525296
                    ],
                    [
                        -119.21952084974704,
                        40.79655715022549
                    ]
                ]
            }
        },
        {
            "type": "Feature",
            "properties": {
                "type": "radial",
                "name": "9:15",
                "width": 20
            },
            "geometry": {
                "type": "LineString",
                "coordinates": [
                    [
                        -119.21299821102608,
                        40.796827545725655
                    ],
                    [
                        -119.21362632790078,
                        40.79744708089481
                    ],
                    [
                        -119.21423241670111,
                        40.79804487475901
                    ],
                    [
                        -119.21484953651344,
                        40.79865353434423
                    ],
                    [
                        -119.21524626236886,
                        40.79904481377
                    ],
                    [
                        -119.21567605399017,
                        40.79946869828124
                    ]
                ]
            }
        },
        {
            "type": "Feature",
            "properties": {
                "type": "radial",
                "name": "9:45",
                "width": 20
            },
            "geometry": {
                "type": "LineString",
                "coordinates": [
                    [
                        -119.20928306380429,
                        40.79845166174262
                    ],
                    [
                        -119.20967793450639,
                        40.79917316876449
                    ],
                    [
                        -119.21005895823369,
                        40.7998693584744
                    ],
                    [
                        -119.21044691787706,
                        40.8005782048913
                    ],
                    [
                        -119.21069632488054,
                        40.80103389118744
                    ],
                    [
                        -119.2109665196655,
                        40.80152755073554
                    ]
                ]
            }
        },
        {
            "type": "Feature",
            "properties": {
                "ref": "centerCampPlazaRoad",
                "name": "Inner Circle"
            },
            "geometry": {
                "type": "LineString",
                "coordinates": [
                    [
                        -119.21066830006257,
                        40.78173584731129
                    ],
                    [
                        -119.21063436105192,
                        40.78173528655801
                    ],
                    [
                        -119.21060048664779,
                        40.78173360536561
                    ],
                    [
                        -119.2105667413338,
                        40.78173080693442
                    ],
                    [
                        -119.21053318934769,
                        40.781726896591564
                    ],
                    [
                        -119.21049989455928,
                        40.7817218817808
                    ],
                    [
                        -119.21046692034861,
                        40.781715772048344
                    ],
                    [
                        -119.21043432948552,
                        40.7817085790247
                    ],
                    [
                        -119.21040218401002,
                        40.7817003164026
                    ],
                    [
                        -119.21037054511423,
                        40.781690999910765
                    ],
                    [
                        -119.21033947302581,
                        40.78168064728412
                    ],
                    [
                        -119.21030902689344,
                        40.78166927822996
                    ],
                    [
                        -119.2102792646741,
                        40.78165691439044
                    ],
                    [
                        -119.21025024302278,
                        40.78164357930139
                    ],
                    [
                        -119.21022201718466,
                        40.78162929834747
                    ],
                    [
                        -119.21019464088985,
                        40.781614098713895
                    ],
                    [
                        -119.21016816625122,
                        40.78159800933466
                    ],
                    [
                        -119.21014264366515,
                        40.78158106083742
                    ],
                    [
                        -119.2101181217155,
                        40.781563285485284
                    ],
                    [
                        -119.2100946470813,
                        40.781544717115274
                    ],
                    [
                        -119.21007226444777,
                        40.78152539107399
                    ],
                    [
                        -119.21005101642132,
                        40.781505344150304
                    ],
                    [
                        -119.21003094344837,
                        40.7814846145053
                    ],
                    [
                        -119.21001208373846,
                        40.78146324159967
                    ],
                    [
                        -119.20999447319149,
                        40.78144126611853
                    ],
                    [
                        -119.20997814532932,
                        40.78141872989404
                    ],
                    [
                        -119.20996313123202,
                        40.781395675825756
                    ],
                    [
                        -119.20994945947878,
                        40.781372147798905
                    ],
                    [
                        -119.20993715609337,
                        40.78134819060091
                    ],
                    [
                        -119.20992624449471,
                        40.78132384983609
                    ],
                    [
                        -119.20991674545229,
                        40.78129917183888
                    ],
                    [
                        -119.20990867704664,
                        40.78127420358559
                    ],
                    [
                        -119.2099020546349,
                        40.78124899260502
                    ],
                    [
                        -119.2098968908216,
                        40.78122358688794
                    ],
                    [
                        -119.20989319543476,
                        40.78119803479579
                    ],
                    [
                        -119.20989097550702,
                        40.781172384968556
                    ],
                    [
                        -119.20989023526249,
                        40.78114668623223
                    ],
                    [
                        -119.2098909761085,
                        40.78112098750585
                    ],
                    [
                        -119.20989319663316,
                        40.781095337708365
                    ],
                    [
                        -119.20989689260782,
                        40.78106978566555
                    ],
                    [
                        -119.20990205699529,
                        40.78104438001702
                    ],
                    [
                        -119.20990867996329,
                        40.78101916912368
                    ],
                    [
                        -119.20991674890298,
                        40.78099420097564
                    ],
                    [
                        -119.20992624845317,
                        40.7809695231009
                    ],
                    [
                        -119.20993716052948,
                        40.78094518247485
                    ],
                    [
                        -119.20994946435879,
                        40.78092122543086
                    ],
                    [
                        -119.2099631365188,
                        40.78089769757207
                    ],
                    [
                        -119.2099781509826,
                        40.78087464368462
                    ],
                    [
                        -119.20999447916826,
                        40.78085210765239
                    ],
                    [
                        -119.21001208999324,
                        40.78083013237344
                    ],
                    [
                        -119.21003094993355,
                        40.780808759678386
                    ],
                    [
                        -119.21005102308753,
                        40.78078803025079
                    ],
                    [
                        -119.21007227124431,
                        40.78076798354964
                    ],
                    [
                        -119.21009465395642,
                        40.78074865773436
                    ],
                    [
                        -119.21011812861687,
                        40.780730089592076
                    ],
                    [
                        -119.21014265054026,
                        40.78071231446767
                    ],
                    [
                        -119.21016817304776,
                        40.780695366196426
                    ],
                    [
                        -119.21019464755607,
                        40.78067927703974
                    ],
                    [
                        -119.21022202366984,
                        40.78066407762356
                    ],
                    [
                        -119.21025024927756,
                        40.78064979688023
                    ],
                    [
                        -119.21027927065087,
                        40.78063646199336
                    ],
                    [
                        -119.21030903254673,
                        40.78062409834609
                    ],
                    [
                        -119.21033947831258,
                        40.78061272947278
                    ],
                    [
                        -119.21037054999424,
                        40.7806023770142
                    ],
                    [
                        -119.21040218844617,
                        40.78059306067636
                    ],
                    [
                        -119.21043433344401,
                        40.78058479819302
                    ],
                    [
                        -119.2104669237993,
                        40.78057760529186
                    ],
                    [
                        -119.21049989747593,
                        40.78057149566465
                    ],
                    [
                        -119.21053319170812,
                        40.78056648094111
                    ],
                    [
                        -119.21056674312,
                        40.7805625706668
                    ],
                    [
                        -119.21060048784622,
                        40.78055977228496
                    ],
                    [
                        -119.21063436165339,
                        40.78055809112231
                    ],
                    [
                        -119.21066830006257,
                        40.78055753037897
                    ],
                    [
                        -119.21070223847175,
                        40.78055809112231
                    ],
                    [
                        -119.21073611227892,
                        40.78055977228496
                    ],
                    [
                        -119.21076985700515,
                        40.7805625706668
                    ],
                    [
                        -119.21080340841702,
                        40.78056648094111
                    ],
                    [
                        -119.21083670264922,
                        40.78057149566465
                    ],
                    [
                        -119.21086967632583,
                        40.78057760529186
                    ],
                    [
                        -119.21090226668113,
                        40.78058479819302
                    ],
                    [
                        -119.21093441167898,
                        40.78059306067636
                    ],
                    [
                        -119.2109660501309,
                        40.7806023770142
                    ],
                    [
                        -119.21099712181255,
                        40.78061272947278
                    ],
                    [
                        -119.21102756757841,
                        40.78062409834609
                    ],
                    [
                        -119.21105732947427,
                        40.78063646199336
                    ],
                    [
                        -119.21108635084758,
                        40.78064979688023
                    ],
                    [
                        -119.2111145764553,
                        40.78066407762356
                    ],
                    [
                        -119.21114195256908,
                        40.78067927703974
                    ],
                    [
                        -119.21116842707738,
                        40.780695366196426
                    ],
                    [
                        -119.21119394958488,
                        40.78071231446767
                    ],
                    [
                        -119.21121847150827,
                        40.780730089592076
                    ],
                    [
                        -119.21124194616873,
                        40.78074865773436
                    ],
                    [
                        -119.21126432888083,
                        40.78076798354964
                    ],
                    [
                        -119.21128557703761,
                        40.78078803025079
                    ],
                    [
                        -119.21130565019159,
                        40.780808759678386
                    ],
                    [
                        -119.2113245101319,
                        40.78083013237344
                    ],
                    [
                        -119.21134212095689,
                        40.78085210765239
                    ],
                    [
                        -119.21135844914255,
                        40.78087464368462
                    ],
                    [
                        -119.21137346360635,
                        40.78089769757207
                    ],
                    [
                        -119.21138713576636,
                        40.78092122543086
                    ],
                    [
                        -119.21139943959565,
                        40.78094518247485
                    ],
                    [
                        -119.21141035167196,
                        40.7809695231009
                    ],
                    [
                        -119.21141985122216,
                        40.78099420097564
                    ],
                    [
                        -119.21142792016185,
                        40.78101916912368
                    ],
                    [
                        -119.21143454312985,
                        40.78104438001702
                    ],
                    [
                        -119.21143970751731,
                        40.78106978566555
                    ],
                    [
                        -119.21144340349198,
                        40.781095337708365
                    ],
                    [
                        -119.21144562401663,
                        40.78112098750585
                    ],
                    [
                        -119.21144636486265,
                        40.78114668623223
                    ],
                    [
                        -119.21144562461812,
                        40.781172384968556
                    ],
                    [
                        -119.21144340469039,
                        40.78119803479579
                    ],
                    [
                        -119.21143970930355,
                        40.78122358688794
                    ],
                    [
                        -119.21143454549025,
                        40.78124899260502
                    ],
                    [
                        -119.2114279230785,
                        40.78127420358559
                    ],
                    [
                        -119.21141985467285,
                        40.78129917183888
                    ],
                    [
                        -119.21141035563043,
                        40.78132384983609
                    ],
                    [
                        -119.21139944403177,
                        40.78134819060091
                    ],
                    [
                        -119.21138714064637,
                        40.781372147798905
                    ],
                    [
                        -119.21137346889311,
                        40.781395675825756
                    ],
                    [
                        -119.21135845479583,
                        40.78141872989404
                    ],
                    [
                        -119.21134212693364,
                        40.78144126611853
                    ],
                    [
                        -119.21132451638667,
                        40.78146324159967
                    ],
                    [
                        -119.21130565667677,
                        40.7814846145053
                    ],
                    [
                        -119.21128558370383,
                        40.781505344150304
                    ],
                    [
                        -119.21126433567737,
                        40.78152539107399
                    ],
                    [
                        -119.21124195304384,
                        40.781544717115274
                    ],
                    [
                        -119.21121847840965,
                        40.781563285485284
                    ],
                    [
                        -119.21119395646,
                        40.78158106083742
                    ],
                    [
                        -119.21116843387392,
                        40.78159800933466
                    ],
                    [
                        -119.21114195923529,
                        40.781614098713895
                    ],
                    [
                        -119.21111458294048,
                        40.78162929834747
                    ],
                    [
                        -119.21108635710236,
                        40.78164357930139
                    ],
                    [
                        -119.21105733545103,
                        40.78165691439044
                    ],
                    [
                        -119.2110275732317,
                        40.78166927822996
                    ],
                    [
                        -119.21099712709933,
                        40.78168064728412
                    ],
                    [
                        -119.21096605501091,
                        40.781690999910765
                    ],
                    [
                        -119.21093441611512,
                        40.7817003164026
                    ],
                    [
                        -119.21090227063962,
                        40.7817085790247
                    ],
                    [
                        -119.21086967977654,
                        40.781715772048344
                    ],
                    [
                        -119.21083670556587,
                        40.7817218817808
                    ],
                    [
                        -119.21080341077744,
                        40.781726896591564
                    ],
                    [
                        -119.21076985879134,
                        40.78173080693442
                    ],
                    [
                        -119.21073611347735,
                        40.78173360536561
                    ],
                    [
                        -119.21070223907323,
                        40.78173528655801
                    ],
                    [
                        -119.21066830006257,
                        40.78173584731129
                    ]
                ]
            }
        },
        {
            "type": "Feature",
            "properties": {
                "ref": "frontage_arc"
            },
            "geometry": {
                "type": "LineString",
                "coordinates": [
                    [
                        -119.21212775413206,
                        40.78298584603509
                    ],
                    [
                        -119.21202041714953,
                        40.78303229988698
                    ],
                    [
                        -119.21191050611618,
                        40.78307516428424
                    ],
                    [
                        -119.21179823026718,
                        40.78311435762503
                    ],
                    [
                        -119.21168380334073,
                        40.78314980529603
                    ],
                    [
                        -119.21156744317132,
                        40.783181439814534
                    ],
                    [
                        -119.21144937127467,
                        40.78320920095696
                    ],
                    [
                        -119.21132981242616,
                        40.78323303587351
                    ],
                    [
                        -119.21120899423268,
                        40.7832528991888
                    ],
                    [
                        -119.21108714669926,
                        40.78326875308832
                    ],
                    [
                        -119.21096450179105,
                        40.78328056739039
                    ],
                    [
                        -119.21084129299173,
                        40.78328831960364
                    ],
                    [
                        -119.21079190409749,
                        40.78329027953767
                    ],
                    [
                        -119.21066830006257,
                        40.78329232177072
                    ],
                    [
                        -119.21054469602765,
                        40.78329027953767
                    ],
                    [
                        -119.21042132730281,
                        40.783284156726396
                    ],
                    [
                        -119.21029842875004,
                        40.78327396499315
                    ],
                    [
                        -119.21017623433592,
                        40.783259723740336
                    ],
                    [
                        -119.21005497668624,
                        40.78324146007959
                    ],
                    [
                        -119.20993488664286,
                        40.783219208780125
                    ],
                    [
                        -119.2098161928242,
                        40.78319301220254
                    ],
                    [
                        -119.20969912118994,
                        40.78316292021815
                    ],
                    [
                        -119.20958389461066,
                        40.783128990114
                    ],
                    [
                        -119.2094707324435,
                        40.78309128648381
                    ],
                    [
                        -119.20935985011448,
                        40.78304988110494
                    ],
                    [
                        -119.20925145870828,
                        40.783004852801724
                    ],
                    [
                        -119.20914576456633,
                        40.78295628729538
                    ],
                    [
                        -119.209042968894,
                        40.78290427704076
                    ],
                    [
                        -119.20894326737738,
                        40.7828489210503
                    ],
                    [
                        -119.20884684981084,
                        40.78279032470552
                    ],
                    [
                        -119.20875389973561,
                        40.782728599556314
                    ],
                    [
                        -119.20866459409044,
                        40.78266386310855
                    ],
                    [
                        -119.20857910287465,
                        40.78259623860037
                    ],
                    [
                        -119.20849758882468,
                        40.782525854767485
                    ],
                    [
                        -119.20842020710418,
                        40.782452845598065
                    ],
                    [
                        -119.2083471050087,
                        40.78237735007766
                    ],
                    [
                        -119.20827842168536,
                        40.782299511924485
                    ],
                    [
                        -119.20821428786809,
                        40.78221947931587
                    ],
                    [
                        -119.20815482562868,
                        40.7821374046061
                    ],
                    [
                        -119.2081001481447,
                        40.78205344403631
                    ],
                    [
                        -119.2080503594839,
                        40.78196775743705
                    ],
                    [
                        -119.20800555440653,
                        40.781880507924015
                    ],
                    [
                        -119.2079658181847,
                        40.78179186158742
                    ],
                    [
                        -119.20793122644054,
                        40.781701987175886
                    ],
                    [
                        -119.20790184500214,
                        40.781611055775066
                    ],
                    [
                        -119.20787772977857,
                        40.78151924048205
                    ],
                    [
                        -119.20785892665346,
                        40.781426716075764
                    ],
                    [
                        -119.20784547139789,
                        40.78133365868427
                    ],
                    [
                        -119.20783738960246,
                        40.78124024544946
                    ],
                    [
                        -119.20783469662875,
                        40.78114665418987
                    ],
                    [
                        -119.20783739758019,
                        40.78105306306215
                    ],
                    [
                        -119.20784548729262,
                        40.780959650221966
                    ],
                    [
                        -119.20785895034423,
                        40.780866593484824
                    ],
                    [
                        -119.20787776108507,
                        40.78077406998766
                    ],
                    [
                        -119.2079018836861,
                        40.780682255851595
                    ],
                    [
                        -119.20793127220755,
                        40.78059132584678
                    ],
                    [
                        -119.20796587068646,
                        40.78050145305965
                    ],
                    [
                        -119.20800561324347,
                        40.78041280856351
                    ],
                    [
                        -119.20805042420828,
                        40.78032556109297
                    ],
                    [
                        -119.20810021826384,
                        40.78023987672272
                    ],
                    [
                        -119.20815490060899,
                        40.78015591855146
                    ],
                    [
                        -119.20821436713891,
                        40.780073846391495
                    ],
                    [
                        -119.20823946826464,
                        40.78004158073182
                    ],
                    [
                        -119.21212775413206,
                        40.78298584603509
                    ],
                    [
                        -119.21202041714953,
                        40.78303229988698
                    ],
                    [
                        -119.21191050611618,
                        40.78307516428424
                    ],
                    [
                        -119.21179823026718,
                        40.78311435762503
                    ],
                    [
                        -119.21168380334073,
                        40.78314980529603
                    ],
                    [
                        -119.21156744317132,
                        40.783181439814534
                    ],
                    [
                        -119.21144937127467,
                        40.78320920095696
                    ],
                    [
                        -119.21132981242616,
                        40.78323303587351
                    ],
                    [
                        -119.21120899423268,
                        40.7832528991888
                    ],
                    [
                        -119.21108714669926,
                        40.78326875308832
                    ],
                    [
                        -119.21096450179105,
                        40.78328056739039
                    ],
                    [
                        -119.21084129299173,
                        40.78328831960364
                    ],
                    [
                        -119.21079190409749,
                        40.78329027953767
                    ]
                ]
            }
        },
        {
            "type": "Feature",
            "geometry": {
                "type": "MultiLineString",
                "coordinates": [
                    [
                        [
                            -119.22024560144372,
                            40.773880967630454
                        ],
                        [
                            -119.21924770756867,
                            40.77463665263122
                        ]
                    ],
                    [
                        [
                            -119.21924770756867,
                            40.77463665263122
                        ],
                        [
                            -119.2151234291187,
                            40.774141801884426
                        ]
                    ],
                    [
                        [
                            -119.21924770756867,
                            40.77463665263122
                        ],
                        [
                            -119.2198993908862,
                            40.777752209664975
                        ]
                    ]
                ]
            },
            "properties": {
                "ref": "entrance",
                "name": "Entrance Road"
            }
        },
        {
            "type": "Feature",
            "properties": {
                "ref": "airport",
                "name": "Airport Road"
            },
            "geometry": {
                "type": "LineString",
                "coordinates": [
                    [
                        -119.208384,
                        40.771725
                    ],
                    [
                        -119.20771256599184,
                        40.76439352458078
                    ]
                ]
            }
        }
    ]
}