{
    "type": "FeatureCollection",
    "features": [
        {
            "type": "Feature",
            "properties": {},
            "geometry": {
                "type": "Polygon",
                "coordinates": [
                    [
                        [
                            -119.22874612227487,
                            40.7832401192814
                        ],
                        [
                            -119.22874610514751,
                            40.783239945699165
                        ],
                        [
                            -119.22874610482884,
                            40.783238928490135
                        ],
                        [
                            -119.22872605986048,
                            40.78255082754994
                        ],
                        [
                            -119.22872592291661,
                            40.78254846460283
                        ],
                        [
                            -119.22866625868294,
                            40.78186168061024
                        ],
                        [
                            -119.22866598753541,
                            40.78185933941509
                        ],
                        [
                            -119.22856681883171,
                            40.781175179641274
                        ],
                        [
                            -119.22856641735882,
                            40.781172873923055
                        ],
                        [
                            -119.22842793416073,
                            40.780492640603775
                        ],
                        [
                            -119.22842740794462,
                            40.780490383127315
                        ],
                        [
                            -119.22824987503715,
                            40.77981537098483
                        ],
                        [
                            -119.22824923111872,
                            40.77981317326037
                        ],
                        [
                            -119.22803298758336,
                            40.77914466703993
                        ],
                        [
                            -119.22803223417002,
                            40.77914253910369
                        ],
                        [
                            -119.22777769273057,
                            40.778481811129275
                        ],
                        [
                            -119.2277768388787,
                            40.77847976140564
                        ],
                        [
                            -119.22748448510745,
                            40.777828069159746
                        ],
                        [
                            -119.22748354040232,
                            40.777826104404404
                        ],
                        [
                            -119.2271539317877,
                            40.77718468813614
                        ],
                        [
                            -119.22715290603949,
                            40.777182813452896
                        ],
                        [
                            -119.22678667091753,
                            40.77655289381937
                        ],
                        [
                            -119.22678557388879,
                            40.776551112738986
                        ],
                        [
                            -119.22638341024009,
                            40.7759338884841
                        ],
                        [
                            -119.22638225141421,
                            40.7759322030909
                        ],
                        [
                            -119.22597490934058,
                            40.77537021577172
                        ],
                        [
                            -119.2277303594326,
                            40.77460232188942
                        ],
                        [
                            -119.22773739668354,
                            40.77459838064389
                        ],
                        [
                            -119.2277435298168,
                            40.77459314222873
                        ],
                        [
                            -119.22774852313954,
                            40.774586807953305
                        ],
                        [
                            -119.22775218476114,
                            40.77457962124027
                        ],
                        [
                            -119.22775437396754,
                            40.774571858270974
                        ],
                        [
                            -119.2277550066288,
                            40.77456381737197
                        ],
                        [
                            -119.22775405843205,
                            40.7745558075505
                        ],
                        [
                            -119.22775156581599,
                            40.77454813661951
                        ],
                        [
                            -119.22774762457047,
                            40.77454109936858
                        ],
                        [
                            -119.22774238615531,
                            40.77453496623531
                        ],
                        [
                            -119.22773605187989,
                            40.774529972912575
                        ],
                        [
                            -119.22772886516685,
                            40.77452631129097
                        ],
                        [
                            -119.22772110219755,
                            40.77452412208456
                        ],
                        [
                            -119.22771306129854,
                            40.77452348942331
                        ],
                        [
                            -119.22770505147707,
                            40.77452443762005
                        ],
                        [
                            -119.22769738054609,
                            40.77452693023611
                        ],
                        [
                            -119.22592399913782,
                            40.77530266788914
                        ],
                        [
                            -119.2254720589389,
                            40.77473892358829
                        ],
                        [
                            -119.2254708029735,
                            40.77473743085207
                        ],
                        [
                            -119.22496571727618,
                            40.774165232156896
                        ],
                        [
                            -119.2249644246696,
                            40.77416383435662
                        ],
                        [
                            -119.22466564278383,
                            40.7738553713288
                        ],
                        [
                            -119.22407099309996,
                            40.77101232401063
                        ],
                        [
                            -119.22504837863217,
                            40.77027212900088
                        ],
                        [
                            -119.22505430030603,
                            40.7702666526795
                        ],
                        [
                            -119.22505903981927,
                            40.77026012632284
                        ],
                        [
                            -119.22506241503507,
                            40.77025280073513
                        ],
                        [
                            -119.22506429624579,
                            40.7702449574346
                        ],
                        [
                            -119.22506461115755,
                            40.77023689783488
                        ],
                        [
                            -119.22506334766845,
                            40.77022893166187
                        ],
                        [
                            -119.2250605543337,
                            40.77022136505114
                        ],
                        [
                            -119.22505633849954,
                            40.77021448878329
                        ],
                        [
                            -119.22505086217816,
                            40.77020856710944
                        ],
                        [
                            -119.22504433582151,
                            40.7702038275962
                        ],
                        [
                            -119.2250370102338,
                            40.77020045238039
                        ],
                        [
                            -119.22502916693327,
                            40.77019857116967
                        ],
                        [
                            -119.22502110733355,
                            40.77019825625792
                        ],
                        [
                            -119.22501314116055,
                            40.77019951974701
                        ],
                        [
                            -119.22500557454981,
                            40.770202313081775
                        ],
                        [
                            -119.22499869828196,
                            40.770206528915914
                        ],
                        [
                            -119.22401379220344,
                            40.770952419396565
                        ],
                        [
                            -119.22022529242034,
                            40.77049783204438
                        ],
                        [
                            -119.21983852449016,
                            40.77028312373933
                        ],
                        [
                            -119.21983712772324,
                            40.770282383086936
                        ],
                        [
                            -119.21908141969362,
                            40.76990007717608
                        ],
                        [
                            -119.21908002364634,
                            40.76989940364868
                        ],
                        [
                            -119.21834972095725,
                            40.76956387520815
                        ],
                        [
                            -119.21935891585724,
                            40.76823966440085
                        ],
                        [
                            -119.2193631525515,
                            40.76823280096595
                        ],
                        [
                            -119.21936596884915,
                            40.768225242871964
                        ],
                        [
                            -119.21936725652144,
                            40.76821728057222
                        ],
                        [
                            -119.21936696608384,
                            40.76820922005344
                        ],
                        [
                            -119.21936510869772,
                            40.768201371076835
                        ],
                        [
                            -119.21936175574136,
                            40.76819403527416
                        ],
                        [
                            -119.21935703606704,
                            40.76818749455622
                        ],
                        [
                            -119.21935113104915,
                            40.768182000279126
                        ],
                        [
                            -119.21934426761423,
                            40.76817776358486
                        ],
                        [
                            -119.21933670952026,
                            40.768174947287214
                        ],
                        [
                            -119.21932874722052,
                            40.76817365961493
                        ],
                        [
                            -119.21932068670174,
                            40.76817395005253
                        ],
                        [
                            -119.21931283772513,
                            40.76817580743865
                        ],
                        [
                            -119.21930550192246,
                            40.76817916039499
                        ],
                        [
                            -119.21929896120452,
                            40.76818388006933
                        ],
                        [
                            -119.21929346692741,
                            40.768189785087216
                        ],
                        [
                            -119.21827234438214,
                            40.769529646703695
                        ],
                        [
                            -119.21750481749947,
                            40.769210830985415
                        ],
                        [
                            -119.21750342649764,
                            40.76921028260854
                        ],
                        [
                            -119.21668831699346,
                            40.768905934127886
                        ],
                        [
                            -119.21668692962967,
                            40.768905444190516
                        ],
                        [
                            -119.21585507406704,
                            40.768628306634085
                        ],
                        [
                            -119.21585369070331,
                            40.76862787268284
                        ],
                        [
                            -119.21500667173463,
                            40.7683784732542
                        ],
                        [
                            -119.21500529249826,
                            40.76837809307612
                        ],
                        [
                            -119.21414472156457,
                            40.76815690620644
                        ],
                        [
                            -119.21414334638445,
                            40.76815657783427
                        ],
                        [
                            -119.21330008024842,
                            40.76797047291049
                        ],
                        [
                            -119.21260343302136,
                            40.760801854847344
                        ],
                        [
                            -119.21260186974781,
                            40.760793942041715
                        ],
                        [
                            -119.21259879280036,
                            40.76078648625796
                        ],
                        [
                            -119.21259432042432,
                            40.76077977401768
                        ],
                        [
                            -119.21258862449062,
                            40.76077406326849
                        ],
                        [
                            -119.2125819238908,
                            40.760769573471286
                        ],
                        [
                            -119.21257447612513,
                            40.760766477166456
                        ],
                        [
                            -119.21256656740708,
                            40.76076489334325
                        ],
                        [
                            -119.21255850166425,
                            40.76076488286712
                        ],
                        [
                            -119.21255058885862,
                            40.76076644614065
                        ],
                        [
                            -119.21254313307487,
                            40.760769523088115
                        ],
                        [
                            -119.2125364208346,
                            40.76077399546415
                        ],
                        [
                            -119.2125307100854,
                            40.76077969139785
                        ],
                        [
                            -119.2125262202882,
                            40.760786391997684
                        ],
                        [
                            -119.21252312398336,
                            40.76079383976335
                        ],
                        [
                            -119.21252154016017,
                            40.76080174848139
                        ],
                        [
                            -119.21252152968403,
                            40.76080981422422
                        ],
                        [
                            -119.21321578268068,
                            40.767953795250584
                        ],
                        [
                            -119.21238674855586,
                            40.767800192047204
                        ],
                        [
                            -119.21238538064036,
                            40.767799962378376
                        ],
                        [
                            -119.21149406414959,
                            40.76766571915174
                        ],
                        [
                            -119.21149269919499,
                            40.767665536877345
                        ],
                        [
                            -119.21059450248576,
                            40.76756085973453
                        ],
                        [
                            -119.21059313992045,
                            40.76756072387941
                        ],
                        [
                            -119.20968977158735,
                            40.76748581193923
                        ],
                        [
                            -119.20968841077416,
                            40.76748572177371
                        ],
                        [
                            -119.20878158922847,
                            40.76744071753444
                        ],
                        [
                            -119.20878022948452,
                            40.76744067257294
                        ],
                        [
                            -119.2078716796923,
                            40.767425661641894
                        ],
                        [
                            -119.20787105700506,
                            40.767425661641894
                        ],
                        [
                            -119.207871,
                            40.767425656027385
                        ],
                        [
                            -119.20787094299493,
                            40.767425661641894
                        ],
                        [
                            -119.20787032030769,
                            40.767425661641894
                        ],
                        [
                            -119.20696177051546,
                            40.76744067257294
                        ],
                        [
                            -119.20696041077152,
                            40.76744071753444
                        ],
                        [
                            -119.20605358922583,
                            40.76748572177371
                        ],
                        [
                            -119.20605222841264,
                            40.76748581193923
                        ],
                        [
                            -119.20514886007953,
                            40.76756072387941
                        ],
                        [
                            -119.20514749751422,
                            40.76756085973453
                        ],
                        [
                            -119.204249300805,
                            40.767665536877345
                        ],
                        [
                            -119.2042479358504,
                            40.76766571915174
                        ],
                        [
                            -119.20335661935962,
                            40.767799962378376
                        ],
                        [
                            -119.20335525144412,
                            40.767800192047204
                        ],
                        [
                            -119.20247251070622,
                            40.767963745996354
                        ],
                        [
                            -119.20247113934532,
                            40.76796402428172
                        ],
                        [
                            -119.20159865361556,
                            40.76815657783427
                        ],
                        [
                            -119.20159727843544,
                            40.76815690620644
                        ],
                        [
                            -119.20073670750173,
                            40.76837809307612
                        ],
                        [
                            -119.20073532826537,
                            40.7683784732542
                        ],
                        [
                            -119.19988830929667,
                            40.76862787268284
                        ],
                        [
                            -119.19988692593294,
                            40.768628306634085
                        ],
                        [
                            -119.1990550703703,
                            40.768905444190516
                        ],
                        [
                            -119.19905368300653,
                            40.768905934127886
                        ],
                        [
                            -119.19823857350234,
                            40.76921028260854
                        ],
                        [
                            -119.1982371825005,
                            40.769210830985415
                        ],
                        [
                            -119.19744036991236,
                            40.769541811415365
                        ],
                        [
                            -119.1974389759095,
                            40.769542420916494
                        ],
                        [
                            -119.19666197635365,
                            40.76989940364868
                        ],
                        [
                            -119.19666058030637,
                            40.76990007717608
                        ],
                        [
                            -119.19590487227676,
                            40.770282383086936
                        ],
                        [
                            -119.19590347550984,
                            40.77028312373933
                        ],
                        [
                            -119.195170497068,
                            40.77069002551839
                        ],
                        [
                            -119.19516910132694,
                            40.770690836562466
                        ],
                        [
                            -119.1944602473683,
                            40.77112156009354
                        ],
                        [
                            -119.1944588548749,
                            40.77112244492523
                        ],
                        [
                            -119.19377547447611,
                            40.771576170756624
                        ],
                        [
                            -119.19377408798621,
                            40.7715771328504
                        ],
                        [
                            -119.19311748183941,
                            40.772052997751324
                        ],
                        [
                            -119.19311610470076,
                            40.772054040595485
                        ],
                        [
                            -119.19248752263859,
                            40.77255113919574
                        ],
                        [
                            -119.19248615884672,
                            40.77255226621167
                        ],
                        [
                            -119.19188679746385,
                            40.77306965272154
                        ],
                        [
                            -119.19188545171248,
                            40.77307086716525
                        ],
                        [
                            -119.19131645208724,
                            40.77360755717229
                        ],
                        [
                            -119.19131512980913,
                            40.773608862017156
                        ],
                        [
                            -119.19077757533042,
                            40.77416383435662
                        ],
                        [
                            -119.19077628272383,
                            40.774165232156896
                        ],
                        [
                            -119.19027119702649,
                            40.77473743085207
                        ],
                        [
                            -119.19026994106109,
                            40.77473892358829
                        ],
                        [
                            -119.1897982860749,
                            40.77532725985726
                        ],
                        [
                            -119.18979707447097,
                            40.77532884876602
                        ],
                        [
                            -119.18935974858576,
                            40.7759322030909
                        ],
                        [
                            -119.18935858975988,
                            40.7759338884841
                        ],
                        [
                            -119.18895642611119,
                            40.776551112738986
                        ],
                        [
                            -119.18895532908245,
                            40.77655289381937
                        ],
                        [
                            -119.18858909396049,
                            40.777182813452896
                        ],
                        [
                            -119.18858806821228,
                            40.77718468813614
                        ],
                        [
                            -119.18825845959768,
                            40.777826104404404
                        ],
                        [
                            -119.18825751489254,
                            40.777828069159746
                        ],
                        [
                            -119.1879651611213,
                            40.77847976140564
                        ],
                        [
                            -119.18796430726943,
                            40.778481811129275
                        ],
                        [
                            -119.18770976582996,
                            40.77914253910369
                        ],
                        [
                            -119.18770884993991,
                            40.77914585430335
                        ],
                        [
                            -119.18770783835274,
                            40.77914914156558
                        ],
                        [
                            -119.18770777731386,
                            40.77914973683217
                        ],
                        [
                            -119.18770761796657,
                            40.77915031361331
                        ],
                        [
                            -119.18770736643846,
                            40.77915374379351
                        ],
                        [
                            -119.18770701560167,
                            40.7791571652429
                        ],
                        [
                            -119.1877070718664,
                            40.77915776097966
                        ],
                        [
                            -119.18770702810532,
                            40.77915835776527
                        ],
                        [
                            -119.18770745060525,
                            40.77916177110642
                        ],
                        [
                            -119.18770777400134,
                            40.77916519525828
                        ],
                        [
                            -119.18770794540742,
                            40.779165768571424
                        ],
                        [
                            -119.18770801891431,
                            40.77916636242732
                        ],
                        [
                            -119.18770909920588,
                            40.77916962775658
                        ],
                        [
                            -119.18771008440686,
                            40.77917292302273
                        ],
                        [
                            -119.18771036436725,
                            40.77917345188012
                        ],
                        [
                            -119.18771055231727,
                            40.779174019984794
                        ],
                        [
                            -119.1877122488854,
                            40.7791770118171
                        ],
                        [
                            -119.18771385803063,
                            40.7791800515626
                        ],
                        [
                            -119.18771423578666,
                            40.77918051564061
                        ],
                        [
                            -119.18771453095697,
                            40.77918103616205
                        ],
                        [
                            -119.18771677860337,
                            40.77918363952291
                        ],
                        [
                            -119.18771894985441,
                            40.77918630693209
                        ],
                        [
                            -119.18771941088913,
                            40.779186688396464
                        ],
                        [
                            -119.1877198019365,
                            40.77918714133133
                        ],
                        [
                            -119.18772251428555,
                            40.77918925617531
                        ],
                        [
                            -119.18772516420229,
                            40.779191448740875
                        ],
                        [
                            -119.18772569079832,
                            40.779191732932084
                        ],
                        [
                            -119.18772616269506,
                            40.7791921008744
                        ],
                        [
                            -119.18772923551273,
                            40.77919364592921
                        ],
                        [
                            -119.18773226226034,
                            40.77919527939211
                        ],
                        [
                            -119.18773283418096,
                            40.779195455388894
                        ],
                        [
                            -119.1877333687923,
                            40.77919572419879
                        ],
                        [
                            -119.18773668399179,
                            40.779196640088806
                        ],
                        [
                            -119.18773997125419,
                            40.779197651676036
                        ],
                        [
                            -119.18840428292617,
                            40.77933256195326
                        ],
                        [
                            -119.18903363338818,
                            40.77946036819045
                        ],
                        [
                            -119.19001262770536,
                            40.77965917107578
                        ],
                        [
                            -119.19099162788244,
                            40.77985796568776
                        ],
                        [
                            -119.19197063405629,
                            40.78005675205414
                        ],
                        [
                            -119.19366642610133,
                            40.780401058786246
                        ],
                        [
                            -119.19466293073333,
                            40.780603371796566
                        ],
                        [
                            -119.19564195874261,
                            40.78080212710877
                        ],
                        [
                            -119.19626978414752,
                            40.780929577694316
                        ],
                        [
                            -119.19626855259618,
                            40.78093666086169
                        ],
                        [
                            -119.19626717493645,
                            40.7809605513738
                        ],
                        [
                            -119.19626855233678,
                            40.78098444189451
                        ],
                        [
                            -119.19627267431727,
                            40.78100815060242
                        ],
                        [
                            -119.19627950951003,
                            40.781031497059665
                        ],
                        [
                            -119.19628900589782,
                            40.78105430358514
                        ],
                        [
                            -119.19630109120982,
                            40.78107639660675
                        ],
                        [
                            -119.19631567347159,
                            40.781097607982495
                        ],
                        [
                            -119.19633264170504,
                            40.781117776280055
                        ],
                        [
                            -119.19635186677289,
                            40.7811367480055
                        ],
                        [
                            -119.19637320236154,
                            40.781154378771454
                        ],
                        [
                            -119.19639648609454,
                            40.781170534396026
                        ],
                        [
                            -119.19642154076838,
                            40.781185091924065
                        ],
                        [
                            -119.19644817570108,
                            40.781197940562855
                        ],
                        [
                            -119.19647618818347,
                            40.78120898252552
                        ],
                        [
                            -119.1965053650219,
                            40.78121813377513
                        ],
                        [
                            -119.196535484161,
                            40.78122532466435
                        ],
                        [
                            -119.19656631637349,
                            40.781230500465526
                        ],
                        [
                            -119.19659762700485,
                            40.78123362178722
                        ],
                        [
                            -119.19662917775949,
                            40.78123466487399
                        ],
                        [
                            -119.19666072851413,
                            40.78123362178722
                        ],
                        [
                            -119.1966920391455,
                            40.781230500465526
                        ],
                        [
                            -119.19672287135796,
                            40.78122532466435
                        ],
                        [
                            -119.19675299049706,
                            40.78121813377513
                        ],
                        [
                            -119.1967821673355,
                            40.78120898252552
                        ],
                        [
                            -119.1968101798179,
                            40.781197940562855
                        ],
                        [
                            -119.19683681475061,
                            40.781185091924065
                        ],
                        [
                            -119.19686186942444,
                            40.781170534396026
                        ],
                        [
                            -119.19688515315744,
                            40.781154378771454
                        ],
                        [
                            -119.19690648874608,
                            40.7811367480055
                        ],
                        [
                            -119.19692571381394,
                            40.781117776280055
                        ],
                        [
                            -119.19694268204738,
                            40.781097607982495
                        ],
                        [
                            -119.19695726430915,
                            40.78107639660675
                        ],
                        [
                            -119.1969608394815,
                            40.78106986087478
                        ],
                        [
                            -119.19760003244141,
                            40.78119961293227
                        ],
                        [
                            -119.19912105162804,
                            40.78150835126757
                        ],
                        [
                            -119.19912164794046,
                            40.781508412354896
                        ],
                        [
                            -119.19912222575283,
                            40.78150857189489
                        ],
                        [
                            -119.19912565493485,
                            40.78150882283867
                        ],
                        [
                            -119.19912907538558,
                            40.78150917323584
                        ],
                        [
                            -119.19912967215755,
                            40.78150911681461
                        ],
                        [
                            -119.19913026999215,
                            40.78150916056349
                        ],
                        [
                            -119.1991336822402,
                            40.78150873768521
                        ],
                        [
                            -119.19913710532694,
                            40.78150841405277
                        ],
                        [
                            -119.19913767962485,
                            40.78150824229123
                        ],
                        [
                            -119.19913827450722,
                            40.78150816856774
                        ],
                        [
                            -119.19914153869026,
                            40.78150708811843
                        ],
                        [
                            -119.19914483286595,
                            40.78150610289336
                        ],
                        [
                            -119.19914536261994,
                            40.78150582239217
                        ],
                        [
                            -119.199145931689,
                            40.781505634029486
                        ],
                        [
                            -119.19914892236632,
                            40.78150393753028
                        ],
                        [
                            -119.19915196103763,
                            40.78150232857415
                        ],
                        [
                            -119.19915242588947,
                            40.78150195011284
                        ],
                        [
                            -119.1991529472763,
                            40.78150165434962
                        ],
                        [
                            -119.19915554951804,
                            40.78149940699595
                        ],
                        [
                            -119.19915821591034,
                            40.78149723614011
                        ],
                        [
                            -119.19915859799605,
                            40.781496774262735
                        ],
                        [
                            -119.19915905166404,
                            40.781496382464994
                        ],
                        [
                            -119.19916116546742,
                            40.781493670621494
                        ],
                        [
                            -119.19916335711284,
                            40.781491021290634
                        ],
                        [
                            -119.19916364174907,
                            40.781490493746865
                        ],
                        [
                            -119.199164010264,
                            40.78149002097119
                        ],
                        [
                            -119.19916555439686,
                            40.781486948852326
                        ],
                        [
                            -119.19916718707157,
                            40.781483922858904
                        ],
                        [
                            -119.19916736331989,
                            40.78148334992203
                        ],
                        [
                            -119.19916763251999,
                            40.78148281433684
                        ],
                        [
                            -119.1992777626792,
                            40.78119681670276
                        ],
                        [
                            -119.19940381975069,
                            40.78091571487959
                        ],
                        [
                            -119.19954597742263,
                            40.7806389879537
                        ],
                        [
                            -119.19970397286572,
                            40.78036716196806
                        ],
                        [
                            -119.19987751280505,
                            40.780100754971464
                        ],
                        [
                            -119.20006627388841,
                            40.77984027588402
                        ],
                        [
                            -119.2002699031587,
                            40.77958622335524
                        ],
                        [
                            -119.20048801862747,
                            40.77933908463279
                        ],
                        [
                            -119.200720209944,
                            40.779099334453825
                        ],
                        [
                            -119.20096603915333,
                            40.77886743396924
                        ],
                        [
                            -119.20122504153785,
                            40.77864382970594
                        ],
                        [
                            -119.20147242793638,
                            40.77844817046647
                        ],
                        [
                            -119.2073264697172,
                            40.78288125483415
                        ],
                        [
                            -119.20731636338981,
                            40.78288960587627
                        ],
                        [
                            -119.20727791173114,
                            40.78292754904144
                        ],
                        [
                            -119.2072439737684,
                            40.78296788536848
                        ],
                        [
                            -119.20721480779495,
                            40.78301030787766
                        ],
                        [
                            -119.20719063578825,
                            40.78305449371174
                        ],
                        [
                            -119.20717164172028,
                            40.78310010659302
                        ],
                        [
                            -119.20715797015708,
                            40.78314679938251
                        ],
                        [
                            -119.20714972515823,
                            40.78319421672177
                        ],
                        [
                            -119.20714696948464,
                            40.7832419977374
                        ],
                        [
                            -119.20714972412047,
                            40.78328977878741
                        ],
                        [
                            -119.20715796811302,
                            40.78333719622875
                        ],
                        [
                            -119.20717163873209,
                            40.78338388918492
                        ],
                        [
                            -119.20719063194672,
                            40.78342950229241
                        ],
                        [
                            -119.20721480321679,
                            40.783473688405365
                        ],
                        [
                            -119.20724396859272,
                            40.78351611123762
                        ],
                        [
                            -119.20727790611524,
                            40.783556447922116
                        ],
                        [
                            -119.20731635750425,
                            40.78359439146825
                        ],
                        [
                            -119.20732641385946,
                            40.78360270132771
                        ],
                        [
                            -119.20144611134201,
                            40.788054697599904
                        ],
                        [
                            -119.20144018890888,
                            40.78806017310014
                        ],
                        [
                            -119.20143544849074,
                            40.78806669879957
                        ],
                        [
                            -119.20143207225922,
                            40.788074023919215
                        ],
                        [
                            -119.20143018996099,
                            40.78808186695883
                        ],
                        [
                            -119.20142987393172,
                            40.78808992651481
                        ],
                        [
                            -119.20143113631623,
                            40.78809789286292
                        ],
                        [
                            -119.2014339286018,
                            40.7881054598609
                        ],
                        [
                            -119.20143814348245,
                            40.78811233671324
                        ],
                        [
                            -119.2014436189827,
                            40.788118259146366
                        ],
                        [
                            -119.20145014468213,
                            40.78812299956449
                        ],
                        [
                            -119.20145746980177,
                            40.78812637579602
                        ],
                        [
                            -119.20146531284138,
                            40.78812825809425
                        ],
                        [
                            -119.20147337239736,
                            40.78812857412352
                        ],
                        [
                            -119.20148133874548,
                            40.78812731173901
                        ],
                        [
                            -119.20148890574345,
                            40.78812451945344
                        ],
                        [
                            -119.20149578259579,
                            40.788120304572786
                        ],
                        [
                            -119.20739457093758,
                            40.7836543126225
                        ],
                        [
                            -119.20740559921288,
                            40.78366196444579
                        ],
                        [
                            -119.20745571034918,
                            40.78369107959708
                        ],
                        [
                            -119.20750898215445,
                            40.783716776964056
                        ],
                        [
                            -119.20756500919303,
                            40.78373886097017
                        ],
                        [
                            -119.20762336505858,
                            40.7837571635391
                        ],
                        [
                            -119.20768360561928,
                            40.7837715453741
                        ],
                        [
                            -119.20774527239841,
                            40.78378189701813
                        ],
                        [
                            -119.20780789606374,
                            40.78378813968703
                        ],
                        [
                            -119.207871,
                            40.78379022586917
                        ],
                        [
                            -119.20793410393624,
                            40.78378813968703
                        ],
                        [
                            -119.20799672760157,
                            40.78378189701813
                        ],
                        [
                            -119.20805839438071,
                            40.7837715453741
                        ],
                        [
                            -119.20811863494141,
                            40.7837571635391
                        ],
                        [
                            -119.20817699080696,
                            40.78373886097017
                        ],
                        [
                            -119.20823301784553,
                            40.783716776964056
                        ],
                        [
                            -119.20828628965081,
                            40.78369107959708
                        ],
                        [
                            -119.2083364007871,
                            40.78366196444579
                        ],
                        [
                            -119.20834743404384,
                            40.78365430916619
                        ],
                        [
                            -119.21420141018596,
                            40.78808628924522
                        ],
                        [
                            -119.21402006901708,
                            40.78822005915112
                        ],
                        [
                            -119.21372686135813,
                            40.78841822527956
                        ],
                        [
                            -119.21342246663993,
                            40.788606548209735
                        ],
                        [
                            -119.21310746439873,
                            40.78878466426502
                        ],
                        [
                            -119.21278245490515,
                            40.78895222943363
                        ],
                        [
                            -119.21244778279208,
                            40.78910904900195
                        ],
                        [
                            -119.21238032154199,
                            40.78913883930256
                        ],
                        [
                            -119.21210498232638,
                            40.78925440654164
                        ],
                        [
                            -119.21175367111964,
                            40.78938848873762
                        ],
                        [
                            -119.21139500718209,
                            40.78951082685302
                        ],
                        [
                            -119.21102960509259,
                            40.7896212116253
                        ],
                        [
                            -119.21065816315557,
                            40.78971942992832
                        ],
                        [
                            -119.21028111869043,
                            40.78980535429007
                        ],
                        [
                            -119.21020532631127,
                            40.78982100042638
                        ],
                        [
                            -119.21020264362667,
                            40.78982183542263
                        ],
                        [
                            -119.21019991588092,
                            40.78982250878623
                        ],
                        [
                            -119.2101988008352,
                            40.789823031506764
                        ],
                        [
                            -119.21019762498774,
                            40.78982339749396
                        ],
                        [
                            -119.21019515674983,
                            40.78982473981181
                        ],
                        [
                            -119.2101926127837,
                            40.789825932393704
                        ],
                        [
                            -119.21019162114096,
                            40.78982666260496
                        ],
                        [
                            -119.21019053928768,
                            40.78982725095626
                        ],
                        [
                            -119.21018838034949,
                            40.789829049011175
                        ],
                        [
                            -119.21018611792614,
                            40.789830714981115
                        ],
                        [
                            -119.2101852877947,
                            40.78983162462144
                        ],
                        [
                            -119.21018434151055,
                            40.78983241272686
                        ],
                        [
                            -119.21018257483894,
                            40.78983459742052
                        ],
                        [
                            -119.21018068090196,
                            40.789836672756294
                        ],
                        [
                            -119.21018004418326,
                            40.7898377268688
                        ],
                        [
                            -119.21017926983347,
                            40.78983868444182
                        ],
                        [
                            -119.21017796332053,
                            40.78984117181776
                        ],
                        [
                            -119.21017651065296,
                            40.7898435767653
                        ],
                        [
                            -119.2101760918158,
                            40.78984473484095
                        ],
                        [
                            -119.21017551915813,
                            40.78984582508266
                        ],
                        [
                            -119.21017472301243,
                            40.78984851955247
                        ],
                        [
                            -119.21017376743946,
                            40.78985116169092
                        ],
                        [
                            -119.21017358257949,
                            40.78985237922555
                        ],
                        [
                            -119.21017323362088,
                            40.78985356023854
                        ],
                        [
                            -119.21017297843787,
                            40.78985635825527
                        ],
                        [
                            -119.21017255668163,
                            40.78985913604873
                        ],
                        [
                            -119.21017261290291,
                            40.789860366253144
                        ],
                        [
                            -119.21017250105365,
                            40.78986159265177
                        ],
                        [
                            -119.21017279663988,
                            40.789864386689096
                        ],
                        [
                            -119.21017292490819,
                            40.78986719338863
                        ],
                        [
                            -119.21017322005017,
                            40.78986838898678
                        ],
                        [
                            -119.21017334960857,
                            40.78986961364121
                        ],
                        [
                            -119.21017418460484,
                            40.78987229632585
                        ],
                        [
                            -119.21017485796843,
                            40.78987502407156
                        ],
                        [
                            -119.21058252595397,
                            40.791026776989696
                        ],
                        [
                            -119.21075000371742,
                            40.79149992502351
                        ],
                        [
                            -119.21073071350476,
                            40.79150597436401
                        ],
                        [
                            -119.21070269661841,
                            40.79151701624589
                        ],
                        [
                            -119.21067605746639,
                            40.79152986479533
                        ],
                        [
                            -119.21065099878739,
                            40.79154442222809
                        ],
                        [
                            -119.21062771129239,
                            40.791560577754446
                        ],
                        [
                            -119.210606372213,
                            40.79157820842217
                        ],
                        [
                            -119.21058714395274,
                            40.79159718005236
                        ],
                        [
                            -119.21057017285106,
                            40.791617348260544
                        ],
                        [
                            -119.21055558806958,
                            40.7916385595555
                        ],
                        [
                            -119.21054350060894,
                            40.7916606525074
                        ],
                        [
                            -119.21053400246413,
                            40.7916834589763
                        ],
                        [
                            -119.21052716592423,
                            40.79170680539188
                        ],
                        [
                            -119.21052304302208,
                            40.79173051407427
                        ],
                        [
                            -119.21052166513837,
                            40.79175440458638
                        ],
                        [
                            -119.21052304276253,
                            40.79177829510708
                        ],
                        [
                            -119.21052716541301,
                            40.79180200381501
                        ],
                        [
                            -119.21053400171678,
                            40.791825350272255
                        ],
                        [
                            -119.21054349964815,
                            40.791848156797734
                        ],
                        [
                            -119.21055558692451,
                            40.791870249819375
                        ],
                        [
                            -119.21057017155658,
                            40.79189146119512
                        ],
                        [
                            -119.21058714254812,
                            40.791911629492695
                        ],
                        [
                            -119.21060637074096,
                            40.79193060121816
                        ],
                        [
                            -119.21062770979763,
                            40.791948231984136
                        ],
                        [
                            -119.21065099731538,
                            40.79196438760874
                        ],
                        [
                            -119.21067605606179,
                            40.791978945136776
                        ],
                        [
                            -119.21070269532396,
                            40.7919917937756
                        ],
                        [
                            -119.21073071235972,
                            40.79200283573828
                        ],
                        [
                            -119.21075989394085,
                            40.792011986987895
                        ],
                        [
                            -119.21079001797577,
                            40.79201917787713
                        ],
                        [
                            -119.21082085519997,
                            40.792024353678315
                        ],
                        [
                            -119.21085217092084,
                            40.79202747500001
                        ],
                        [
                            -119.21088372680403,
                            40.79202851808679
                        ],
                        [
                            -119.2109152826872,
                            40.79202747500001
                        ],
                        [
                            -119.21093600873408,
                            40.79202540917946
                        ],
                        [
                            -119.21110736077117,
                            40.79250949137824
                        ],
                        [
                            -119.21136978697103,
                            40.79325084768333
                        ],
                        [
                            -119.21163690540634,
                            40.79400544198156
                        ],
                        [
                            -119.21209148923687,
                            40.795289574447274
                        ],
                        [
                            -119.21235393741455,
                            40.79603092852024
                        ],
                        [
                            -119.21261639145388,
                            40.796772281998585
                        ],
                        [
                            -119.2128788513373,
                            40.79751363483187
                        ],
                        [
                            -119.21304757865691,
                            40.79799021851956
                        ],
                        [
                            -119.21322568227517,
                            40.798493278615226
                        ],
                        [
                            -119.21322632352931,
                            40.79849464623975
                        ],
                        [
                            -119.21322679207569,
                            40.79849608223007
                        ],
                        [
                            -119.21322803174513,
                            40.79849828940976
                        ],
                        [
                            -119.21322910644118,
                            40.798500581450575
                        ],
                        [
                            -119.21323000218415,
                            40.79850179769415
                        ],
                        [
                            -119.21323074187532,
                            40.798503114683406
                        ],
                        [
                            -119.21323238832422,
                            40.79850503760519
                        ],
                        [
                            -119.2132338895253,
                            40.79850707594235
                        ],
                        [
                            -119.21323500533418,
                            40.79850809406537
                        ],
                        [
                            -119.21323598774424,
                            40.79850924144244
                        ],
                        [
                            -119.21323797770059,
                            40.79851080620964
                        ],
                        [
                            -119.2132398477163,
                            40.79851251251085
                        ],
                        [
                            -119.21324114071108,
                            40.79851329338735
                        ],
                        [
                            -119.21324232808665,
                            40.798514227059265
                        ],
                        [
                            -119.21324458507755,
                            40.798515373538706
                        ],
                        [
                            -119.21324675204421,
                            40.79851668223181
                        ],
                        [
                            -119.21324817253596,
                            40.79851719585324
                        ],
                        [
                            -119.21324951924676,
                            40.79851787993941
                        ],
                        [
                            -119.21325195653716,
                            40.79851856407247
                        ],
                        [
                            -119.21325433717962,
                            40.798519424865205
                        ],
                        [
                            -119.21325583057964,
                            40.79851965149336
                        ],
                        [
                            -119.21325728487231,
                            40.79852005970474
                        ],
                        [
                            -119.21325980879855,
                            40.7985202552006
                        ],
                        [
                            -119.21326231163002,
                            40.798520635013155
                        ],
                        [
                            -119.21326382054772,
                            40.79852056593882
                        ],
                        [
                            -119.21326532653465,
                            40.79852068258811
                        ],
                        [
                            -119.21326784010378,
                            40.79852038193398
                        ],
                        [
                            -119.21327036894172,
                            40.79852026617035
                        ],
                        [
                            -119.21327183539022,
                            40.798519904048035
                        ],
                        [
                            -119.21327333519724,
                            40.79851972465246
                        ],
                        [
                            -119.21414618501484,
                            40.79832708328542
                        ],
                        [
                            -119.2141475603653,
                            40.79832675485756
                        ],
                        [
                            -119.21500847378564,
                            40.798105468493915
                        ],
                        [
                            -119.21500985323999,
                            40.798105088233015
                        ],
                        [
                            -119.21585719048758,
                            40.797855578388116
                        ],
                        [
                            -119.21585857412065,
                            40.79785514431942
                        ],
                        [
                            -119.21669072133216,
                            40.7975778862648
                        ],
                        [
                            -119.2166921090192,
                            40.797577396167085
                        ],
                        [
                            -119.21750748132263,
                            40.79727291802336
                        ],
                        [
                            -119.21750887270298,
                            40.79727236943429
                        ],
                        [
                            -119.21830591724061,
                            40.796941251163204
                        ],
                        [
                            -119.21830731167704,
                            40.796940641388524
                        ],
                        [
                            -119.2190845105674,
                            40.79658351368621
                        ],
                        [
                            -119.21908590710143,
                            40.79658283981401
                        ],
                        [
                            -119.21984178033352,
                            40.79620038290732
                        ],
                        [
                            -119.21984317763656,
                            40.79619964182885
                        ],
                        [
                            -119.22057628589153,
                            40.79579258417742
                        ],
                        [
                            -119.22057768221214,
                            40.79579177261608
                        ],
                        [
                            -119.22128662960667,
                            40.7953608895224
                        ],
                        [
                            -119.22128802271477,
                            40.79536000407282
                        ],
                        [
                            -119.22197145946097,
                            40.794906116202945
                        ],
                        [
                            -119.22197284658998,
                            40.79490515338212
                        ],
                        [
                            -119.22262947156702,
                            40.79442912520004
                        ],
                        [
                            -119.22263084935582,
                            40.794428081512564
                        ],
                        [
                            -119.2232594125877,
                            40.79393081963115
                        ],
                        [
                            -119.22326077702479,
                            40.79392969165051
                        ],
                        [
                            -119.22386008206014,
                            40.793412143102174
                        ],
                        [
                            -119.22386142843331,
                            40.793410927569894
                        ],
                        [
                            -119.22443033462261,
                            40.79287407800025
                        ],
                        [
                            -119.22443165747822,
                            40.79287277194382
                        ],
                        [
                            -119.22496908214374,
                            40.792317643732005
                        ],
                        [
                            -119.2249703752608,
                            40.792316244602105
                        ],
                        [
                            -119.2254752957556,
                            40.7917438949111
                        ],
                        [
                            -119.22547655214035,
                            40.79174240073691
                        ],
                        [
                            -119.22594800779196,
                            40.79115391949782
                        ],
                        [
                            -119.22594921969964,
                            40.79115232905779
                        ],
                        [
                            -119.22638631363533,
                            40.7905488368918
                        ],
                        [
                            -119.22638747262549,
                            40.7905471498949
                        ],
                        [
                            -119.22678937347492,
                            40.78992979597696
                        ],
                        [
                            -119.22679047050644,
                            40.78992801324727
                        ],
                        [
                            -119.22715641397956,
                            40.78929797311558
                        ],
                        [
                            -119.2271574395505,
                            40.78929609677005
                        ],
                        [
                            -119.22748672988621,
                            40.788654570085555
                        ],
                        [
                            -119.22748767422034,
                            40.78865260369281
                        ],
                        [
                            -119.22777968550497,
                            40.78800081195295
                        ],
                        [
                            -119.22778053878487,
                            40.787998760658745
                        ],
                        [
                            -119.22803471613652,
                            40.78733794486987
                        ],
                        [
                            -119.22803546877745,
                            40.78733581547439
                        ],
                        [
                            -119.22825132939474,
                            40.786667233787284
                        ],
                        [
                            -119.22825197234948,
                            40.78666503475993
                        ],
                        [
                            -119.22842910642285,
                            40.78598996007294
                        ],
                        [
                            -119.22842963150241,
                            40.785987701492985
                        ],
                        [
                            -119.22856770298574,
                            40.78530741902734
                        ],
                        [
                            -119.22856810317639,
                            40.785305112443645
                        ],
                        [
                            -119.22866685041807,
                            40.78462091729565
                        ],
                        [
                            -119.2286671201729,
                            40.78461857550465
                        ],
                        [
                            -119.22872635640492,
                            40.783931770179294
                        ],
                        [
                            -119.22872649188709,
                            40.78392940692843
                        ],
                        [
                            -119.22874610557142,
                            40.78324129885923
                        ],
                        [
                            -119.22874610525612,
                            40.78324029238959
                        ],
                        [
                            -119.22874612227487,
                            40.7832401192814
                        ]
                    ],
                    [
                        [
                            -119.22866264339957,
                            40.78328127863502
                        ],
                        [
                            -119.22864426985653,
                            40.78392587875287
                        ],
                        [
                            -119.22858523669218,
                            40.78461032964149
                        ],
                        [
                            -119.22849032022962,
                            40.785267982270916
                        ],
                        [
                            -119.22789029915829,
                            40.785208277768966
                        ],
                        [
                            -119.22798161090125,
                            40.78457564646673
                        ],
                        [
                            -119.22798188067908,
                            40.78457330468553
                        ],
                        [
                            -119.22803916807327,
                            40.78390917441863
                        ],
                        [
                            -119.22803930357956,
                            40.78390681117275
                        ],
                        [
                            -119.22805713704577,
                            40.783281385734576
                        ],
                        [
                            -119.22866264339957,
                            40.78328127863502
                        ]
                    ],
                    [
                        [
                            -119.22866261728754,
                            40.78319898946322
                        ],
                        [
                            -119.22805711240818,
                            40.78319909656251
                        ],
                        [
                            -119.22803889958487,
                            40.782573667014304
                        ],
                        [
                            -119.22803876266514,
                            40.78257130406214
                        ],
                        [
                            -119.22798107506348,
                            40.78190719374268
                        ],
                        [
                            -119.22798080393893,
                            40.781904852537664
                        ],
                        [
                            -119.22788911662164,
                            40.78127226155038
                        ],
                        [
                            -119.22848905713252,
                            40.78121234735604
                        ],
                        [
                            -119.22858438032182,
                            40.78186997712426
                        ],
                        [
                            -119.22864384005342,
                            40.78255440713118
                        ],
                        [
                            -119.22866261728754,
                            40.78319898946322
                        ]
                    ],
                    [
                        [
                            -119.22848074420928,
                            40.78532215978267
                        ],
                        [
                            -119.22834921729581,
                            40.78597019695034
                        ],
                        [
                            -119.22817266844984,
                            40.78664304128044
                        ],
                        [
                            -119.22796845578236,
                            40.787275545956206
                        ],
                        [
                            -119.22738514462334,
                            40.787157313427244
                        ],
                        [
                            -119.227579736707,
                            40.78655462521214
                        ],
                        [
                            -119.22758037967769,
                            40.78655242620627
                        ],
                        [
                            -119.22775167207907,
                            40.78589963995147
                        ],
                        [
                            -119.2277521971774,
                            40.7858973813897
                        ],
                        [
                            -119.22788106268499,
                            40.78526248906702
                        ],
                        [
                            -119.22848074420928,
                            40.78532215978267
                        ]
                    ],
                    [
                        [
                            -119.2284794477334,
                            40.78115817467798
                        ],
                        [
                            -119.22787984886429,
                            40.781218054753616
                        ],
                        [
                            -119.22775060990458,
                            40.78058319748339
                        ],
                        [
                            -119.22775008370719,
                            40.78058093998868
                        ],
                        [
                            -119.2275784183718,
                            40.77992821221678
                        ],
                        [
                            -119.22757777446927,
                            40.7799260144708
                        ],
                        [
                            -119.22738284996116,
                            40.77932339623994
                        ],
                        [
                            -119.22796600583757,
                            40.779204967309255
                        ],
                        [
                            -119.22817058368206,
                            40.779837409621926
                        ],
                        [
                            -119.22834753030767,
                            40.780510192615004
                        ],
                        [
                            -119.2284794477334,
                            40.78115817467798
                        ]
                    ],
                    [
                        [
                            -119.22797481401639,
                            40.783281400050754
                        ],
                        [
                            -119.22795708158547,
                            40.783903282148465
                        ],
                        [
                            -119.22789999728265,
                            40.78456505798596
                        ],
                        [
                            -119.22780833445171,
                            40.7852001217162
                        ],
                        [
                            -119.22724420862147,
                            40.78514398558925
                        ],
                        [
                            -119.22733243748388,
                            40.784532754574045
                        ],
                        [
                            -119.22733270728351,
                            40.784530412802134
                        ],
                        [
                            -119.2273881479799,
                            40.78388776414831
                        ],
                        [
                            -119.22738828350907,
                            40.78388540090714
                        ],
                        [
                            -119.2274055092167,
                            40.78328149745582
                        ],
                        [
                            -119.22797481401639,
                            40.783281400050754
                        ]
                    ],
                    [
                        [
                            -119.22797478876659,
                            40.78319911087873
                        ],
                        [
                            -119.22740548537614,
                            40.783199208283555
                        ],
                        [
                            -119.22738790520367,
                            40.782595300641674
                        ],
                        [
                            -119.22738776830678,
                            40.78259293768472
                        ],
                        [
                            -119.22733195287366,
                            40.78195030770878
                        ],
                        [
                            -119.22733168177086,
                            40.781947966494414
                        ],
                        [
                            -119.22724310181748,
                            40.78133677346007
                        ],
                        [
                            -119.22780715394371,
                            40.78128044667244
                        ],
                        [
                            -119.22789919661763,
                            40.78191548942075
                        ],
                        [
                            -119.22795667974088,
                            40.78257724574716
                        ],
                        [
                            -119.22797478876659,
                            40.78319911087873
                        ]
                    ],
                    [
                        [
                            -119.22794043952358,
                            40.78735382983128
                        ],
                        [
                            -119.22770413416261,
                            40.78796818163138
                        ],
                        [
                            -119.22741302331345,
                            40.78861796352972
                        ],
                        [
                            -119.227093706321,
                            40.78924006004834
                        ],
                        [
                            -119.2265378000683,
                            40.789065829415904
                        ],
                        [
                            -119.22684027865047,
                            40.788476548736924
                        ],
                        [
                            -119.22684122299076,
                            40.7884745823712
                        ],
                        [
                            -119.22712359906042,
                            40.78784431097257
                        ],
                        [
                            -119.22712445234978,
                            40.787842259704284
                        ],
                        [
                            -119.22735775706214,
                            40.78723572473431
                        ],
                        [
                            -119.22794043952358,
                            40.78735382983128
                        ]
                    ],
                    [
                        [
                            -119.22793794659269,
                            40.77912669671795
                        ],
                        [
                            -119.22735542123603,
                            40.77924499760092
                        ],
                        [
                            -119.22712179086952,
                            40.77863853406744
                        ],
                        [
                            -119.22712093702707,
                            40.77863648431787
                        ],
                        [
                            -119.22683824071171,
                            40.7780063059521
                        ],
                        [
                            -119.22683729601268,
                            40.778004341169726
                        ],
                        [
                            -119.22653453474042,
                            40.77741515859917
                        ],
                        [
                            -119.22709022340533,
                            40.7772407522304
                        ],
                        [
                            -119.22740985107119,
                            40.77786274563582
                        ],
                        [
                            -119.22770130393455,
                            40.778512429648075
                        ],
                        [
                            -119.22793794659269,
                            40.77912669671795
                        ]
                    ],
                    [
                        [
                            -119.22779875788004,
                            40.78525429914853
                        ],
                        [
                            -119.22767178314156,
                            40.785879876063014
                        ],
                        [
                            -119.2275010759849,
                            40.786530431981234
                        ],
                        [
                            -119.22730398408335,
                            40.78714086260171
                        ],
                        [
                            -119.2267556475309,
                            40.78702971564563
                        ],
                        [
                            -119.22694349310376,
                            40.78644793981257
                        ],
                        [
                            -119.22694413608953,
                            40.786445740827055
                        ],
                        [
                            -119.22710989387414,
                            40.785814069866326
                        ],
                        [
                            -119.22711041899026,
                            40.7858118113218
                        ],
                        [
                            -119.22723497164202,
                            40.785198196814385
                        ],
                        [
                            -119.22779875788004,
                            40.78525429914853
                        ]
                    ],
                    [
                        [
                            -119.22779754509563,
                            40.7812262739147
                        ],
                        [
                            -119.22723383456606,
                            40.78128256659015
                        ],
                        [
                            -119.22710893258989,
                            40.780668984558424
                        ],
                        [
                            -119.22710840641027,
                            40.78066672704644
                        ],
                        [
                            -119.22694229942663,
                            40.78003511084653
                        ],
                        [
                            -119.22694165553914,
                            40.780032913080156
                        ],
                        [
                            -119.22675349950246,
                            40.779451202764704
                        ],
                        [
                            -119.22730169401311,
                            40.77933987738738
                        ],
                        [
                            -119.22749912680952,
                            40.77995025010882
                        ],
                        [
                            -119.22767020588037,
                            40.78060074871116
                        ],
                        [
                            -119.22779754509563,
                            40.7812262739147
                        ]
                    ],
                    [
                        [
                            -119.22732318617942,
                            40.78328151123652
                        ],
                        [
                            -119.22730606154948,
                            40.78388187107914
                        ],
                        [
                            -119.22725082396691,
                            40.78452216531048
                        ],
                        [
                            -119.22716224395766,
                            40.7851358289973
                        ],
                        [
                            -119.2262391813952,
                            40.78504396829251
                        ],
                        [
                            -119.22632261383477,
                            40.78446602662125
                        ],
                        [
                            -119.22632288366829,
                            40.78446368486379
                        ],
                        [
                            -119.2263754508913,
                            40.78385445201132
                        ],
                        [
                            -119.22637558645603,
                            40.78385208877748
                        ],
                        [
                            -119.22639186592485,
                            40.783281663886605
                        ],
                        [
                            -119.22732318617942,
                            40.78328151123652
                        ]
                    ],
                    [
                        [
                            -119.2273231617423,
                            40.78319922206428
                        ],
                        [
                            -119.22639184332,
                            40.783199374714066
                        ],
                        [
                            -119.22637524643454,
                            40.782628945679484
                        ],
                        [
                            -119.2263751095732,
                            40.78262658271509
                        ],
                        [
                            -119.22632220557018,
                            40.782017366648645
                        ],
                        [
                            -119.22632193450126,
                            40.782015025419724
                        ],
                        [
                            -119.22623818739454,
                            40.78143711808197
                        ],
                        [
                            -119.22716113909671,
                            40.78134495804293
                        ],
                        [
                            -119.2272500743475,
                            40.78195860259467
                        ],
                        [
                            -119.22730568532467,
                            40.782598878570646
                        ],
                        [
                            -119.2273231617423,
                            40.78319922206428
                        ]
                    ],
                    [
                        [
                            -119.2272759671142,
                            40.78721914625827
                        ],
                        [
                            -119.22704804798873,
                            40.78781168002462
                        ],
                        [
                            -119.22676657236235,
                            40.788439941608324
                        ],
                        [
                            -119.22645812185478,
                            40.789040856632525
                        ],
                        [
                            -119.22593567078617,
                            40.78887710768561
                        ],
                        [
                            -119.22622785436124,
                            40.78830789360525
                        ],
                        [
                            -119.22622879870735,
                            40.788305927265135
                        ],
                        [
                            -119.22650204633395,
                            40.787696043458276
                        ],
                        [
                            -119.22650289963228,
                            40.78769399221455
                        ],
                        [
                            -119.22672825930373,
                            40.787108126747206
                        ],
                        [
                            -119.2272759671142,
                            40.78721914625827
                        ]
                    ],
                    [
                        [
                            -119.22727363547781,
                            40.779261606577364
                        ],
                        [
                            -119.22672607144261,
                            40.77937280392
                        ],
                        [
                            -119.2265004073042,
                            40.77878700500433
                        ],
                        [
                            -119.22649955347067,
                            40.7787849552302
                        ],
                        [
                            -119.22622600598004,
                            40.77817515853524
                        ],
                        [
                            -119.22622506128678,
                            40.77817319372726
                        ],
                        [
                            -119.22593261348301,
                            40.777604071356244
                        ],
                        [
                            -119.22645486563604,
                            40.77744016299322
                        ],
                        [
                            -119.22676360639693,
                            40.77804098182906
                        ],
                        [
                            -119.22704540181225,
                            40.77866915193481
                        ],
                        [
                            -119.22727363547781,
                            40.779261606577364
                        ]
                    ],
                    [
                        [
                            -119.22715266686906,
                            40.78519000634763
                        ],
                        [
                            -119.2270300051162,
                            40.78579430525251
                        ],
                        [
                            -119.22686483259288,
                            40.78642374589528
                        ],
                        [
                            -119.22667448708589,
                            40.78701326426512
                        ],
                        [
                            -119.2257764346671,
                            40.78683122332384
                        ],
                        [
                            -119.22595378489541,
                            40.78628197780082
                        ],
                        [
                            -119.22595442790465,
                            40.786279778846975
                        ],
                        [
                            -119.22611157550946,
                            40.78568095377789
                        ],
                        [
                            -119.22611210065327,
                            40.78567869526016
                        ],
                        [
                            -119.22622994363141,
                            40.785098179411534
                        ],
                        [
                            -119.22715266686906,
                            40.78519000634763
                        ]
                    ],
                    [
                        [
                            -119.22715153076524,
                            40.78129078520294
                        ],
                        [
                            -119.2262289209271,
                            40.78138291110563
                        ],
                        [
                            -119.22611076458378,
                            40.78080242405489
                        ],
                        [
                            -119.22611023843177,
                            40.78080016651602
                        ],
                        [
                            -119.22595277699794,
                            40.78020139066111
                        ],
                        [
                            -119.22595213313386,
                            40.780199192863016
                        ],
                        [
                            -119.2257745050591,
                            40.77965000603402
                        ],
                        [
                            -119.22667234345914,
                            40.779467683357204
                        ],
                        [
                            -119.22686300766804,
                            40.780057148032704
                        ],
                        [
                            -119.22702852840365,
                            40.780686535044254
                        ],
                        [
                            -119.22715153076524,
                            40.78129078520294
                        ]
                    ],
                    [
                        [
                            -119.22706645706279,
                            40.789289010436896
                        ],
                        [
                            -119.22671983914967,
                            40.78988577800261
                        ],
                        [
                            -119.22631906800575,
                            40.79050139659672
                        ],
                        [
                            -119.2259020091681,
                            40.79107722646011
                        ],
                        [
                            -119.22538337487302,
                            40.79085063185137
                        ],
                        [
                            -119.22577607010497,
                            40.79030844742565
                        ],
                        [
                            -119.22577722909243,
                            40.790306760455245
                        ],
                        [
                            -119.22616586547686,
                            40.78970979040385
                        ],
                        [
                            -119.22616696250837,
                            40.789708007701385
                        ],
                        [
                            -119.2265113792948,
                            40.78911503946589
                        ],
                        [
                            -119.22706645706279,
                            40.789289010436896
                        ]
                    ],
                    [
                        [
                            -119.22706295224157,
                            40.77719181347194
                        ],
                        [
                            -119.22650809240906,
                            40.777365959706465
                        ],
                        [
                            -119.22616340937981,
                            40.776773099731585
                        ],
                        [
                            -119.226162312351,
                            40.776771318623986
                        ],
                        [
                            -119.2257734302334,
                            40.77617446981539
                        ],
                        [
                            -119.2257722714048,
                            40.77617278439573
                        ],
                        [
                            -119.22537937125882,
                            40.775630715019666
                        ],
                        [
                            -119.22589774343716,
                            40.77540397025207
                        ],
                        [
                            -119.2263150233114,
                            40.775979668204855
                        ],
                        [
                            -119.22671605733974,
                            40.7765951587648
                        ],
                        [
                            -119.22706295224157,
                            40.77719181347194
                        ]
                    ],
                    [
                        [
                            -119.22664646945529,
                            40.78709154769497
                        ],
                        [
                            -119.2264264955187,
                            40.78766341191694
                        ],
                        [
                            -119.22615414834274,
                            40.78827128593408
                        ],
                        [
                            -119.22585599275335,
                            40.78885213432566
                        ],
                        [
                            -119.22499903208303,
                            40.78858353424306
                        ],
                        [
                            -119.22527520053916,
                            40.78804553474274
                        ],
                        [
                            -119.22527614489432,
                            40.788043568442454
                        ],
                        [
                            -119.22553519205405,
                            40.78746539847397
                        ],
                        [
                            -119.22553604536633,
                            40.78746334726844
                        ],
                        [
                            -119.225749045401,
                            40.78690963412717
                        ],
                        [
                            -119.22664646945529,
                            40.78709154769497
                        ]
                    ],
                    [
                        [
                            -119.22664428558458,
                            40.77938941232027
                        ],
                        [
                            -119.22574707803722,
                            40.779571606890784
                        ],
                        [
                            -119.225533805126,
                            40.77901795317019
                        ],
                        [
                            -119.22553295130636,
                            40.77901590335784
                        ],
                        [
                            -119.22527363465548,
                            40.77843781167778
                        ],
                        [
                            -119.22527268997122,
                            40.77843584682997
                        ],
                        [
                            -119.22499628467848,
                            40.77789792934311
                        ],
                        [
                            -119.22585294419763,
                            40.777629075173856
                        ],
                        [
                            -119.22615137140147,
                            40.77820983384478
                        ],
                        [
                            -119.2264240179994,
                            40.778817622254465
                        ],
                        [
                            -119.22664428558458,
                            40.77938941232027
                        ]
                    ],
                    [
                        [
                            -119.22643087223415,
                            40.78908980682971
                        ],
                        [
                            -119.22609633144505,
                            40.78966577196621
                        ],
                        [
                            -119.2257088247648,
                            40.7902610067206
                        ],
                        [
                            -119.22530619295509,
                            40.790816910329205
                        ],
                        [
                            -119.22481892146558,
                            40.7906040142632
                        ],
                        [
                            -119.22519794873101,
                            40.79008070707128
                        ],
                        [
                            -119.22519910771591,
                            40.79007902012596
                        ],
                        [
                            -119.2255751775004,
                            40.78950136097572
                        ],
                        [
                            -119.22557627453187,
                            40.789499578299065
                        ],
                        [
                            -119.22590924966397,
                            40.78892631755447
                        ],
                        [
                            -119.22643087223415,
                            40.78908980682971
                        ]
                    ],
                    [
                        [
                            -119.22642759483409,
                            40.777391224043406
                        ],
                        [
                            -119.22590617149984,
                            40.77755487228241
                        ],
                        [
                            -119.22557294726951,
                            40.776981712765874
                        ],
                        [
                            -119.22557185024064,
                            40.77697993163249
                        ],
                        [
                            -119.22519555036239,
                            40.77640238600867
                        ],
                        [
                            -119.22519439153119,
                            40.77640070056395
                        ],
                        [
                            -119.22481517277248,
                            40.775877500672486
                        ],
                        [
                            -119.22530220487167,
                            40.775664468650604
                        ],
                        [
                            -119.2257050430128,
                            40.77622024910029
                        ],
                        [
                            -119.22609279550854,
                            40.77681536418697
                        ],
                        [
                            -119.22642759483409,
                            40.777391224043406
                        ]
                    ],
                    [
                        [
                            -119.22630954287034,
                            40.78328167700945
                        ],
                        [
                            -119.22629336455019,
                            40.783848557698654
                        ],
                        [
                            -119.2262410004759,
                            40.7844554361397
                        ],
                        [
                            -119.22615721677259,
                            40.78503581103661
                        ],
                        [
                            -119.22523415718656,
                            40.78494394234309
                        ],
                        [
                            -119.225312792215,
                            40.7843992898657
                        ],
                        [
                            -119.22531306208242,
                            40.784396948122684
                        ],
                        [
                            -119.2253627548187,
                            40.78382113102141
                        ],
                        [
                            -119.225362890419,
                            40.783818767794905
                        ],
                        [
                            -119.22537160512324,
                            40.78351357181272
                        ],
                        [
                            -119.22540109949645,
                            40.7835106316527
                        ],
                        [
                            -119.22543193276736,
                            40.78350545585151
                        ],
                        [
                            -119.22546205294046,
                            40.783498264962304
                        ],
                        [
                            -119.22549123078055,
                            40.78348911371269
                        ],
                        [
                            -119.22551924422463,
                            40.78347807175002
                        ],
                        [
                            -119.2255458800717,
                            40.78346522311122
                        ],
                        [
                            -119.22557093560563,
                            40.78345066558319
                        ],
                        [
                            -119.22559422013796,
                            40.78343450995861
                        ],
                        [
                            -119.22561555645909,
                            40.78341687919265
                        ],
                        [
                            -119.22563478218692,
                            40.783397907467204
                        ],
                        [
                            -119.22565175100287,
                            40.78337773916964
                        ],
                        [
                            -119.22566633376522,
                            40.78335652779389
                        ],
                        [
                            -119.2256784194921,
                            40.78333443477227
                        ],
                        [
                            -119.2256879162059,
                            40.7833116282468
                        ],
                        [
                            -119.22569475163333,
                            40.78328828178955
                        ],
                        [
                            -119.22569588342115,
                            40.78328177222309
                        ],
                        [
                            -119.22630954287034,
                            40.78328167700945
                        ]
                    ],
                    [
                        [
                            -119.2263095197033,
                            40.783199387836916
                        ],
                        [
                            -119.2256958638744,
                            40.783199483050005
                        ],
                        [
                            -119.2256947511223,
                            40.78319308336643
                        ],
                        [
                            -119.22568791545886,
                            40.783169736950846
                        ],
                        [
                            -119.22567841853174,
                            40.78314693048193
                        ],
                        [
                            -119.2256663326207,
                            40.78312483753003
                        ],
                        [
                            -119.22565174970894,
                            40.783103626235054
                        ],
                        [
                            -119.22563478078293,
                            40.783083458026844
                        ],
                        [
                            -119.22561555498768,
                            40.78306448639665
                        ],
                        [
                            -119.22559421864389,
                            40.7830468557289
                        ],
                        [
                            -119.22557093413425,
                            40.78303070020255
                        ],
                        [
                            -119.2255458786677,
                            40.78301614276977
                        ],
                        [
                            -119.2255192429307,
                            40.783003294220315
                        ],
                        [
                            -119.225491229636,
                            40.782992252338424
                        ],
                        [
                            -119.22546205198007,
                            40.78298310115852
                        ],
                        [
                            -119.22543193202034,
                            40.78297591032587
                        ],
                        [
                            -119.22540109898546,
                            40.782970734566355
                        ],
                        [
                            -119.22537146186411,
                            40.78296778017685
                        ],
                        [
                            -119.22536258663959,
                            40.78266258186511
                        ],
                        [
                            -119.2253624498138,
                            40.78266021889328
                        ],
                        [
                            -119.2253124562279,
                            40.78208441678717
                        ],
                        [
                            -119.22531218519283,
                            40.782082075543705
                        ],
                        [
                            -119.22523326994511,
                            40.781537454053236
                        ],
                        [
                            -119.2261562246324,
                            40.78144530200087
                        ],
                        [
                            -119.22624032691915,
                            40.78202566030261
                        ],
                        [
                            -119.22629302650107,
                            40.78263252235787
                        ],
                        [
                            -119.2263095197033,
                            40.783199387836916
                        ]
                    ],
                    [
                        [
                            -119.22614763887226,
                            40.78508998826895
                        ],
                        [
                            -119.22603168703081,
                            40.785661188035775
                        ],
                        [
                            -119.22587512471299,
                            40.78625778281622
                        ],
                        [
                            -119.2256952743133,
                            40.78681477125531
                        ],
                        [
                            -119.22479722763345,
                            40.78663272279792
                        ],
                        [
                            -119.22496408163383,
                            40.786116007333455
                        ],
                        [
                            -119.22496472466656,
                            40.78611380841127
                        ],
                        [
                            -119.22511326114702,
                            40.78554782908609
                        ],
                        [
                            -119.22511378631849,
                            40.785545570595175
                        ],
                        [
                            -119.22522491863585,
                            40.78499815334964
                        ],
                        [
                            -119.22614763887226,
                            40.78508998826895
                        ]
                    ],
                    [
                        [
                            -119.22614661711225,
                            40.781391129042554
                        ],
                        [
                            -119.22522400426425,
                            40.781483246964115
                        ],
                        [
                            -119.22511259256727,
                            40.78093585495076
                        ],
                        [
                            -119.22511206644289,
                            40.780933597385015
                        ],
                        [
                            -119.22496324961521,
                            40.78036766202343
                        ],
                        [
                            -119.22496260577455,
                            40.78036546419361
                        ],
                        [
                            -119.22479550477946,
                            40.77984880110309
                        ],
                        [
                            -119.22569334892431,
                            40.77966648593852
                        ],
                        [
                            -119.22587348493397,
                            40.78022342674908
                        ],
                        [
                            -119.22603036014539,
                            40.78081997338621
                        ],
                        [
                            -119.22614661711225,
                            40.781391129042554
                        ]
                    ],
                    [
                        [
                            -119.22585020091473,
                            40.79114439145258
                        ],
                        [
                            -119.22541294127177,
                            40.791690188486974
                        ],
                        [
                            -119.22490929705542,
                            40.792261091459956
                        ],
                        [
                            -119.22438509494849,
                            40.792802561542956
                        ],
                        [
                            -119.22391256490751,
                            40.79252816155207
                        ],
                        [
                            -119.2244054944895,
                            40.792018998550304
                        ],
                        [
                            -119.22440678759813,
                            40.79201759944237
                        ],
                        [
                            -119.22489504090007,
                            40.79146414815479
                        ],
                        [
                            -119.2248962972779,
                            40.791462654004356
                        ],
                        [
                            -119.22533248671718,
                            40.79091819884028
                        ],
                        [
                            -119.22585020091473,
                            40.79114439145258
                        ]
                    ],
                    [
                        [
                            -119.2258459137191,
                            40.77533682427165
                        ],
                        [
                            -119.22532846135337,
                            40.77556316669763
                        ],
                        [
                            -119.2248920955948,
                            40.77501884374333
                        ],
                        [
                            -119.22489083962247,
                            40.7750173509834
                        ],
                        [
                            -119.22440243184616,
                            40.77446404088602
                        ],
                        [
                            -119.22440113923115,
                            40.77446264306381
                        ],
                        [
                            -119.22390808803095,
                            40.77395361161447
                        ],
                        [
                            -119.22438033098699,
                            40.77367908972882
                        ],
                        [
                            -119.22459825312842,
                            40.773904072991805
                        ],
                        [
                            -119.22490465480614,
                            40.77422040270838
                        ],
                        [
                            -119.22540846469255,
                            40.77479115606992
                        ],
                        [
                            -119.2258459137191,
                            40.77533682427165
                        ]
                    ],
                    [
                        [
                            -119.22582874280438,
                            40.78890108432324
                        ],
                        [
                            -119.22550564374679,
                            40.789457342098906
                        ],
                        [
                            -119.22513070366512,
                            40.79003326597767
                        ],
                        [
                            -119.22474173984077,
                            40.790570292163494
                        ],
                        [
                            -119.22394089123296,
                            40.79022038134435
                        ],
                        [
                            -119.22429865669831,
                            40.78972643856304
                        ],
                        [
                            -119.22429981567923,
                            40.78972475165674
                        ],
                        [
                            -119.22465633690773,
                            40.78917713143408
                        ],
                        [
                            -119.22465743393917,
                            40.78917534879756
                        ],
                        [
                            -119.2249726104123,
                            40.78863274385069
                        ],
                        [
                            -119.22582874280438,
                            40.78890108432324
                        ]
                    ],
                    [
                        [
                            -119.22582567372345,
                            40.77758013602445
                        ],
                        [
                            -119.22496984324307,
                            40.777848730008024
                        ],
                        [
                            -119.22465444328249,
                            40.77730621594839
                        ],
                        [
                            -119.22465334625353,
                            40.777304434774905
                        ],
                        [
                            -119.22429661823722,
                            40.7767569165797
                        ],
                        [
                            -119.22429545940201,
                            40.77675523109598
                        ],
                        [
                            -119.22393752228378,
                            40.77626138391156
                        ],
                        [
                            -119.2247380060919,
                            40.775911253726164
                        ],
                        [
                            -119.22512716286516,
                            40.77644816488063
                        ],
                        [
                            -119.2255023331203,
                            40.77702397675718
                        ],
                        [
                            -119.22582567372345,
                            40.77758013602445
                        ]
                    ],
                    [
                        [
                            -119.22566725563746,
                            40.78689305436049
                        ],
                        [
                            -119.22545964163774,
                            40.787432766009516
                        ],
                        [
                            -119.22520149494018,
                            40.78800892622738
                        ],
                        [
                            -119.22491935424021,
                            40.78855856016358
                        ],
                        [
                            -119.22406240162364,
                            40.7882899533014
                        ],
                        [
                            -119.22432255424471,
                            40.787783168045856
                        ],
                        [
                            -119.22432349860891,
                            40.78778120178541
                        ],
                        [
                            -119.22456834449042,
                            40.78723474542002
                        ],
                        [
                            -119.22456919781666,
                            40.78723269425269
                        ],
                        [
                            -119.2247698373311,
                            40.78671113328448
                        ],
                        [
                            -119.22566725563746,
                            40.78689305436049
                        ]
                    ],
                    [
                        [
                            -119.22566529209395,
                            40.77958821457663
                        ],
                        [
                            -119.22476807879295,
                            40.779770401642786
                        ],
                        [
                            -119.22456719622672,
                            40.779248893270854
                        ],
                        [
                            -119.22456634242094,
                            40.77924684342029
                        ],
                        [
                            -119.22432125579984,
                            40.77870045699089
                        ],
                        [
                            -119.22432031112457,
                            40.778698492103246
                        ],
                        [
                            -119.22405994762816,
                            40.77819177983614
                        ],
                        [
                            -119.22491661520264,
                            40.77792293244134
                        ],
                        [
                            -119.22519899966652,
                            40.778472486104455
                        ],
                        [
                            -119.2254574154362,
                            40.77904856946023
                        ],
                        [
                            -119.22566529209395,
                            40.77958821457663
                        ]
                    ],
                    [
                        [
                            -119.22528932664186,
                            40.78351202268682
                        ],
                        [
                            -119.22528066856691,
                            40.783815235465525
                        ],
                        [
                            -119.22523117901424,
                            40.78438869816644
                        ],
                        [
                            -119.22515219261484,
                            40.78493578435657
                        ],
                        [
                            -119.22422913600548,
                            40.78484390767438
                        ],
                        [
                            -119.2243029726248,
                            40.78433254430742
                        ],
                        [
                            -119.2243032425261,
                            40.78433020257885
                        ],
                        [
                            -119.22435005976239,
                            40.78378780117861
                        ],
                        [
                            -119.22435019539826,
                            40.78378543795945
                        ],
                        [
                            -119.22436457932304,
                            40.78328197026484
                        ],
                        [
                            -119.22498060723518,
                            40.783281880073986
                        ],
                        [
                            -119.22498172027149,
                            40.78328828178955
                        ],
                        [
                            -119.2249885556989,
                            40.7833116282468
                        ],
                        [
                            -119.2249980524127,
                            40.78333443477227
                        ],
                        [
                            -119.22501013813958,
                            40.78335652779389
                        ],
                        [
                            -119.22502472090193,
                            40.78337773916964
                        ],
                        [
                            -119.22504168971788,
                            40.783397907467204
                        ],
                        [
                            -119.22506091544571,
                            40.78341687919265
                        ],
                        [
                            -119.22508225176684,
                            40.78343450995861
                        ],
                        [
                            -119.22510553629918,
                            40.78345066558319
                        ],
                        [
                            -119.22513059183309,
                            40.78346522311122
                        ],
                        [
                            -119.22515722768019,
                            40.78347807175002
                        ],
                        [
                            -119.22518524112425,
                            40.78348911371269
                        ],
                        [
                            -119.22521441896434,
                            40.783498264962304
                        ],
                        [
                            -119.22524453913745,
                            40.78350545585151
                        ],
                        [
                            -119.22527537240835,
                            40.7835106316527
                        ],
                        [
                            -119.22528932664186,
                            40.78351202268682
                        ]
                    ],
                    [
                        [
                            -119.2252891837804,
                            40.782969357824584
                        ],
                        [
                            -119.22527537291936,
                            40.782970734566355
                        ],
                        [
                            -119.22524453988447,
                            40.78297591032587
                        ],
                        [
                            -119.22521441992473,
                            40.78298310115852
                        ],
                        [
                            -119.2251852422688,
                            40.782992252338424
                        ],
                        [
                            -119.22515722897411,
                            40.783003294220315
                        ],
                        [
                            -119.22513059323711,
                            40.78301614276977
                        ],
                        [
                            -119.22510553777055,
                            40.78303070020255
                        ],
                        [
                            -119.22508225326092,
                            40.7830468557289
                        ],
                        [
                            -119.22506091691712,
                            40.78306448639665
                        ],
                        [
                            -119.22504169112187,
                            40.783083458026844
                        ],
                        [
                            -119.22502472219585,
                            40.783103626235054
                        ],
                        [
                            -119.22501013928411,
                            40.78312483753003
                        ],
                        [
                            -119.22499805337307,
                            40.78314693048193
                        ],
                        [
                            -119.22498855644595,
                            40.783169736950846
                        ],
                        [
                            -119.22498172078251,
                            40.78319308336643
                        ],
                        [
                            -119.22498058927776,
                            40.7831995909006
                        ],
                        [
                            -119.22436455919673,
                            40.78319968109178
                        ],
                        [
                            -119.22434992581911,
                            40.78269620919852
                        ],
                        [
                            -119.22434978902888,
                            40.782693846219246
                        ],
                        [
                            -119.22430270484708,
                            40.7821514581243
                        ],
                        [
                            -119.22430243384588,
                            40.78214911686629
                        ],
                        [
                            -119.22422834945976,
                            40.7816377813072
                        ],
                        [
                            -119.22515130713195,
                            40.781545637241514
                        ],
                        [
                            -119.22523057745201,
                            40.78209270920917
                        ],
                        [
                            -119.2252803666517,
                            40.78266615729314
                        ],
                        [
                            -119.2252891837804,
                            40.782969357824584
                        ]
                    ],
                    [
                        [
                            -119.22525438434596,
                            40.790884075008854
                        ],
                        [
                            -119.22483268668385,
                            40.79141044142017
                        ],
                        [
                            -119.22434570965274,
                            40.791962446012505
                        ],
                        [
                            -119.22383924855312,
                            40.79248558615905
                        ],
                        [
                            -119.2233954517079,
                            40.79222786721201
                        ],
                        [
                            -119.22387157402005,
                            40.79173606900677
                        ],
                        [
                            -119.22387286712069,
                            40.79173466991964
                        ],
                        [
                            -119.22434533028401,
                            40.791199122230864
                        ],
                        [
                            -119.2243465866553,
                            40.79119762810293
                        ],
                        [
                            -119.22476803295838,
                            40.790671580948896
                        ],
                        [
                            -119.22525438434596,
                            40.790884075008854
                        ]
                    ],
                    [
                        [
                            -119.22525037550858,
                            40.77559732235758
                        ],
                        [
                            -119.22476426321765,
                            40.775809952047425
                        ],
                        [
                            -119.22434265212908,
                            40.77528402858039
                        ],
                        [
                            -119.22434139615021,
                            40.775282535797984
                        ],
                        [
                            -119.2238687883439,
                            40.77474712031354
                        ],
                        [
                            -119.2238674957209,
                            40.774745722470556
                        ],
                        [
                            -119.2233912595289,
                            40.77425404700651
                        ],
                        [
                            -119.22383479447117,
                            40.77399621794842
                        ],
                        [
                            -119.22434136911659,
                            40.77451921115045
                        ],
                        [
                            -119.22482850107427,
                            40.77507107589136
                        ],
                        [
                            -119.22525037550858,
                            40.77559732235758
                        ]
                    ],
                    [
                        [
                            -119.22514261390276,
                            40.78498996147092
                        ],
                        [
                            -119.22503337294769,
                            40.785528062215576
                        ],
                        [
                            -119.22488542177982,
                            40.78609181128181
                        ],
                        [
                            -119.2247160673945,
                            40.78661626996828
                        ],
                        [
                            -119.22381802645376,
                            40.78643421399485
                        ],
                        [
                            -119.22397438331924,
                            40.785950028410554
                        ],
                        [
                            -119.22397502637544,
                            40.78594782952005
                        ],
                        [
                            -119.22411495078701,
                            40.78541469579103
                        ],
                        [
                            -119.22411547598617,
                            40.785412437326926
                        ],
                        [
                            -119.2242198966678,
                            40.78489811856844
                        ],
                        [
                            -119.22514261390276,
                            40.78498996147092
                        ]
                    ],
                    [
                        [
                            -119.22514170042317,
                            40.78149146416488
                        ],
                        [
                            -119.22421908456552,
                            40.781583574105284
                        ],
                        [
                            -119.22411441654062,
                            40.78106927724593
                        ],
                        [
                            -119.22411389044386,
                            40.78106701965331
                        ],
                        [
                            -119.22397371727867,
                            40.780533924933415
                        ],
                        [
                            -119.22397307346141,
                            40.780531727071875
                        ],
                        [
                            -119.2238164986401,
                            40.78004758789874
                        ],
                        [
                            -119.22471434852956,
                            40.7798652802465
                        ],
                        [
                            -119.22488395724596,
                            40.780389697013426
                        ],
                        [
                            -119.22503218787683,
                            40.78095340312777
                        ],
                        [
                            -119.22514170042317,
                            40.78149146416488
                        ]
                    ],
                    [
                        [
                            -119.22489210375922,
                            40.78860750987669
                        ],
                        [
                            -119.22458680358655,
                            40.78913311187462
                        ],
                        [
                            -119.22423141205898,
                            40.78967899686517
                        ],
                        [
                            -119.22386370993841,
                            40.79018665851985
                        ],
                        [
                            -119.22306287108802,
                            40.78983674185056
                        ],
                        [
                            -119.2233993742615,
                            40.78937216307349
                        ],
                        [
                            -119.22340053323845,
                            40.78937047620622
                        ],
                        [
                            -119.223737505288,
                            40.788852894604304
                        ],
                        [
                            -119.22373860231939,
                            40.78885111200792
                        ],
                        [
                            -119.2240359794097,
                            40.788339162630045
                        ],
                        [
                            -119.22489210375922,
                            40.78860750987669
                        ]
                    ],
                    [
                        [
                            -119.22488934525968,
                            40.77787399300747
                        ],
                        [
                            -119.22403350673525,
                            40.77814258022207
                        ],
                        [
                            -119.22373593032209,
                            40.777630711848474
                        ],
                        [
                            -119.22373483329305,
                            40.777628930634876
                        ],
                        [
                            -119.22339767651745,
                            40.77711144017531
                        ],
                        [
                            -119.22339651767822,
                            40.7771097546526
                        ],
                        [
                            -119.2230598617103,
                            40.77664526058179
                        ],
                        [
                            -119.22386035527252,
                            40.776295136240776
                        ],
                        [
                            -119.22422823030986,
                            40.776802694809454
                        ],
                        [
                            -119.22458382870093,
                            40.77734847921773
                        ],
                        [
                            -119.22488934525968,
                            40.77787399300747
                        ]
                    ],
                    [
                        [
                            -119.22468993092546,
                            40.79063745651372
                        ],
                        [
                            -119.22428297632125,
                            40.79114541520218
                        ],
                        [
                            -119.22381178942157,
                            40.79167951621722
                        ],
                        [
                            -119.22332213577931,
                            40.7921852912593
                        ],
                        [
                            -119.22259106277704,
                            40.7917607380098
                        ],
                        [
                            -119.2230410401119,
                            40.79129595149207
                        ],
                        [
                            -119.22304233320011,
                            40.791294552437314
                        ],
                        [
                            -119.22349023360364,
                            40.79078685449753
                        ],
                        [
                            -119.22349148996473,
                            40.7907853604046
                        ],
                        [
                            -119.22389000215675,
                            40.79028794759531
                        ],
                        [
                            -119.22468993092546,
                            40.79063745651372
                        ]
                    ],
                    [
                        [
                            -119.2246880476734,
                            40.78669455274877
                        ],
                        [
                            -119.22449279447288,
                            40.787202112032894
                        ],
                        [
                            -119.2242488490653,
                            40.787746558686244
                        ],
                        [
                            -119.22398272400889,
                            40.78826497842835
                        ],
                        [
                            -119.22312577944614,
                            40.78799636478672
                        ],
                        [
                            -119.22336991547805,
                            40.787520793514744
                        ],
                        [
                            -119.2233708598513,
                            40.78751882729413
                        ],
                        [
                            -119.22360150364314,
                            40.78700408429655
                        ],
                        [
                            -119.22360235698332,
                            40.78700203316741
                        ],
                        [
                            -119.22379063511514,
                            40.78651262416462
                        ],
                        [
                            -119.2246880476734,
                            40.78669455274877
                        ]
                    ],
                    [
                        [
                            -119.22468629274341,
                            40.779787008559644
                        ],
                        [
                            -119.22378907368896,
                            40.779969188121385
                        ],
                        [
                            -119.22360058060643,
                            40.779479825306225
                        ],
                        [
                            -119.22359972681454,
                            40.77947777541745
                        ],
                        [
                            -119.22336886941311,
                            40.778963094474435
                        ],
                        [
                            -119.22336792474684,
                            40.77896112954696
                        ],
                        [
                            -119.2231236022941,
                            40.778485622761146
                        ],
                        [
                            -119.22398027792386,
                            40.77821678214095
                        ],
                        [
                            -119.22424662040046,
                            40.7787351305347
                        ],
                        [
                            -119.22449080615175,
                            40.77927950860049
                        ],
                        [
                            -119.22468629274341,
                            40.779787008559644
                        ]
                    ],
                    [
                        [
                            -119.22468617703424,
                            40.77584410710394
                        ],
                        [
                            -119.2238866132969,
                            40.77619383485203
                        ],
                        [
                            -119.22348795357507,
                            40.77569653314732
                        ],
                        [
                            -119.22348669758598,
                            40.77569504032996
                        ],
                        [
                            -119.22303866719018,
                            40.77518746120366
                        ],
                        [
                            -119.22303737455476,
                            40.77518606332834
                        ],
                        [
                            -119.2225872947083,
                            40.774721386281875
                        ],
                        [
                            -119.2233179655432,
                            40.77429665278119
                        ],
                        [
                            -119.22380772536822,
                            40.77480229030576
                        ],
                        [
                            -119.22427905734882,
                            40.775336260412395
                        ],
                        [
                            -119.22468617703424,
                            40.77584410710394
                        ]
                    ],
                    [
                        [
                            -119.22455841947901,
                            40.773744673770366
                        ],
                        [
                            -119.22442687019085,
                            40.773608862017156
                        ],
                        [
                            -119.22442554791274,
                            40.77360755717229
                        ],
                        [
                            -119.2238565482875,
                            40.77307086716525
                        ],
                        [
                            -119.22385520253613,
                            40.77306965272154
                        ],
                        [
                            -119.22325584115325,
                            40.77255226621167
                        ],
                        [
                            -119.22325447736138,
                            40.77255113919574
                        ],
                        [
                            -119.22262589529922,
                            40.772054040595485
                        ],
                        [
                            -119.22262451816057,
                            40.772052997751324
                        ],
                        [
                            -119.22196791201377,
                            40.7715771328504
                        ],
                        [
                            -119.22196652552387,
                            40.771576170756624
                        ],
                        [
                            -119.2212831451251,
                            40.77112244492523
                        ],
                        [
                            -119.2212817526317,
                            40.77112156009354
                        ],
                        [
                            -119.22057289867304,
                            40.770690836562466
                        ],
                        [
                            -119.22057150293197,
                            40.77069002551839
                        ],
                        [
                            -119.22041575714768,
                            40.77060356562667
                        ],
                        [
                            -119.22399116062401,
                            40.77103258325696
                        ],
                        [
                            -119.22455841947901,
                            40.773744673770366
                        ]
                    ],
                    [
                        [
                            -119.22434417622003,
                            40.792842238304885
                        ],
                        [
                            -119.22380561160193,
                            40.79335045598451
                        ],
                        [
                            -119.22320766323593,
                            40.79386683293873
                        ],
                        [
                            -119.22260476390346,
                            40.794343791884415
                        ],
                        [
                            -119.22218601997554,
                            40.79402688190013
                        ],
                        [
                            -119.22275213166625,
                            40.79357902863197
                        ],
                        [
                            -119.2227534960927,
                            40.79357790066727
                        ],
                        [
                            -119.22333301611307,
                            40.79307744145204
                        ],
                        [
                            -119.22333436247598,
                            40.793076225937746
                        ],
                        [
                            -119.22387255315523,
                            40.792568364998516
                        ],
                        [
                            -119.22434417622003,
                            40.792842238304885
                        ]
                    ],
                    [
                        [
                            -119.22433940562094,
                            40.77363942498958
                        ],
                        [
                            -119.22386806838409,
                            40.77391342036714
                        ],
                        [
                            -119.22332979902463,
                            40.77340571179871
                        ],
                        [
                            -119.22332845326298,
                            40.77340449733704
                        ],
                        [
                            -119.22274888055426,
                            40.77290418963757
                        ],
                        [
                            -119.22274751675177,
                            40.772903062605735
                        ],
                        [
                            -119.22218137973294,
                            40.77245534447959
                        ],
                        [
                            -119.22259983235217,
                            40.77213834094513
                        ],
                        [
                            -119.22320273960399,
                            40.7726151352557
                        ],
                        [
                            -119.22380074495415,
                            40.773131351197925
                        ],
                        [
                            -119.22433940562094,
                            40.77363942498958
                        ]
                    ],
                    [
                        [
                            -119.2242822562415,
                            40.783281981811385
                        ],
                        [
                            -119.22426797359994,
                            40.78378190437953
                        ],
                        [
                            -119.2242213595822,
                            40.784321951390005
                        ],
                        [
                            -119.2241436749901,
                            40.784859964301994
                        ],
                        [
                            -119.22403506286699,
                            40.78539492779236
                        ],
                        [
                            -119.22389572379375,
                            40.785925831291514
                        ],
                        [
                            -119.22373686636826,
                            40.78641776028444
                        ],
                        [
                            -119.22212192402519,
                            40.78609034865441
                        ],
                        [
                            -119.22226009615922,
                            40.785662509197394
                        ],
                        [
                            -119.22226073925607,
                            40.78566031036174
                        ],
                        [
                            -119.2223857440991,
                            40.78518406954779
                        ],
                        [
                            -119.22238626934619,
                            40.78518181113013
                        ],
                        [
                            -119.22248371790255,
                            40.784701894973885
                        ],
                        [
                            -119.22248411828215,
                            40.784699588517384
                        ],
                        [
                            -119.22255382563789,
                            40.784216910636246
                        ],
                        [
                            -119.22255409559791,
                            40.784214568932704
                        ],
                        [
                            -119.22259592965973,
                            40.78373004818157
                        ],
                        [
                            -119.22259606535721,
                            40.783727684975126
                        ],
                        [
                            -119.22260880430905,
                            40.78328220681353
                        ],
                        [
                            -119.2242822562415,
                            40.783281981811385
                        ]
                    ],
                    [
                        [
                            -119.22428223560681,
                            40.78319969263829
                        ],
                        [
                            -119.22260878632198,
                            40.783199917640076
                        ],
                        [
                            -119.22259585018635,
                            40.782754435597454
                        ],
                        [
                            -119.2225957134577,
                            40.7827520726053
                        ],
                        [
                            -119.22255366638248,
                            40.78226756247134
                        ],
                        [
                            -119.22255339543995,
                            40.782265221188155
                        ],
                        [
                            -119.22248347832559,
                            40.781782560912475
                        ],
                        [
                            -119.22248307704139,
                            40.78178025506655
                        ],
                        [
                            -119.22238542357752,
                            40.78130036337011
                        ],
                        [
                            -119.22238489752861,
                            40.781298105730926
                        ],
                        [
                            -119.22225969418868,
                            40.780821896044934
                        ],
                        [
                            -119.22225905041199,
                            40.780819698128454
                        ],
                        [
                            -119.22212070623522,
                            40.780391895299864
                        ],
                        [
                            -119.2237353422364,
                            40.78006406616142
                        ],
                        [
                            -119.22389442460403,
                            40.780555958825126
                        ],
                        [
                            -119.22403401159809,
                            40.78108682426859
                        ],
                        [
                            -119.22414287954898,
                            40.781621757886356
                        ],
                        [
                            -119.22422082594635,
                            40.782159749314296
                        ],
                        [
                            -119.22426770577682,
                            40.782699783376195
                        ],
                        [
                            -119.22428223560681,
                            40.78319969263829
                        ]
                    ],
                    [
                        [
                            -119.22395547299588,
                            40.78831392785698
                        ],
                        [
                            -119.2236679723995,
                            40.788808874361784
                        ],
                        [
                            -119.22333213004872,
                            40.789324720771425
                        ],
                        [
                            -119.22298569018186,
                            40.78980301822107
                        ],
                        [
                            -119.22218486108875,
                            40.789453095701816
                        ],
                        [
                            -119.22250010142055,
                            40.789017880602756
                        ],
                        [
                            -119.2225012603935,
                            40.78901619377452
                        ],
                        [
                            -119.2228186826413,
                            40.788528650486576
                        ],
                        [
                            -119.22281977967265,
                            40.78852686793032
                        ],
                        [
                            -119.22309935668902,
                            40.78804557383638
                        ],
                        [
                            -119.22395547299588,
                            40.78831392785698
                        ]
                    ],
                    [
                        [
                            -119.22395300851213,
                            40.77816784242262
                        ],
                        [
                            -119.22309716194368,
                            40.778436422868076
                        ],
                        [
                            -119.2228174083883,
                            40.77795520046594
                        ],
                        [
                            -119.22281631135915,
                            40.777953419212224
                        ],
                        [
                            -119.22249872520294,
                            40.777465956795375
                        ],
                        [
                            -119.22249756635972,
                            40.77746427123367
                        ],
                        [
                            -119.22218219099385,
                            40.77702913060281
                        ],
                        [
                            -119.22298269431026,
                            40.77667901210637
                        ],
                        [
                            -119.22332928815979,
                            40.777157217762635
                        ],
                        [
                            -119.22366531530818,
                            40.77767297439585
                        ],
                        [
                            -119.22395300851213,
                            40.77816784242262
                        ]
                    ],
                    [
                        [
                            -119.22381190050302,
                            40.79025382240463
                        ],
                        [
                            -119.2234278800354,
                            40.790733147011125
                        ],
                        [
                            -119.22298125588405,
                            40.79123939831099
                        ],
                        [
                            -119.2225177473485,
                            40.791718161354105
                        ],
                        [
                            -119.22178668509333,
                            40.79129360329544
                        ],
                        [
                            -119.22221051721405,
                            40.79085582802276
                        ],
                        [
                            -119.22221181028986,
                            40.79085442900037
                        ],
                        [
                            -119.22263514754171,
                            40.79037458045218
                        ],
                        [
                            -119.2226364038926,
                            40.790373086394254
                        ],
                        [
                            -119.2230119814623,
                            40.789904307634835
                        ],
                        [
                            -119.22381190050302,
                            40.79025382240463
                        ]
                    ],
                    [
                        [
                            -119.22380852673389,
                            40.77622798915341
                        ],
                        [
                            -119.22300895327193,
                            40.776577711055836
                        ],
                        [
                            -119.22263324440712,
                            40.77610903140844
                        ],
                        [
                            -119.22263198840783,
                            40.77610753855612
                        ],
                        [
                            -119.22220853503234,
                            40.77562779614544
                        ],
                        [
                            -119.2222072423845,
                            40.77562639823781
                        ],
                        [
                            -119.22178331864812,
                            40.77518872005132
                        ],
                        [
                            -119.22251400022233,
                            40.774763991354114
                        ],
                        [
                            -119.22297760383212,
                            40.77524263077291
                        ],
                        [
                            -119.22342435839059,
                            40.77574876448747
                        ],
                        [
                            -119.22380852673389,
                            40.77622798915341
                        ]
                    ],
                    [
                        [
                            -119.22379832971393,
                            40.79252526272315
                        ],
                        [
                            -119.22327854586753,
                            40.79301575414674
                        ],
                        [
                            -119.222700382506,
                            40.793515041784794
                        ],
                        [
                            -119.22211823491853,
                            40.793975581116314
                        ],
                        [
                            -119.22172510227878,
                            40.79367804921396
                        ],
                        [
                            -119.2222715546995,
                            40.79324575089937
                        ],
                        [
                            -119.22227291911585,
                            40.79324462294978
                        ],
                        [
                            -119.22283369538083,
                            40.79276035346608
                        ],
                        [
                            -119.222835041734,
                            40.792759137968815
                        ],
                        [
                            -119.22335543982847,
                            40.79226807046016
                        ],
                        [
                            -119.22379832971393,
                            40.79252526272315
                        ]
                    ],
                    [
                        [
                            -119.22379386921553,
                            40.77395655301161
                        ],
                        [
                            -119.22335124000887,
                            40.7742138555611
                        ],
                        [
                            -119.22283076850952,
                            40.77372293082113
                        ],
                        [
                            -119.22282942273816,
                            40.77372171634246
                        ],
                        [
                            -119.2222685971381,
                            40.77323758873149
                        ],
                        [
                            -119.22226723332551,
                            40.773236461684576
                        ],
                        [
                            -119.22172075695406,
                            40.772804289367734
                        ],
                        [
                            -119.22211362416292,
                            40.77250667316988
                        ],
                        [
                            -119.22269577880333,
                            40.77296705851137
                        ],
                        [
                            -119.2232739954685,
                            40.77346619562601
                        ],
                        [
                            -119.22379386921553,
                            40.77395655301161
                        ]
                    ],
                    [
                        [
                            -119.22370884562356,
                            40.786496042703334
                        ],
                        [
                            -119.22352595402451,
                            40.7869714499864
                        ],
                        [
                            -119.2232962107181,
                            40.78748418331111
                        ],
                        [
                            -119.22303711454379,
                            40.787988896590115
                        ],
                        [
                            -119.22274915018534,
                            40.788484629561246
                        ],
                        [
                            -119.22243285763439,
                            40.78897043769634
                        ],
                        [
                            -119.22210768064816,
                            40.78941937116074
                        ],
                        [
                            -119.2206640464658,
                            40.78878854985454
                        ],
                        [
                            -119.22094245509832,
                            40.788404196233124
                        ],
                        [
                            -119.22094361406438,
                            40.7884025094725
                        ],
                        [
                            -119.22122717178905,
                            40.7879669961095
                        ],
                        [
                            -119.22122826882031,
                            40.78796521362276
                        ],
                        [
                            -119.22148646256518,
                            40.78752074951902
                        ],
                        [
                            -119.22148748816237,
                            40.78751887341833
                        ],
                        [
                            -119.2217198268556,
                            40.78706630480759
                        ],
                        [
                            -119.22172077124455,
                            40.78706433865596
                        ],
                        [
                            -119.22192681306848,
                            40.78660452718507
                        ],
                        [
                            -119.22192766643279,
                            40.7866024761221
                        ],
                        [
                            -119.22209453088632,
                            40.786168758313416
                        ],
                        [
                            -119.22370884562356,
                            40.786496042703334
                        ]
                    ],
                    [
                        [
                            -119.2237072874729,
                            40.77998579411269
                        ],
                        [
                            -119.22209328308294,
                            40.780313495011356
                        ],
                        [
                            -119.22192624836114,
                            40.77987981349705
                        ],
                        [
                            -119.22192539459331,
                            40.779877763542075
                        ],
                        [
                            -119.22171918231624,
                            40.779418001588624
                        ],
                        [
                            -119.22171823766557,
                            40.779416036592146
                        ],
                        [
                            -119.22148574056723,
                            40.778963522934774
                        ],
                        [
                            -119.22148471484498,
                            40.77896164800678
                        ],
                        [
                            -119.22122637594852,
                            40.77851724387411
                        ],
                        [
                            -119.22122527891923,
                            40.77851546255092
                        ],
                        [
                            -119.2209415904013,
                            40.778080013720306
                        ],
                        [
                            -119.22094043155113,
                            40.77807832809105
                        ],
                        [
                            -119.22066191581136,
                            40.77769403241949
                        ],
                        [
                            -119.22210502312781,
                            40.777062881216175
                        ],
                        [
                            -119.22243033641523,
                            40.7775117337406
                        ],
                        [
                            -119.22274679294189,
                            40.77799746229109
                        ],
                        [
                            -119.22303493913441,
                            40.778493121417696
                        ],
                        [
                            -119.22329423360334,
                            40.778997767135316
                        ],
                        [
                            -119.2235241901464,
                            40.77951043967562
                        ],
                        [
                            -119.2237072874729,
                            40.77998579411269
                        ]
                    ],
                    [
                        [
                            -119.22328121686444,
                            40.79222496761346
                        ],
                        [
                            -119.22277922533696,
                            40.79269866598281
                        ],
                        [
                            -119.22221980572067,
                            40.793181763905594
                        ],
                        [
                            -119.22165731775975,
                            40.793626747930304
                        ],
                        [
                            -119.22100812892684,
                            40.793135416862754
                        ],
                        [
                            -119.22152400011882,
                            40.79272731490801
                        ],
                        [
                            -119.22152536451947,
                            40.7927261869819
                        ],
                        [
                            -119.22205698372152,
                            40.79226710120992
                        ],
                        [
                            -119.22205833005955,
                            40.79226588573917
                        ],
                        [
                            -119.22255105067914,
                            40.79180094097634
                        ],
                        [
                            -119.22328121686444,
                            40.79222496761346
                        ]
                    ],
                    [
                        [
                            -119.22327704036296,
                            40.7742569876347
                        ],
                        [
                            -119.22254727540623,
                            40.77468119455517
                        ],
                        [
                            -119.22205448934756,
                            40.77421637836105
                        ],
                        [
                            -119.22205314356107,
                            40.774215163855914
                        ],
                        [
                            -119.22152148002105,
                            40.77375620558653
                        ],
                        [
                            -119.22152011619278,
                            40.773755078516174
                        ],
                        [
                            -119.22100422290958,
                            40.773347088803845
                        ],
                        [
                            -119.2216530008462,
                            40.772855617558704
                        ],
                        [
                            -119.22221549519593,
                            40.773300457443874
                        ],
                        [
                            -119.22277496474241,
                            40.7737834144539
                        ],
                        [
                            -119.22327704036296,
                            40.7742569876347
                        ]
                    ],
                    [
                        [
                            -119.22293388022639,
                            40.7898701816404
                        ],
                        [
                            -119.22257279436788,
                            40.790320872508154
                        ],
                        [
                            -119.22215073335671,
                            40.79079927445027
                        ],
                        [
                            -119.22171337023603,
                            40.791251025863296
                        ],
                        [
                            -119.2209823187278,
                            40.790826462995646
                        ],
                        [
                            -119.22138000532635,
                            40.79041569859902
                        ],
                        [
                            -119.22138129838976,
                            40.790414299609
                        ],
                        [
                            -119.22178007209811,
                            40.789962300094984
                        ],
                        [
                            -119.22178132843881,
                            40.78996080607207
                        ],
                        [
                            -119.22213397091353,
                            40.78952066101942
                        ],
                        [
                            -119.22293388022639,
                            40.7898701816404
                        ]
                    ],
                    [
                        [
                            -119.22293086629068,
                            40.776611864553864
                        ],
                        [
                            -119.22213128310402,
                            40.77696158061045
                        ],
                        [
                            -119.22177852462517,
                            40.776521523363606
                        ],
                        [
                            -119.22177726861565,
                            40.77652003047632
                        ],
                        [
                            -119.22137839187016,
                            40.7760681251387
                        ],
                        [
                            -119.2213770992099,
                            40.776066727198746
                        ],
                        [
                            -119.22097933127705,
                            40.77565604824122
                        ],
                        [
                            -119.22171002359077,
                            40.77523132434766
                        ],
                        [
                            -119.2221474712917,
                            40.77568296529154
                        ],
                        [
                            -119.22256964881853,
                            40.77616126225687
                        ],
                        [
                            -119.22293086629068,
                            40.776611864553864
                        ]
                    ],
                    [
                        [
                            -119.22253620285278,
                            40.79439510285422
                        ],
                        [
                            -119.2219252308547,
                            40.79483803435959
                        ],
                        [
                            -119.22124318522458,
                            40.7952909983536
                        ],
                        [
                            -119.22055027733323,
                            40.79571213297962
                        ],
                        [
                            -119.2201918063601,
                            40.79535856919991
                        ],
                        [
                            -119.22084434330804,
                            40.79496197273488
                        ],
                        [
                            -119.22084573640599,
                            40.79496108729551
                        ],
                        [
                            -119.22150660874809,
                            40.7945221870165
                        ],
                        [
                            -119.22150799586655,
                            40.794521224207685
                        ],
                        [
                            -119.22211826610284,
                            40.79407880375106
                        ],
                        [
                            -119.22253620285278,
                            40.79439510285422
                        ]
                    ],
                    [
                        [
                            -119.22253126992716,
                            40.7720870451892
                        ],
                        [
                            -119.22211362304652,
                            40.77240343832723
                        ],
                        [
                            -119.22150338158067,
                            40.77196117320099
                        ],
                        [
                            -119.22150199508023,
                            40.77196021109522
                        ],
                        [
                            -119.22084117542644,
                            40.771521462331975
                        ],
                        [
                            -119.22083978292291,
                            40.7715205774901
                        ],
                        [
                            -119.22018731900266,
                            40.77112411688494
                        ],
                        [
                            -119.22054551393198,
                            40.77077048621266
                        ],
                        [
                            -119.22123831601378,
                            40.77119145608293
                        ],
                        [
                            -119.22192030592537,
                            40.771644258709685
                        ],
                        [
                            -119.22253126992716,
                            40.7720870451892
                        ]
                    ],
                    [
                        [
                            -119.22252648119331,
                            40.783282217372744
                        ],
                        [
                            -119.22251384365208,
                            40.783724149228995
                        ],
                        [
                            -119.22247221286925,
                            40.78420631560947
                        ],
                        [
                            -119.22240284141658,
                            40.78468666758138
                        ],
                        [
                            -119.22230585666294,
                            40.78516429959485
                        ],
                        [
                            -119.2221814372027,
                            40.785638310229785
                        ],
                        [
                            -119.22204076405254,
                            40.78607389389222
                        ],
                        [
                            -119.22112525339635,
                            40.7858882721047
                        ],
                        [
                            -119.22125273846366,
                            40.78549354277458
                        ],
                        [
                            -119.22125338158439,
                            40.785491343971174
                        ],
                        [
                            -119.22136961793643,
                            40.785048534869524
                        ],
                        [
                            -119.22137014321169,
                            40.785046276479164
                        ],
                        [
                            -119.22146075785584,
                            40.784600049815715
                        ],
                        [
                            -119.22146115826722,
                            40.7845977433806
                        ],
                        [
                            -119.22152597921897,
                            40.78414894863344
                        ],
                        [
                            -119.22152624921348,
                            40.78414660694462
                        ],
                        [
                            -119.2215651536,
                            40.783696098463395
                        ],
                        [
                            -119.22156528933367,
                            40.78369373526443
                        ],
                        [
                            -119.22157706021733,
                            40.78328233360332
                        ],
                        [
                            -119.22252648119331,
                            40.783282217372744
                        ]
                    ],
                    [
                        [
                            -119.22252646276621,
                            40.78319992819926
                        ],
                        [
                            -119.22157704349888,
                            40.78320004442961
                        ],
                        [
                            -119.22156510327706,
                            40.78278863872101
                        ],
                        [
                            -119.2215649665846,
                            40.78278627572129
                        ],
                        [
                            -119.22152587804084,
                            40.78233577641897
                        ],
                        [
                            -119.22152560713276,
                            40.78233343512099
                        ],
                        [
                            -119.22146060483765,
                            40.78188465559436
                        ],
                        [
                            -119.2214602035852,
                            40.78188234972696
                        ],
                        [
                            -119.22136941179166,
                            40.78143614420982
                        ],
                        [
                            -119.22136888577086,
                            40.7814338865433
                        ],
                        [
                            -119.22125247781159,
                            40.780991104352815
                        ],
                        [
                            -119.22125183405875,
                            40.78098890640405
                        ],
                        [
                            -119.22112420154271,
                            40.78059420892232
                        ],
                        [
                            -119.22203954971835,
                            40.78040837251076
                        ],
                        [
                            -119.22218040098525,
                            40.78084392803465
                        ],
                        [
                            -119.22230501819838,
                            40.78131790839309
                        ],
                        [
                            -119.22240220700236,
                            40.78179551664336
                        ],
                        [
                            -119.22247178726555,
                            40.78227585152737
                        ],
                        [
                            -119.22251363004986,
                            40.78275800760909
                        ],
                        [
                            -119.22252646276621,
                            40.78319992819926
                        ]
                    ],
                    [
                        [
                            -119.2224768282744,
                            40.79175783741371
                        ],
                        [
                            -119.22200251399107,
                            40.79220541345011
                        ],
                        [
                            -119.22147225142223,
                            40.79266332768615
                        ],
                        [
                            -119.2209403450552,
                            40.79308411495147
                        ],
                        [
                            -119.22051155251252,
                            40.79275958031103
                        ],
                        [
                            -119.22052052859817,
                            40.79275072406112
                        ],
                        [
                            -119.22053749980422,
                            40.79273055576355
                        ],
                        [
                            -119.22055208462058,
                            40.79270934438778
                        ],
                        [
                            -119.22056417204972,
                            40.792687251366154
                        ],
                        [
                            -119.22057367010115,
                            40.79266444484067
                        ],
                        [
                            -119.2205805064913,
                            40.79264109838342
                        ],
                        [
                            -119.22058462919385,
                            40.79261738967549
                        ],
                        [
                            -119.22058600683543,
                            40.79259349915479
                        ],
                        [
                            -119.22058462893429,
                            40.79256960864268
                        ],
                        [
                            -119.22058050598004,
                            40.79254589996028
                        ],
                        [
                            -119.22057366935373,
                            40.79252255354472
                        ],
                        [
                            -119.22056417108888,
                            40.79249974707581
                        ],
                        [
                            -119.2205520834755,
                            40.79247765412392
                        ],
                        [
                            -119.22053749850967,
                            40.79245644282896
                        ],
                        [
                            -119.22052052719353,
                            40.79243627462077
                        ],
                        [
                            -119.2205064992147,
                            40.79242243404133
                        ],
                        [
                            -119.22077645721247,
                            40.79220887409243
                        ],
                        [
                            -119.22077782159741,
                            40.79220774618981
                        ],
                        [
                            -119.22128028360248,
                            40.791773843745894
                        ],
                        [
                            -119.2212816299254,
                            40.79177262830164
                        ],
                        [
                            -119.2217466727949,
                            40.79133380595715
                        ],
                        [
                            -119.2224768282744,
                            40.79175783741371
                        ]
                    ],
                    [
                        [
                            -119.22247307520087,
                            40.774724325913425
                        ],
                        [
                            -119.22174329954613,
                            40.7751485280201
                        ],
                        [
                            -119.22127819865446,
                            40.77470982069926
                        ],
                        [
                            -119.22127685285285,
                            40.774708606167664
                        ],
                        [
                            -119.22077435124014,
                            40.77427481762333
                        ],
                        [
                            -119.22077298739617,
                            40.774273690529526
                        ],
                        [
                            -119.22050301148991,
                            40.77406018057417
                        ],
                        [
                            -119.22051696674984,
                            40.774046407746646
                        ],
                        [
                            -119.22053393317717,
                            40.774026239449086
                        ],
                        [
                            -119.22054851388678,
                            40.77400502807336
                        ],
                        [
                            -119.22056059791245,
                            40.773982935051755
                        ],
                        [
                            -119.22057009328944,
                            40.77396012852629
                        ],
                        [
                            -119.2205769277547,
                            40.77393678206904
                        ],
                        [
                            -119.22058104929648,
                            40.77391307336114
                        ],
                        [
                            -119.22058242655022,
                            40.77388918284043
                        ],
                        [
                            -119.22058104903715,
                            40.77386529232832
                        ],
                        [
                            -119.22057692724393,
                            40.77384158364592
                        ],
                        [
                            -119.22057009254274,
                            40.77381823723033
                        ],
                        [
                            -119.2205605969525,
                            40.77379543076141
                        ],
                        [
                            -119.22054851274281,
                            40.77377333780949
                        ],
                        [
                            -119.22053393188385,
                            40.77375212651451
                        ],
                        [
                            -119.2205169653465,
                            40.773731958306286
                        ],
                        [
                            -119.22050792879752,
                            40.773723039965056
                        ],
                        [
                            -119.22093646615451,
                            40.77339841636783
                        ],
                        [
                            -119.22146837778126,
                            40.77381907404773
                        ],
                        [
                            -119.22199868525236,
                            40.774276861691334
                        ],
                        [
                            -119.22247307520087,
                            40.774724325913425
                        ]
                    ],
                    [
                        [
                            -119.22205587023049,
                            40.789486534052706
                        ],
                        [
                            -119.22171771931853,
                            40.78990859169355
                        ],
                        [
                            -119.22132022183952,
                            40.790359144635154
                        ],
                        [
                            -119.2208970903386,
                            40.79079619068172
                        ],
                        [
                            -119.22044912591984,
                            40.79121889276136
                        ],
                        [
                            -119.21997717784821,
                            40.79162644077473
                        ],
                        [
                            -119.21950643491569,
                            40.791998835593056
                        ],
                        [
                            -119.21833238528653,
                            40.79111019634493
                        ],
                        [
                            -119.2187341227183,
                            40.79079239512703
                        ],
                        [
                            -119.21873548706034,
                            40.790791267288576
                        ],
                        [
                            -119.21915828675478,
                            40.79042616733858
                        ],
                        [
                            -119.21915963303636,
                            40.79042495196673
                        ],
                        [
                            -119.2195609910052,
                            40.79004623539952
                        ],
                        [
                            -119.21956231377575,
                            40.79004492952165
                        ],
                        [
                            -119.21994146614438,
                            40.789653317472414
                        ],
                        [
                            -119.21994275918627,
                            40.789651918538446
                        ],
                        [
                            -119.2202989844012,
                            40.789248156684344
                        ],
                        [
                            -119.22030024072424,
                            40.78924666272205
                        ],
                        [
                            -119.220613155299,
                            40.78885611442932
                        ],
                        [
                            -119.22205587023049,
                            40.789486534052706
                        ]
                    ],
                    [
                        [
                            -119.2220531955695,
                            40.77699573313662
                        ],
                        [
                            -119.22061100891162,
                            40.77762648168468
                        ],
                        [
                            -119.22029800274429,
                            40.777236003435526
                        ],
                        [
                            -119.2202967467171,
                            40.77723451048769
                        ],
                        [
                            -119.21994043928204,
                            40.77683082378313
                        ],
                        [
                            -119.21993914660027,
                            40.77682942578718
                        ],
                        [
                            -119.2195599296246,
                            40.7764378913145
                        ],
                        [
                            -119.21955860726145,
                            40.77643658629135
                        ],
                        [
                            -119.21915720279019,
                            40.77605794913731
                        ],
                        [
                            -119.21915585694727,
                            40.77605673453342
                        ],
                        [
                            -119.2187330292091,
                            40.775691715228824
                        ],
                        [
                            -119.21873166532225,
                            40.775690588070944
                        ],
                        [
                            -119.2183299122575,
                            40.775372854826315
                        ],
                        [
                            -119.21950336153593,
                            40.77448400060232
                        ],
                        [
                            -119.21997410796023,
                            40.77485629280066
                        ],
                        [
                            -119.22044609167853,
                            40.7752637405608
                        ],
                        [
                            -119.22089411484914,
                            40.77568634402898
                        ],
                        [
                            -119.22131732774695,
                            40.77612329386161
                        ],
                        [
                            -119.22171492863237,
                            40.77657375372017
                        ],
                        [
                            -119.2220531955695,
                            40.77699573313662
                        ]
                    ],
                    [
                        [
                            -119.2220496738434,
                            40.79402689183583
                        ],
                        [
                            -119.22146038029048,
                            40.7944541050723
                        ],
                        [
                            -119.22080089905431,
                            40.79489208148638
                        ],
                        [
                            -119.22013139858961,
                            40.795298987974164
                        ],
                        [
                            -119.21979497812694,
                            40.794967167644565
                        ],
                        [
                            -119.22042534013862,
                            40.79458405001004
                        ],
                        [
                            -119.22042673322694,
                            40.794583164580345
                        ],
                        [
                            -119.22106622882153,
                            40.79415846290861
                        ],
                        [
                            -119.22106761592997,
                            40.79415750011118
                        ],
                        [
                            -119.2216573483619,
                            40.79372997080954
                        ],
                        [
                            -119.2220496738434,
                            40.79402689183583
                        ]
                    ],
                    [
                        [
                            -119.22204506176216,
                            40.77245537716409
                        ],
                        [
                            -119.22165300031165,
                            40.772752382960455
                        ],
                        [
                            -119.22106329516431,
                            40.772324999183354
                        ],
                        [
                            -119.22106190865388,
                            40.77232403706623
                        ],
                        [
                            -119.22042246239427,
                            40.77189947726723
                        ],
                        [
                            -119.22042106988113,
                            40.77189859241571
                        ],
                        [
                            -119.21979077580767,
                            40.77151560158117
                        ],
                        [
                            -119.22012694505055,
                            40.77118372113766
                        ],
                        [
                            -119.2207963461769,
                            40.77159047339997
                        ],
                        [
                            -119.22145577533323,
                            40.772028298947575
                        ],
                        [
                            -119.22204506176216,
                            40.77245537716409
                        ]
                    ],
                    [
                        [
                            -119.22201274147639,
                            40.7861521757847
                        ],
                        [
                            -119.22185126414092,
                            40.78657189127598
                        ],
                        [
                            -119.2216461228222,
                            40.78702969314215
                        ],
                        [
                            -119.22141477080733,
                            40.78748033981878
                        ],
                        [
                            -119.22115764008237,
                            40.7879229740014
                        ],
                        [
                            -119.22087521205088,
                            40.788356752280365
                        ],
                        [
                            -119.22058686650357,
                            40.78875482418757
                        ],
                        [
                            -119.21977038590654,
                            40.78839803447554
                        ],
                        [
                            -119.22002715058625,
                            40.78804356781299
                        ],
                        [
                            -119.22002830954825,
                            40.788041881092084
                        ],
                        [
                            -119.22029196662999,
                            40.78763694158549
                        ],
                        [
                            -119.22029306366119,
                            40.7876351591396
                        ],
                        [
                            -119.22053313770805,
                            40.78722189705879
                        ],
                        [
                            -119.22053416330964,
                            40.787220020999264
                        ],
                        [
                            -119.22075019768543,
                            40.786799223160045
                        ],
                        [
                            -119.22075114208359,
                            40.78679725704897
                        ],
                        [
                            -119.22094272594562,
                            40.78636972459946
                        ],
                        [
                            -119.22094357932413,
                            40.78636767357537
                        ],
                        [
                            -119.22109785920802,
                            40.78596668140418
                        ],
                        [
                            -119.22201274147639,
                            40.7861521757847
                        ]
                    ],
                    [
                        [
                            -119.22201149678483,
                            40.78033009993525
                        ],
                        [
                            -119.22109677943914,
                            40.78051580827403
                        ],
                        [
                            -119.2209423529967,
                            40.78011484681578
                        ],
                        [
                            -119.22094149924301,
                            40.7801127968219
                        ],
                        [
                            -119.2207497680185,
                            40.77968530718188
                        ],
                        [
                            -119.220748823377,
                            40.779683342144864
                        ],
                        [
                            -119.22053265205467,
                            40.77926259181468
                        ],
                        [
                            -119.2205316263368,
                            40.77926071684552
                        ],
                        [
                            -119.22029142680152,
                            40.77884750661173
                        ],
                        [
                            -119.22029032977215,
                            40.77884572524771
                        ],
                        [
                            -119.22002655961522,
                            40.778440841531506
                        ],
                        [
                            -119.22002540076096,
                            40.77843915586255
                        ],
                        [
                            -119.21976854422014,
                            40.77808473887044
                        ],
                        [
                            -119.22058474746642,
                            40.777727781907394
                        ],
                        [
                            -119.2208732008684,
                            40.77812578955292
                        ],
                        [
                            -119.22115575975323,
                            40.77855950444865
                        ],
                        [
                            -119.22141303556889,
                            40.77900207983037
                        ],
                        [
                            -119.22164454579573,
                            40.7794526727204
                        ],
                        [
                            -119.22184985723423,
                            40.779910426203216
                        ],
                        [
                            -119.22201149678483,
                            40.78033009993525
                        ]
                    ],
                    [
                        [
                            -119.2216724510027,
                            40.79129070162836
                        ],
                        [
                            -119.22122581418537,
                            40.79171215570964
                        ],
                        [
                            -119.22072470879822,
                            40.79214488664244
                        ],
                        [
                            -119.22043729148864,
                            40.79237225840565
                        ],
                        [
                            -119.22043161255623,
                            40.79236895936374
                        ],
                        [
                            -119.2204049730675,
                            40.79235611081432
                        ],
                        [
                            -119.22037695582712,
                            40.79234506893243
                        ],
                        [
                            -119.22034777406145,
                            40.79233591775255
                        ],
                        [
                            -119.22031764985927,
                            40.79232872691989
                        ],
                        [
                            -119.22028681248149,
                            40.792323551160386
                        ],
                        [
                            -119.22025549661653,
                            40.792320429864226
                        ],
                        [
                            -119.22022394059412,
                            40.792319386786055
                        ],
                        [
                            -119.22019238457172,
                            40.792320429864226
                        ],
                        [
                            -119.22016106870673,
                            40.792323551160386
                        ],
                        [
                            -119.22013023132895,
                            40.79232872691989
                        ],
                        [
                            -119.2201001071268,
                            40.79233591775255
                        ],
                        [
                            -119.22007092536113,
                            40.79234506893243
                        ],
                        [
                            -119.22004290812073,
                            40.79235611081432
                        ],
                        [
                            -119.22001626863201,
                            40.79236895936374
                        ],
                        [
                            -119.22000448994088,
                            40.792375801916684
                        ],
                        [
                            -119.21957421719955,
                            40.79205013899133
                        ],
                        [
                            -119.22002892598017,
                            40.79169042845284
                        ],
                        [
                            -119.22003029034941,
                            40.7916893005737
                        ],
                        [
                            -119.22050359502349,
                            40.79128058107418
                        ],
                        [
                            -119.22050494133127,
                            40.791279365656436
                        ],
                        [
                            -119.22094230622884,
                            40.79086666535253
                        ],
                        [
                            -119.2216724510027,
                            40.79129070162836
                        ]
                    ],
                    [
                        [
                            -119.2216690987281,
                            40.77519165861276
                        ],
                        [
                            -119.22093931237515,
                            40.77561585590547
                        ],
                        [
                            -119.22050189642997,
                            40.775203257835564
                        ],
                        [
                            -119.22050055061324,
                            40.77520204327751
                        ],
                        [
                            -119.22002721079511,
                            40.77479342484173
                        ],
                        [
                            -119.22002584693546,
                            40.77479229772448
                        ],
                        [
                            -119.21957111987831,
                            40.774432674523936
                        ],
                        [
                            -119.22000115147749,
                            40.774106926997874
                        ],
                        [
                            -119.22001284736962,
                            40.774113723390585
                        ],
                        [
                            -119.22003947946723,
                            40.77412657202938
                        ],
                        [
                            -119.22006748896791,
                            40.77413761399204
                        ],
                        [
                            -119.22009666270071,
                            40.77414676524163
                        ],
                        [
                            -119.22012677863387,
                            40.77415395613085
                        ],
                        [
                            -119.22015760756446,
                            40.77415913193202
                        ],
                        [
                            -119.22018891486307,
                            40.77416225325371
                        ],
                        [
                            -119.22022046225935,
                            40.774163296340475
                        ],
                        [
                            -119.22025200965561,
                            40.77416225325371
                        ],
                        [
                            -119.22028331695422,
                            40.77415913193202
                        ],
                        [
                            -119.22031414588483,
                            40.77415395613085
                        ],
                        [
                            -119.22034426181797,
                            40.77414676524163
                        ],
                        [
                            -119.22037343555077,
                            40.77413761399204
                        ],
                        [
                            -119.22040144505145,
                            40.77412657202938
                        ],
                        [
                            -119.22042807714907,
                            40.774113723390585
                        ],
                        [
                            -119.22043382940174,
                            40.77411038080093
                        ],
                        [
                            -119.22072124870282,
                            40.77433768583341
                        ],
                        [
                            -119.22122239423116,
                            40.77477030372704
                        ],
                        [
                            -119.2216690987281,
                            40.77519165861276
                        ]
                    ],
                    [
                        [
                            -119.22158875671045,
                            40.79367805838116
                        ],
                        [
                            -119.22102000050506,
                            40.79409038086865
                        ],
                        [
                            -119.22038189600632,
                            40.794514158686134
                        ],
                        [
                            -119.2197345709774,
                            40.79490758600131
                        ],
                        [
                            -119.21917769917086,
                            40.79435831801393
                        ],
                        [
                            -119.21977356691214,
                            40.793996167203396
                        ],
                        [
                            -119.2197749599855,
                            40.793995281788746
                        ],
                        [
                            -119.22038120297103,
                            40.79359266652424
                        ],
                        [
                            -119.22038259006392,
                            40.79359170374451
                        ],
                        [
                            -119.22094037489913,
                            40.79318733809859
                        ],
                        [
                            -119.22158875671045,
                            40.79367805838116
                        ]
                    ],
                    [
                        [
                            -119.2215844384196,
                            40.772804321284745
                        ],
                        [
                            -119.22093646637768,
                            40.77329518203739
                        ],
                        [
                            -119.22037870671456,
                            40.77289094738853
                        ],
                        [
                            -119.22037732018858,
                            40.772889985253734
                        ],
                        [
                            -119.21977112154097,
                            40.77248749749183
                        ],
                        [
                            -119.2197697290129,
                            40.772486612625286
                        ],
                        [
                            -119.21917392144343,
                            40.77212457501281
                        ],
                        [
                            -119.21973040123515,
                            40.77157520541693
                        ],
                        [
                            -119.22037763301373,
                            40.77196848825021
                        ],
                        [
                            -119.22101568876603,
                            40.772392124823064
                        ],
                        [
                            -119.2215844384196,
                            40.772804321284745
                        ]
                    ],
                    [
                        [
                            -119.22149473708937,
                            40.783282343307704
                        ],
                        [
                            -119.22148306768335,
                            40.78369019824528
                        ],
                        [
                            -119.22144436661135,
                            40.78413835236694
                        ],
                        [
                            -119.22137988159594,
                            40.784584821223234
                        ],
                        [
                            -119.22128973078462,
                            40.785028763768246
                        ],
                        [
                            -119.22117407984156,
                            40.785469342720546
                        ],
                        [
                            -119.22104409358687,
                            40.7858718164245
                        ],
                        [
                            -119.22014607416915,
                            40.78568973226699
                        ],
                        [
                            -119.22026305870206,
                            40.7853275321443
                        ],
                        [
                            -119.22026370184625,
                            40.78532533337257
                        ],
                        [
                            -119.22037132258761,
                            40.784915369312806
                        ],
                        [
                            -119.22037184789053,
                            40.784913110949255
                        ],
                        [
                            -119.22045574753204,
                            40.78449998261773
                        ],
                        [
                            -119.22045614797463,
                            40.78449767620365
                        ],
                        [
                            -119.22051616724201,
                            40.78408217006529
                        ],
                        [
                            -119.22051643727042,
                            40.78407982839093
                        ],
                        [
                            -119.22055246235719,
                            40.78366273542244
                        ],
                        [
                            -119.22055259812643,
                            40.78366037223083
                        ],
                        [
                            -119.22056341689891,
                            40.78328244910046
                        ],
                        [
                            -119.22149473708937,
                            40.783282343307704
                        ]
                    ],
                    [
                        [
                            -119.22149471995523,
                            40.78320005413399
                        ],
                        [
                            -119.22056340141992,
                            40.78320015992656
                        ],
                        [
                            -119.22055243861321,
                            40.78282223285845
                        ],
                        [
                            -119.22055230195629,
                            40.78281986985131
                        ],
                        [
                            -119.22051611901789,
                            40.78240278475058
                        ],
                        [
                            -119.22051584814369,
                            40.782400443438064
                        ],
                        [
                            -119.22045567343652,
                            40.781984950346086
                        ],
                        [
                            -119.22045527221523,
                            40.78198264445761
                        ],
                        [
                            -119.22037122072882,
                            40.781569534251794
                        ],
                        [
                            -119.22037069473566,
                            40.781567276558405
                        ],
                        [
                            -119.22026292689998,
                            40.781157335565744
                        ],
                        [
                            -119.22026228317056,
                            40.78115513758526
                        ],
                        [
                            -119.22014517343199,
                            40.780792964695266
                        ],
                        [
                            -119.22104304486236,
                            40.78061068521524
                        ],
                        [
                            -119.22117318429746,
                            40.78101313522488
                        ],
                        [
                            -119.22128900615591,
                            40.7814536880575
                        ],
                        [
                            -119.22137933331972,
                            40.78189761010451
                        ],
                        [
                            -119.22144399879687,
                            40.7823440642208
                        ],
                        [
                            -119.22148288308526,
                            40.78279220945999
                        ],
                        [
                            -119.22149471995523,
                            40.78320005413399
                        ]
                    ],
                    [
                        [
                            -119.22101606994642,
                            40.78595009798738
                        ],
                        [
                            -119.22086717742404,
                            40.78633708775112
                        ],
                        [
                            -119.22067649407897,
                            40.78676261063563
                        ],
                        [
                            -119.22046144638843,
                            40.787181486581545
                        ],
                        [
                            -119.22022243536361,
                            40.787592918782344
                        ],
                        [
                            -119.2199599079729,
                            40.78799612324534
                        ],
                        [
                            -119.21969320645395,
                            40.78836430783145
                        ],
                        [
                            -119.2188924139499,
                            40.78801436337622
                        ],
                        [
                            -119.21912791372944,
                            40.78768925916436
                        ],
                        [
                            -119.21912907268745,
                            40.787687572482476
                        ],
                        [
                            -119.21937317763211,
                            40.787312670139244
                        ],
                        [
                            -119.21937427466327,
                            40.78731088773349
                        ],
                        [
                            -119.21959654620444,
                            40.78692827998407
                        ],
                        [
                            -119.21959757181037,
                            40.786926403964976
                        ],
                        [
                            -119.2197975871487,
                            40.78653681925176
                        ],
                        [
                            -119.2197985315559,
                            40.78653485318051
                        ],
                        [
                            -119.21997591028598,
                            40.786139033216315
                        ],
                        [
                            -119.21997676367843,
                            40.786136982230424
                        ],
                        [
                            -119.22011867894477,
                            40.78576814124873
                        ],
                        [
                            -119.22101606994642,
                            40.78595009798738
                        ]
                    ],
                    [
                        [
                            -119.22101499299235,
                            40.780532412309896
                        ],
                        [
                            -119.22011775236375,
                            40.78071456372903
                        ],
                        [
                            -119.21997571217389,
                            40.78034574860517
                        ],
                        [
                            -119.2199748584341,
                            40.78034369857309
                        ],
                        [
                            -119.21979735339124,
                            40.779947915303346
                        ],
                        [
                            -119.21979640875873,
                            40.77994595022649
                        ],
                        [
                            -119.21959627603567,
                            40.77955640623598
                        ],
                        [
                            -119.2195952503221,
                            40.779554531226395
                        ],
                        [
                            -119.21937287121769,
                            40.77917196791801
                        ],
                        [
                            -119.21937177418823,
                            40.77917018651387
                        ],
                        [
                            -119.21912757232033,
                            40.77879533199179
                        ],
                        [
                            -119.21912641346206,
                            40.77879364628384
                        ],
                        [
                            -119.21889083546964,
                            40.77846858395957
                        ],
                        [
                            -119.21969137536524,
                            40.77811848738157
                        ],
                        [
                            -119.21995816964426,
                            40.77848661671004
                        ],
                        [
                            -119.2202208101661,
                            40.77888976645126
                        ],
                        [
                            -119.22045994662278,
                            40.7793011478932
                        ],
                        [
                            -119.22067513108016,
                            40.7797199774147
                        ],
                        [
                            -119.2208659614779,
                            40.780145458544574
                        ],
                        [
                            -119.22101499299235,
                            40.780532412309896
                        ]
                    ],
                    [
                        [
                            -119.22087178397649,
                            40.793135425029256
                        ],
                        [
                            -119.22033497487382,
                            40.79352458433556
                        ],
                        [
                            -119.21973012296894,
                            40.79392627576207
                        ],
                        [
                            -119.21911729277754,
                            40.794298735848685
                        ],
                        [
                            -119.21856043144433,
                            40.793749465149986
                        ],
                        [
                            -119.21912180522818,
                            40.79340828072954
                        ],
                        [
                            -119.21912319828658,
                            40.79340739532993
                        ],
                        [
                            -119.21969618879595,
                            40.79302686608894
                        ],
                        [
                            -119.21969757587328,
                            40.793025903326914
                        ],
                        [
                            -119.21999852457455,
                            40.7928077324896
                        ],
                        [
                            -119.22001626722738,
                            40.7928180397052
                        ],
                        [
                            -119.2200429068262,
                            40.79283088834402
                        ],
                        [
                            -119.22007092421605,
                            40.7928419303067
                        ],
                        [
                            -119.22010010616596,
                            40.79285108155633
                        ],
                        [
                            -119.22013023058159,
                            40.79285827244556
                        ],
                        [
                            -119.22016106819548,
                            40.79286344824675
                        ],
                        [
                            -119.22019238431217,
                            40.79286656956843
                        ],
                        [
                            -119.22022394059412,
                            40.79286761265521
                        ],
                        [
                            -119.22025549687608,
                            40.79286656956843
                        ],
                        [
                            -119.22028681299275,
                            40.79286344824675
                        ],
                        [
                            -119.22031765060666,
                            40.79285827244556
                        ],
                        [
                            -119.22034777502229,
                            40.79285108155633
                        ],
                        [
                            -119.22037695697217,
                            40.7928419303067
                        ],
                        [
                            -119.22040497436204,
                            40.79283088834402
                        ],
                        [
                            -119.22043161396086,
                            40.7928180397052
                        ],
                        [
                            -119.22044339494853,
                            40.79281119579177
                        ],
                        [
                            -119.22087178397649,
                            40.793135425029256
                        ]
                    ],
                    [
                        [
                            -119.22086790375711,
                            40.773347119721414
                        ],
                        [
                            -119.22043976934383,
                            40.773671438082616
                        ],
                        [
                            -119.22042807574573,
                            40.77366464304914
                        ],
                        [
                            -119.22040144375813,
                            40.773651794499685
                        ],
                        [
                            -119.22037343440677,
                            40.77364075261777
                        ],
                        [
                            -119.22034426085803,
                            40.77363160143786
                        ],
                        [
                            -119.22031414513813,
                            40.77362441060519
                        ],
                        [
                            -119.22028331644346,
                            40.773619234845675
                        ],
                        [
                            -119.22025200939629,
                            40.7736161135495
                        ],
                        [
                            -119.22022046225935,
                            40.773615070471315
                        ],
                        [
                            -119.22018891512239,
                            40.7736161135495
                        ],
                        [
                            -119.22015760807523,
                            40.773619234845675
                        ],
                        [
                            -119.22012677938055,
                            40.77362441060519
                        ],
                        [
                            -119.22009666366066,
                            40.77363160143786
                        ],
                        [
                            -119.22006749011193,
                            40.77364075261777
                        ],
                        [
                            -119.22003948076056,
                            40.773651794499685
                        ],
                        [
                            -119.22001284877295,
                            40.77366464304914
                        ],
                        [
                            -119.21999503828015,
                            40.77367499254927
                        ],
                        [
                            -119.21969410660205,
                            40.77345689154825
                        ],
                        [
                            -119.21969272006054,
                            40.77345592939579
                        ],
                        [
                            -119.21911976915877,
                            40.773075514054376
                        ],
                        [
                            -119.21911837661574,
                            40.77307462917281
                        ],
                        [
                            -119.21855705586377,
                            40.772733545215814
                        ],
                        [
                            -119.21911354611528,
                            40.77218417832725
                        ],
                        [
                            -119.21972629195693,
                            40.77255650834274
                        ],
                        [
                            -119.2203311000817,
                            40.772958072862025
                        ],
                        [
                            -119.22086790375711,
                            40.773347119721414
                        ]
                    ],
                    [
                        [
                            -119.22053505512876,
                            40.78882198633378
                        ],
                        [
                            -119.2202366323046,
                            40.789194447490544
                        ],
                        [
                            -119.21988168329959,
                            40.78959676283032
                        ],
                        [
                            -119.21950384028143,
                            40.789987022501286
                        ],
                        [
                            -119.21910381819411,
                            40.790364478546714
                        ],
                        [
                            -119.21868237507516,
                            40.790728407053955
                        ],
                        [
                            -119.21826460398648,
                            40.79105889196844
                        ],
                        [
                            -119.21760266511737,
                            40.79055785293376
                        ],
                        [
                            -119.21797327528331,
                            40.79026467807122
                        ],
                        [
                            -119.21797463960937,
                            40.79026355025667
                        ],
                        [
                            -119.21836776093244,
                            40.789924081876194
                        ],
                        [
                            -119.21836910719863,
                            40.78992286653131
                        ],
                        [
                            -119.21874229254452,
                            40.78957073733955
                        ],
                        [
                            -119.21874361530077,
                            40.78956943149169
                        ],
                        [
                            -119.21909615440488,
                            40.78920531198258
                        ],
                        [
                            -119.21909744743414,
                            40.78920391308156
                        ],
                        [
                            -119.21942866937793,
                            40.78882849656864
                        ],
                        [
                            -119.21942992569059,
                            40.788827002641966
                        ],
                        [
                            -119.21971949421939,
                            40.78846559851141
                        ],
                        [
                            -119.22053505512876,
                            40.78882198633378
                        ]
                    ],
                    [
                        [
                            -119.2205329208637,
                            40.7776606330825
                        ],
                        [
                            -119.21971763783993,
                            40.778017187596966
                        ],
                        [
                            -119.21942799049503,
                            40.77765584372383
                        ],
                        [
                            -119.21942673445747,
                            40.7776543507404
                        ],
                        [
                            -119.2190954414316,
                            40.77727899919678
                        ],
                        [
                            -119.21909414873718,
                            40.777277601167924
                        ],
                        [
                            -119.21874155377809,
                            40.77691354872635
                        ],
                        [
                            -119.21874023140064,
                            40.776912243673216
                        ],
                        [
                            -119.2183670058519,
                            40.776560183136816
                        ],
                        [
                            -119.21836565999358,
                            40.77655896850598
                        ],
                        [
                            -119.21797251442572,
                            40.77621956984615
                        ],
                        [
                            -119.21797115052291,
                            40.7762184426644
                        ],
                        [
                            -119.21760052673424,
                            40.775925325937784
                        ],
                        [
                            -119.21826215293153,
                            40.775424179927334
                        ],
                        [
                            -119.21867992585865,
                            40.775754582752604
                        ],
                        [
                            -119.21910139747034,
                            40.77611843133848
                        ],
                        [
                            -119.21950146648524,
                            40.7764958087821
                        ],
                        [
                            -119.21987937449614,
                            40.77688599177301
                        ],
                        [
                            -119.22023440605135,
                            40.77728823294013
                        ],
                        [
                            -119.2205329208637,
                            40.7776606330825
                        ]
                    ],
                    [
                        [
                            -119.22050079203571,
                            40.79574037888033
                        ],
                        [
                            -119.21980392286063,
                            40.7961273148176
                        ],
                        [
                            -119.2190494473203,
                            40.7965090645199
                        ],
                        [
                            -119.21830287351105,
                            40.796852119807824
                        ],
                        [
                            -119.21800997346712,
                            40.79646816716015
                        ],
                        [
                            -119.21871479460866,
                            40.796144298281604
                        ],
                        [
                            -119.21871619113465,
                            40.7961436244151
                        ],
                        [
                            -119.21944710674953,
                            40.79577379664644
                        ],
                        [
                            -119.2194485040437,
                            40.79577305557501
                        ],
                        [
                            -119.22014297011671,
                            40.79538745526971
                        ],
                        [
                            -119.22050079203571,
                            40.79574037888033
                        ]
                    ],
                    [
                        [
                            -119.22049603184078,
                            40.770742247517056
                        ],
                        [
                            -119.2201384844392,
                            40.77109523891264
                        ],
                        [
                            -119.21944415297023,
                            40.77070979010094
                        ],
                        [
                            -119.21944275619447,
                            40.77070904944151
                        ],
                        [
                            -119.2187119950539,
                            40.770339362863076
                        ],
                        [
                            -119.21871059899858,
                            40.77033868932999
                        ],
                        [
                            -119.2180059462599,
                            40.77001494464027
                        ],
                        [
                            -119.21829860316733,
                            40.769630948364
                        ],
                        [
                            -119.21904496488929,
                            40.76997385492642
                        ],
                        [
                            -119.21979927574012,
                            40.77035545401706
                        ],
                        [
                            -119.22019240808478,
                            40.77057369542953
                        ],
                        [
                            -119.22049603184078,
                            40.770742247517056
                        ]
                    ],
                    [
                        [
                            -119.22048109375561,
                            40.783282458081395
                        ],
                        [
                            -119.22047037652995,
                            40.78365683396118
                        ],
                        [
                            -119.2204345547926,
                            40.78407157258097
                        ],
                        [
                            -119.22037487149426,
                            40.78448475284625
                        ],
                        [
                            -119.22029143571517,
                            40.78489559708329
                        ],
                        [
                            -119.22018440040847,
                            40.78530333102303
                        ],
                        [
                            -119.22006491447569,
                            40.78567327582202
                        ],
                        [
                            -119.21916690079783,
                            40.785491184149016
                        ],
                        [
                            -119.21927338388836,
                            40.785161513058924
                        ],
                        [
                            -119.21927402705603,
                            40.785159314318875
                        ],
                        [
                            -119.21937303124231,
                            40.78478219515317
                        ],
                        [
                            -119.2193735565729,
                            40.784779936816435
                        ],
                        [
                            -119.21945074023698,
                            40.78439990670072
                        ],
                        [
                            -119.21945114071077,
                            40.78439760030766
                        ],
                        [
                            -119.21950635729593,
                            40.7840153826946
                        ],
                        [
                            -119.21950662735823,
                            40.7840130410347
                        ],
                        [
                            -119.21953977213194,
                            40.78362936352869
                        ],
                        [
                            -119.21953990793673,
                            40.78362700034443
                        ],
                        [
                            -119.21954313573562,
                            40.78351430639807
                        ],
                        [
                            -119.21957265401097,
                            40.78351136385538
                        ],
                        [
                            -119.21960348728224,
                            40.783506188054204
                        ],
                        [
                            -119.21963360745565,
                            40.78349899716497
                        ],
                        [
                            -119.21966278529611,
                            40.78348984591536
                        ],
                        [
                            -119.21969079874044,
                            40.78347880395271
                        ],
                        [
                            -119.21971743458782,
                            40.783465955313886
                        ],
                        [
                            -119.21974249012203,
                            40.78345139778586
                        ],
                        [
                            -119.21976577465462,
                            40.78343524216129
                        ],
                        [
                            -119.21978711097599,
                            40.78341761139533
                        ],
                        [
                            -119.21980633670401,
                            40.78339863966987
                        ],
                        [
                            -119.21982330552015,
                            40.783378471372316
                        ],
                        [
                            -119.2198378882827,
                            40.78335725999658
                        ],
                        [
                            -119.21984997400968,
                            40.78333516697494
                        ],
                        [
                            -119.21985947072359,
                            40.78331236044947
                        ],
                        [
                            -119.21986630615108,
                            40.78328901399223
                        ],
                        [
                            -119.21986743481034,
                            40.78328252242007
                        ],
                        [
                            -119.22048109375561,
                            40.783282458081395
                        ]
                    ],
                    [
                        [
                            -119.22048107789155,
                            40.78320016890748
                        ],
                        [
                            -119.21986742152079,
                            40.78320023324588
                        ],
                        [
                            -119.21986630564008,
                            40.7831938155691
                        ],
                        [
                            -119.21985946997653,
                            40.78317046915353
                        ],
                        [
                            -119.21984997304932,
                            40.783147662684605
                        ],
                        [
                            -119.21983788713815,
                            40.783125569732704
                        ],
                        [
                            -119.21982330422624,
                            40.78310435843773
                        ],
                        [
                            -119.21980633530004,
                            40.78308419022954
                        ],
                        [
                            -119.21978710950457,
                            40.78306521859932
                        ],
                        [
                            -119.21976577316056,
                            40.78304758793159
                        ],
                        [
                            -119.21974248865065,
                            40.78303143240523
                        ],
                        [
                            -119.21971743318383,
                            40.78301687497244
                        ],
                        [
                            -119.21969079744653,
                            40.783004026422994
                        ],
                        [
                            -119.21966278415157,
                            40.7829929845411
                        ],
                        [
                            -119.21963360649528,
                            40.78298383336121
                        ],
                        [
                            -119.2196034865352,
                            40.78297664252854
                        ],
                        [
                            -119.21957265349997,
                            40.782971466769034
                        ],
                        [
                            -119.21954304027919,
                            40.782968514762096
                        ],
                        [
                            -119.21953977292512,
                            40.78285581814358
                        ],
                        [
                            -119.21953963630375,
                            40.782853455129
                        ],
                        [
                            -119.2195063579576,
                            40.78246978428061
                        ],
                        [
                            -119.21950608711727,
                            40.782467442953575
                        ],
                        [
                            -119.2194507390006,
                            40.78208523638022
                        ],
                        [
                            -119.21945033781051,
                            40.78208293047066
                        ],
                        [
                            -119.2193730256569,
                            40.78170291569273
                        ],
                        [
                            -119.21937249969137,
                            40.781700657972465
                        ],
                        [
                            -119.21927337103544,
                            40.78132355832589
                        ],
                        [
                            -119.21927272732943,
                            40.7813213603137
                        ],
                        [
                            -119.21916613946112,
                            40.78099171219062
                        ],
                        [
                            -119.22006401663535,
                            40.78080944022342
                        ],
                        [
                            -119.22018363308054,
                            40.78117936533958
                        ],
                        [
                            -119.22029081484109,
                            40.781587076945165
                        ],
                        [
                            -119.22037440172724,
                            40.78199790365641
                        ],
                        [
                            -119.22043423964918,
                            40.78241107132058
                        ],
                        [
                            -119.22047021836707,
                            40.78282580234677
                        ],
                        [
                            -119.22048107789155,
                            40.78320016890748
                        ]
                    ],
                    [
                        [
                            -119.22008191334389,
                            40.79532723375634
                        ],
                        [
                            -119.21940924936743,
                            40.795700728509736
                        ],
                        [
                            -119.21867973143573,
                            40.79606984908041
                        ],
                        [
                            -119.21795882005908,
                            40.79640111150335
                        ],
                        [
                            -119.21768403184133,
                            40.79604089546873
                        ],
                        [
                            -119.21836454189719,
                            40.79572819838875
                        ],
                        [
                            -119.21836593841556,
                            40.79572752452765
                        ],
                        [
                            -119.21907321013808,
                            40.79536966105363
                        ],
                        [
                            -119.21907460742386,
                            40.79536891998887
                        ],
                        [
                            -119.21974614191171,
                            40.79499605358255
                        ],
                        [
                            -119.22008191334389,
                            40.79532723375634
                        ]
                    ],
                    [
                        [
                            -119.2200774629077,
                            40.77115548232377
                        ],
                        [
                            -119.21974194121613,
                            40.77148672347734
                        ],
                        [
                            -119.21907053317423,
                            40.77111399909987
                        ],
                        [
                            -119.2190691363901,
                            40.771113258433786
                        ],
                        [
                            -119.21836200931055,
                            40.770755527164106
                        ],
                        [
                            -119.21836061324764,
                            40.770754853625625
                        ],
                        [
                            -119.21768026032129,
                            40.77044227247825
                        ],
                        [
                            -119.217954827517,
                            40.77008201733931
                        ],
                        [
                            -119.21867554016744,
                            40.77041314057289
                        ],
                        [
                            -119.219404904121,
                            40.770782120324895
                        ],
                        [
                            -119.2200774629077,
                            40.77115548232377
                        ]
                    ],
                    [
                        [
                            -119.22003688979014,
                            40.78575155706019
                        ],
                        [
                            -119.21990036216329,
                            40.786106395445174
                        ],
                        [
                            -119.21972388396176,
                            40.78650020588331
                        ],
                        [
                            -119.21952485531529,
                            40.78688786874357
                        ],
                        [
                            -119.21930364679815,
                            40.78726864665355
                        ],
                        [
                            -119.21906067154269,
                            40.78764181399249
                        ],
                        [
                            -119.21881523488864,
                            40.78798063592317
                        ],
                        [
                            -119.21801445214146,
                            40.78763068561872
                        ],
                        [
                            -119.21822868646832,
                            40.78733494353534
                        ],
                        [
                            -119.21822984542236,
                            40.78733325689248
                        ],
                        [
                            -119.2184543976073,
                            40.78698839140577
                        ],
                        [
                            -119.21845549463839,
                            40.78698660904015
                        ],
                        [
                            -119.21865996298295,
                            40.78663465533698
                        ],
                        [
                            -119.21866098859321,
                            40.786632779358335
                        ],
                        [
                            -119.21884498414015,
                            40.786274407509886
                        ],
                        [
                            -119.21884592855639,
                            40.786272441478474
                        ],
                        [
                            -119.21900910134335,
                            40.78590833376425
                        ],
                        [
                            -119.21900995474974,
                            40.785906282816555
                        ],
                        [
                            -119.21913950453734,
                            40.785569592813935
                        ],
                        [
                            -119.22003688979014,
                            40.78575155706019
                        ]
                    ],
                    [
                        [
                            -119.22003596580973,
                            40.780731166993164
                        ],
                        [
                            -119.21913871942841,
                            40.78091331090736
                        ],
                        [
                            -119.21900906463078,
                            40.78057664232867
                        ],
                        [
                            -119.21900821090487,
                            40.780574592258375
                        ],
                        [
                            -119.21884493123339,
                            40.780210515594604
                        ],
                        [
                            -119.21884398660988,
                            40.780208550477916
                        ],
                        [
                            -119.21865989173324,
                            40.779850213088594
                        ],
                        [
                            -119.21865886602396,
                            40.779848338038576
                        ],
                        [
                            -119.2184543066605,
                            40.779496421940955
                        ],
                        [
                            -119.21845320963097,
                            40.77949464049671
                        ],
                        [
                            -119.21822857543062,
                            40.77914981547573
                        ],
                        [
                            -119.21822741656834,
                            40.779148129728775
                        ],
                        [
                            -119.21801311657288,
                            40.778852422394685
                        ],
                        [
                            -119.21881366622311,
                            40.77850233166201
                        ],
                        [
                            -119.21905918191909,
                            40.77884110652785
                        ],
                        [
                            -119.21930225414985,
                            40.77921422703539
                        ],
                        [
                            -119.21952357017784,
                            40.77959496151172
                        ],
                        [
                            -119.21972271604247,
                            40.779982584653084
                        ],
                        [
                            -119.21989932027009,
                            40.780376359373705
                        ],
                        [
                            -119.22003596580973,
                            40.780731166993164
                        ]
                    ],
                    [
                        [
                            -119.21993633187584,
                            40.7924274166749
                        ],
                        [
                            -119.21992735399469,
                            40.79243627462077
                        ],
                        [
                            -119.21991038267855,
                            40.79245644282896
                        ],
                        [
                            -119.21989579771274,
                            40.79247765412392
                        ],
                        [
                            -119.21988371009934,
                            40.79249974707581
                        ],
                        [
                            -119.21987421183451,
                            40.79252255354472
                        ],
                        [
                            -119.21986737520821,
                            40.79254589996028
                        ],
                        [
                            -119.21986325225394,
                            40.79256960864268
                        ],
                        [
                            -119.21986187435279,
                            40.79259349915479
                        ],
                        [
                            -119.2198632519944,
                            40.79261738967549
                        ],
                        [
                            -119.21986737469695,
                            40.79264109838342
                        ],
                        [
                            -119.2198742110871,
                            40.79266444484067
                        ],
                        [
                            -119.21988370913853,
                            40.792687251366154
                        ],
                        [
                            -119.21989579656766,
                            40.79270934438778
                        ],
                        [
                            -119.21991038138401,
                            40.79273055576355
                        ],
                        [
                            -119.21992735259006,
                            40.79275072406112
                        ],
                        [
                            -119.21993142269939,
                            40.79275473983221
                        ],
                        [
                            -119.21964996091802,
                            40.79295878375151
                        ],
                        [
                            -119.21907836147405,
                            40.793338389170806
                        ],
                        [
                            -119.21850002589933,
                            40.793689882406795
                        ],
                        [
                            -119.21794317503905,
                            40.79314060899683
                        ],
                        [
                            -119.21847005508634,
                            40.792820390588616
                        ],
                        [
                            -119.21847144812978,
                            40.79281950520405
                        ],
                        [
                            -119.219011186296,
                            40.79246106160285
                        ],
                        [
                            -119.21901257335777,
                            40.79246009885853
                        ],
                        [
                            -119.21950646302307,
                            40.79210205944292
                        ],
                        [
                            -119.21993633187584,
                            40.7924274166749
                        ]
                    ],
                    [
                        [
                            -119.21993299252411,
                            40.77405532439359
                        ],
                        [
                            -119.21950336349467,
                            40.774380766974375
                        ],
                        [
                            -119.2190094948265,
                            40.774022831662336
                        ],
                        [
                            -119.21900810826945,
                            40.7740218694922
                        ],
                        [
                            -119.21846840524725,
                            40.77366352695472
                        ],
                        [
                            -119.21846701268927,
                            40.773662642058135
                        ],
                        [
                            -119.21794017897629,
                            40.773342512134185
                        ],
                        [
                            -119.21849667968797,
                            40.77279314795301
                        ],
                        [
                            -119.21907493937103,
                            40.77314452477309
                        ],
                        [
                            -119.21964649973464,
                            40.77352401685554
                        ],
                        [
                            -119.21992796228609,
                            40.773728007557395
                        ],
                        [
                            -119.21992395917218,
                            40.773731958306286
                        ],
                        [
                            -119.21990699263483,
                            40.77375212651451
                        ],
                        [
                            -119.21989241177587,
                            40.77377333780949
                        ],
                        [
                            -119.21988032756619,
                            40.77379543076141
                        ],
                        [
                            -119.21987083197594,
                            40.77381823723033
                        ],
                        [
                            -119.21986399727476,
                            40.77384158364592
                        ],
                        [
                            -119.21985987548153,
                            40.77386529232832
                        ],
                        [
                            -119.21985849796847,
                            40.77388918284043
                        ],
                        [
                            -119.2198598752222,
                            40.77391307336114
                        ],
                        [
                            -119.21986399676398,
                            40.77393678206904
                        ],
                        [
                            -119.21987083122924,
                            40.77396012852629
                        ],
                        [
                            -119.21988032660626,
                            40.773982935051755
                        ],
                        [
                            -119.2198924106319,
                            40.77400502807336
                        ],
                        [
                            -119.21990699134152,
                            40.774026239449086
                        ],
                        [
                            -119.21992395776884,
                            40.774046407746646
                        ],
                        [
                            -119.21993299252411,
                            40.77405532439359
                        ]
                    ],
                    [
                        [
                            -119.21968508581577,
                            40.79493583165556
                        ],
                        [
                            -119.2190353528418,
                            40.79529659287252
                        ],
                        [
                            -119.21832947879447,
                            40.795653749154546
                        ],
                        [
                            -119.21763287906327,
                            40.7959738395044
                        ],
                        [
                            -119.21717701998512,
                            40.79537624874135
                        ],
                        [
                            -119.21781971307283,
                            40.79508092978378
                        ],
                        [
                            -119.21782110957935,
                            40.795080255931076
                        ],
                        [
                            -119.21849160223488,
                            40.79474100328825
                        ],
                        [
                            -119.21849299950762,
                            40.794740262233866
                        ],
                        [
                            -119.21912886297073,
                            40.79438720376842
                        ],
                        [
                            -119.21968508581577,
                            40.79493583165556
                        ]
                    ],
                    [
                        [
                            -119.21968091900838,
                            40.771546966475405
                        ],
                        [
                            -119.21912508683681,
                            40.77209569672582
                        ],
                        [
                            -119.21848933778955,
                            40.77174276625875
                        ],
                        [
                            -119.21848794099238,
                            40.77174202558231
                        ],
                        [
                            -119.21781757832909,
                            40.77140289175299
                        ],
                        [
                            -119.21781618225434,
                            40.771402218206134
                        ],
                        [
                            -119.21717362931251,
                            40.77110700279975
                        ],
                        [
                            -119.2176291409492,
                            40.77050934487023
                        ],
                        [
                            -119.21832555434649,
                            40.77082930483562
                        ],
                        [
                            -119.21903128423081,
                            40.77118632927277
                        ],
                        [
                            -119.21968091900838,
                            40.771546966475405
                        ]
                    ],
                    [
                        [
                            -119.21964139454849,
                            40.78843146950546
                        ],
                        [
                            -119.21936631768286,
                            40.788774786909016
                        ],
                        [
                            -119.21903637193715,
                            40.78914875694219
                        ],
                        [
                            -119.21868514217023,
                            40.78951152410425
                        ],
                        [
                            -119.21831329269065,
                            40.78986239280299
                        ],
                        [
                            -119.21792152792749,
                            40.790200689765975
                        ],
                        [
                            -119.21753488474747,
                            40.790506547703956
                        ],
                        [
                            -119.21688575905284,
                            40.79001519514391
                        ],
                        [
                            -119.21722578782614,
                            40.789746214342884
                        ],
                        [
                            -119.21722715213649,
                            40.78974508655182
                        ],
                        [
                            -119.21759111562635,
                            40.789430799677106
                        ],
                        [
                            -119.2175924618774,
                            40.78942958435872
                        ],
                        [
                            -119.21793796863312,
                            40.78910357571614
                        ],
                        [
                            -119.21793929137533,
                            40.78910226989777
                        ],
                        [
                            -119.21826568380375,
                            40.78876516023123
                        ],
                        [
                            -119.21826697682059,
                            40.78876376136257
                        ],
                        [
                            -119.21857363375197,
                            40.78841619254353
                        ],
                        [
                            -119.21857489005443,
                            40.788414698651856
                        ],
                        [
                            -119.21884152171434,
                            40.78808192694383
                        ],
                        [
                            -119.21964139454849,
                            40.78843146950546
                        ]
                    ],
                    [
                        [
                            -119.21963954929235,
                            40.778051338084694
                        ],
                        [
                            -119.21883992963711,
                            40.77840103221804
                        ],
                        [
                            -119.21857323090929,
                            40.77806831203013
                        ],
                        [
                            -119.2185719748615,
                            40.778066819011734
                        ],
                        [
                            -119.21826525700165,
                            40.777719305881604
                        ],
                        [
                            -119.2182639642948,
                            40.77771790782042
                        ],
                        [
                            -119.2179375239899,
                            40.77738085564129
                        ],
                        [
                            -119.2179362015984,
                            40.7773795505587
                        ],
                        [
                            -119.21759066038247,
                            40.77705360076454
                        ],
                        [
                            -119.21758931450904,
                            40.77705238610724
                        ],
                        [
                            -119.21722533023761,
                            40.776738158994085
                        ],
                        [
                            -119.2172239663191,
                            40.77673703178888
                        ],
                        [
                            -119.21688392546062,
                            40.776468099964085
                        ],
                        [
                            -119.21753276647841,
                            40.775976650186195
                        ],
                        [
                            -119.21791941077247,
                            40.77628243711434
                        ],
                        [
                            -119.21831120019796,
                            40.776620665029945
                        ],
                        [
                            -119.21868309027545,
                            40.77697146582749
                        ],
                        [
                            -119.21903437625619,
                            40.77733416675581
                        ],
                        [
                            -119.21936439339086,
                            40.777708072728004
                        ],
                        [
                            -119.21963954929235,
                            40.778051338084694
                        ]
                    ],
                    [
                        [
                            -119.21946085732007,
                            40.783512752513495
                        ],
                        [
                            -119.21945768639411,
                            40.78362346082406
                        ],
                        [
                            -119.21942474500472,
                            40.78400478399249
                        ],
                        [
                            -119.21936986442132,
                            40.784384675750225
                        ],
                        [
                            -119.21929314464923,
                            40.78476242179547
                        ],
                        [
                            -119.21919472592323,
                            40.78513731087074
                        ],
                        [
                            -119.21908574121926,
                            40.78547472694294
                        ],
                        [
                            -119.21818773328144,
                            40.78529262775453
                        ],
                        [
                            -119.21828371402285,
                            40.78499548551857
                        ],
                        [
                            -119.21828435721397,
                            40.7849932868102
                        ],
                        [
                            -119.21837474390072,
                            40.78464901239067
                        ],
                        [
                            -119.21837526925898,
                            40.78464675408077
                        ],
                        [
                            -119.21844573597079,
                            40.784299822064746
                        ],
                        [
                            -119.21844613647578,
                            40.784297515692714
                        ],
                        [
                            -119.21849654938089,
                            40.783948586521426
                        ],
                        [
                            -119.21849681947708,
                            40.78394624487599
                        ],
                        [
                            -119.21852708292451,
                            40.78359598278218
                        ],
                        [
                            -119.21852721876488,
                            40.78359361960528
                        ],
                        [
                            -119.21853357813342,
                            40.783371709605554
                        ],
                        [
                            -119.21915327226642,
                            40.78328899952716
                        ],
                        [
                            -119.2191532747814,
                            40.78328901399223
                        ],
                        [
                            -119.2191601102089,
                            40.78331236044947
                        ],
                        [
                            -119.21916960692279,
                            40.78333516697494
                        ],
                        [
                            -119.21918169264977,
                            40.78335725999658
                        ],
                        [
                            -119.21919627541234,
                            40.783378471372316
                        ],
                        [
                            -119.21921324422846,
                            40.78339863966987
                        ],
                        [
                            -119.21923246995651,
                            40.78341761139533
                        ],
                        [
                            -119.21925380627785,
                            40.78343524216129
                        ],
                        [
                            -119.21927709081044,
                            40.78345139778586
                        ],
                        [
                            -119.21930214634465,
                            40.783465955313886
                        ],
                        [
                            -119.21932878219204,
                            40.78347880395271
                        ],
                        [
                            -119.21935679563639,
                            40.78348984591536
                        ],
                        [
                            -119.21938597347682,
                            40.78349899716497
                        ],
                        [
                            -119.21941609365022,
                            40.783506188054204
                        ],
                        [
                            -119.2194469269215,
                            40.78351136385538
                        ],
                        [
                            -119.21946085732007,
                            40.783512752513495
                        ]
                    ],
                    [
                        [
                            -119.21946076212863,
                            40.782970087651265
                        ],
                        [
                            -119.2194469274325,
                            40.782971466769034
                        ],
                        [
                            -119.21941609439729,
                            40.78297664252854
                        ],
                        [
                            -119.2193859744372,
                            40.78298383336121
                        ],
                        [
                            -119.21935679678093,
                            40.7829929845411
                        ],
                        [
                            -119.21932878348593,
                            40.783004026422994
                        ],
                        [
                            -119.21930214774866,
                            40.78301687497244
                        ],
                        [
                            -119.21927709228181,
                            40.78303143240523
                        ],
                        [
                            -119.21925380777192,
                            40.78304758793159
                        ],
                        [
                            -119.2192324714279,
                            40.78306521859932
                        ],
                        [
                            -119.21921324563243,
                            40.78308419022954
                        ],
                        [
                            -119.21919627670623,
                            40.78310435843773
                        ],
                        [
                            -119.21918169379431,
                            40.783125569732704
                        ],
                        [
                            -119.21916960788317,
                            40.783147662684605
                        ],
                        [
                            -119.21916011095594,
                            40.78317046915353
                        ],
                        [
                            -119.21915327946289,
                            40.78319380132527
                        ],
                        [
                            -119.21853352859746,
                            40.78311103019083
                        ],
                        [
                            -119.21852710621299,
                            40.78288939457639
                        ],
                        [
                            -119.21852696962718,
                            40.782887031554395
                        ],
                        [
                            -119.21849659486031,
                            40.78253677500904
                        ],
                        [
                            -119.21849632405385,
                            40.782534433667486
                        ],
                        [
                            -119.2184458015302,
                            40.78218551369671
                        ],
                        [
                            -119.21844540037127,
                            40.78218320776607
                        ],
                        [
                            -119.2183748265761,
                            40.78183628853259
                        ],
                        [
                            -119.2183743006382,
                            40.781834030785454
                        ],
                        [
                            -119.21828381021822,
                            40.7814897726332
                        ],
                        [
                            -119.21828316653564,
                            40.7814875745893
                        ],
                        [
                            -119.21818709963149,
                            40.7811904514119
                        ],
                        [
                            -119.21908498254945,
                            40.78100818695766
                        ],
                        [
                            -119.21919407691063,
                            40.78134558700116
                        ],
                        [
                            -119.21929261951713,
                            40.78172045723157
                        ],
                        [
                            -119.21936946710007,
                            40.782098188491155
                        ],
                        [
                            -119.21942447846413,
                            40.782478069618485
                        ],
                        [
                            -119.21945755262466,
                            40.78285938638149
                        ],
                        [
                            -119.21946076212863,
                            40.782970087651265
                        ]
                    ],
                    [
                        [
                            -119.21943787386981,
                            40.79205014486571
                        ],
                        [
                            -119.21896495863744,
                            40.792392979116606
                        ],
                        [
                            -119.21842661152127,
                            40.79275049891249
                        ],
                        [
                            -119.21786812502025,
                            40.793089926566445
                        ],
                        [
                            -119.21729056257654,
                            40.793410610608625
                        ],
                        [
                            -119.21669502452004,
                            40.793711935497925
                        ],
                        [
                            -119.2161118763939,
                            40.793979891457504
                        ],
                        [
                            -119.21528486878746,
                            40.792895672684445
                        ],
                        [
                            -119.21578642787651,
                            40.792665208255755
                        ],
                        [
                            -119.2157878243388,
                            40.79266453443437
                        ],
                        [
                            -119.21632105571449,
                            40.79239473691425
                        ],
                        [
                            -119.21632245293851,
                            40.79239399589858
                        ],
                        [
                            -119.21683962790583,
                            40.79210684371124
                        ],
                        [
                            -119.21684102414103,
                            40.79210603222614
                        ],
                        [
                            -119.21734115804371,
                            40.79180207220353
                        ],
                        [
                            -119.21734255106122,
                            40.79180118684503
                        ],
                        [
                            -119.21782469173353,
                            40.79148099781906
                        ],
                        [
                            -119.21782607876837,
                            40.791480035105394
                        ],
                        [
                            -119.21826463090659,
                            40.79116211618379
                        ],
                        [
                            -119.21943787386981,
                            40.79205014486571
                        ]
                    ],
                    [
                        [
                            -119.21943479910543,
                            40.77443270315198
                        ],
                        [
                            -119.21826215607686,
                            40.7753209466648
                        ],
                        [
                            -119.21782362183095,
                            40.77500311121525
                        ],
                        [
                            -119.21782223524698,
                            40.77500214901449
                        ],
                        [
                            -119.21734012261842,
                            40.77468204063392
                        ],
                        [
                            -119.21733873003456,
                            40.77468115571133
                        ],
                        [
                            -119.21683864263423,
                            40.77437727510189
                        ],
                        [
                            -119.21683724680788,
                            40.77437646398171
                        ],
                        [
                            -119.21632013644766,
                            40.77408938937093
                        ],
                        [
                            -119.21631873960186,
                            40.77408864865584
                        ],
                        [
                            -119.21578559044627,
                            40.773818926285266
                        ],
                        [
                            -119.21578419432736,
                            40.77381825270713
                        ],
                        [
                            -119.21528272065639,
                            40.773587851829795
                        ],
                        [
                            -119.21610921507002,
                            40.772503527982025
                        ],
                        [
                            -119.21669222921243,
                            40.77277139074744
                        ],
                        [
                            -119.21728766463696,
                            40.77307262176376
                        ],
                        [
                            -119.21786514655807,
                            40.773393208959675
                        ],
                        [
                            -119.21842357525581,
                            40.773732537541235
                        ],
                        [
                            -119.21896188772463,
                            40.77408995680349
                        ],
                        [
                            -119.21943479910543,
                            40.77443270315198
                        ]
                    ],
                    [
                        [
                            -119.21906780769694,
                            40.79432698132616
                        ],
                        [
                            -119.21845374507222,
                            40.794667935038
                        ],
                        [
                            -119.21778465007941,
                            40.79500648049818
                        ],
                        [
                            -119.21712586797973,
                            40.79530919239389
                        ],
                        [
                            -119.21667001818432,
                            40.794711599839104
                        ],
                        [
                            -119.21727489487212,
                            40.794433658616306
                        ],
                        [
                            -119.21727629136679,
                            40.794432984771994
                        ],
                        [
                            -119.21791000534625,
                            40.79411234260275
                        ],
                        [
                            -119.21791140260594,
                            40.79411160155874
                        ],
                        [
                            -119.21851159528413,
                            40.793778350702354
                        ],
                        [
                            -119.21906780769694,
                            40.79432698132616
                        ]
                    ],
                    [
                        [
                            -119.21906406380762,
                            40.772155939209306
                        ],
                        [
                            -119.2185082212173,
                            40.77270466672707
                        ],
                        [
                            -119.21790813140491,
                            40.77237153050186
                        ],
                        [
                            -119.2179067345947,
                            40.77237078981507
                        ],
                        [
                            -119.21727313673883,
                            40.77205025378335
                        ],
                        [
                            -119.21727174065225,
                            40.77204958022811
                        ],
                        [
                            -119.21666698826303,
                            40.77177173094983
                        ],
                        [
                            -119.21712250916866,
                            40.771174074809146
                        ],
                        [
                            -119.21778112324397,
                            40.77147666936476
                        ],
                        [
                            -119.21845008869946,
                            40.771815096352164
                        ],
                        [
                            -119.21906406380762,
                            40.772155939209306
                        ]
                    ],
                    [
                        [
                            -119.21905771548863,
                            40.78555300785637
                        ],
                        [
                            -119.21893355361952,
                            40.78587569507034
                        ],
                        [
                            -119.21877128137261,
                            40.78623779329765
                        ],
                        [
                            -119.21858827252424,
                            40.78659424333335
                        ],
                        [
                            -119.21838486720603,
                            40.786944367237105
                        ],
                        [
                            -119.21816144470802,
                            40.787287497759465
                        ],
                        [
                            -119.21793727346862,
                            40.78759695736073
                        ],
                        [
                            -119.2171365004782,
                            40.78724700120724
                        ],
                        [
                            -119.21732946880286,
                            40.786980620926094
                        ],
                        [
                            -119.21733062775292,
                            40.786978934322256
                        ],
                        [
                            -119.21753562655555,
                            40.78666410538522
                        ],
                        [
                            -119.21753672358658,
                            40.78666232305973
                        ],
                        [
                            -119.21772338804367,
                            40.786341023117686
                        ],
                        [
                            -119.21772441365826,
                            40.786339147179476
                        ],
                        [
                            -119.21789238865992,
                            40.78601198793456
                        ],
                        [
                            -119.2178933330852,
                            40.78601002194298
                        ],
                        [
                            -119.21804229911787,
                            40.785677626243334
                        ],
                        [
                            -119.21804315253819,
                            40.78567557533385
                        ],
                        [
                            -119.21816033598483,
                            40.78537103610261
                        ],
                        [
                            -119.21905771548863,
                            40.78555300785637
                        ]
                    ],
                    [
                        [
                            -119.21905693276821,
                            40.7809299134025
                        ],
                        [
                            -119.2181596806343,
                            40.78111204981164
                        ],
                        [
                            -119.21804241036745,
                            40.78080752798619
                        ],
                        [
                            -119.21804155665544,
                            40.780805477877685
                        ],
                        [
                            -119.21789250154505,
                            40.78047310805554
                        ],
                        [
                            -119.21789155693055,
                            40.78047114289901
                        ],
                        [
                            -119.21772349914734,
                            40.78014401237237
                        ],
                        [
                            -119.21772247344235,
                            40.78014213728192
                        ],
                        [
                            -119.21753573313002,
                            40.779820868680396
                        ],
                        [
                            -119.2175346361004,
                            40.77981908719603
                        ],
                        [
                            -119.21732956894598,
                            40.7795042919832
                        ],
                        [
                            -119.21732841007972,
                            40.77950260619724
                        ],
                        [
                            -119.21713538753265,
                            40.77923625417969
                        ],
                        [
                            -119.21793594693764,
                            40.77888616929243
                        ],
                        [
                            -119.21816018459917,
                            40.7791955893694
                        ],
                        [
                            -119.2183836891602,
                            40.779538680336074
                        ],
                        [
                            -119.21858718544931,
                            40.77988876756129
                        ],
                        [
                            -119.21877029347425,
                            40.780245184061386
                        ],
                        [
                            -119.21893267234188,
                            40.78060725213671
                        ],
                        [
                            -119.21905693276821,
                            40.7809299134025
                        ]
                    ],
                    [
                        [
                            -119.21876342246325,
                            40.78804779713179
                        ],
                        [
                            -119.21851128245125,
                            40.78836248242641
                        ],
                        [
                            -119.21820590170661,
                            40.78870860479935
                        ],
                        [
                            -119.21788081860193,
                            40.78904436214993
                        ],
                        [
                            -119.21753664769801,
                            40.789369110327335
                        ],
                        [
                            -119.2171740407525,
                            40.7896822258096
                        ],
                        [
                            -119.21681797942563,
                            40.789963889211165
                        ],
                        [
                            -119.21638922814125,
                            40.78963934003873
                        ],
                        [
                            -119.21639821402192,
                            40.789630473707945
                        ],
                        [
                            -119.21641518443042,
                            40.789610305410356
                        ],
                        [
                            -119.21642976856145,
                            40.78958909403461
                        ],
                        [
                            -119.21644185542262,
                            40.78956700101299
                        ],
                        [
                            -119.21645135302768,
                            40.78954419448751
                        ],
                        [
                            -119.2164581890966,
                            40.78952084803025
                        ],
                        [
                            -119.21646231160544,
                            40.78949713932234
                        ],
                        [
                            -119.2164636891823,
                            40.789473248801634
                        ],
                        [
                            -119.21646231134592,
                            40.78944935828952
                        ],
                        [
                            -119.21645818858545,
                            40.78942564960713
                        ],
                        [
                            -119.2164513522804,
                            40.78940230319155
                        ],
                        [
                            -119.21644185446193,
                            40.78937949672265
                        ],
                        [
                            -119.21642976741657,
                            40.78935740377075
                        ],
                        [
                            -119.21641518313612,
                            40.78933619247579
                        ],
                        [
                            -119.21639821261748,
                            40.78931602426759
                        ],
                        [
                            -119.21638419694312,
                            40.789302195178394
                        ],
                        [
                            -119.21647831204163,
                            40.78922774579128
                        ],
                        [
                            -119.21647967633629,
                            40.7892266180237
                        ],
                        [
                            -119.21681448185907,
                            40.78893751227116
                        ],
                        [
                            -119.216815828095,
                            40.78893629697927
                        ],
                        [
                            -119.2171336560389,
                            40.78863640850808
                        ],
                        [
                            -119.21713497876705,
                            40.7886351027192
                        ],
                        [
                            -119.21743522421195,
                            40.78832500252624
                        ],
                        [
                            -119.21743651721638,
                            40.78832360368994
                        ],
                        [
                            -119.21771860874374,
                            40.78800388220739
                        ],
                        [
                            -119.217719865036,
                            40.78800238835071
                        ],
                        [
                            -119.21796355935653,
                            40.7876982487197
                        ],
                        [
                            -119.21876342246325,
                            40.78804779713179
                        ]
                    ],
                    [
                        [
                            -119.2187618406694,
                            40.77843518189995
                        ],
                        [
                            -119.21796221128903,
                            40.7787848701867
                        ],
                        [
                            -119.2177184607089,
                            40.77848077402966
                        ],
                        [
                            -119.21771720465091,
                            40.7784792809763
                        ],
                        [
                            -119.21743506156655,
                            40.77815960661711
                        ],
                        [
                            -119.21743376884729,
                            40.77815820852359
                        ],
                        [
                            -119.2171334828898,
                            40.77784815697588
                        ],
                        [
                            -119.21713216048427,
                            40.77784685186383
                        ],
                        [
                            -119.21681430338049,
                            40.77754701318956
                        ],
                        [
                            -119.21681295749192,
                            40.777545798505805
                        ],
                        [
                            -119.21670428661082,
                            40.77745198215719
                        ],
                        [
                            -119.21670561909337,
                            40.77742886469296
                        ],
                        [
                            -119.21670120990366,
                            40.777352415084444
                        ],
                        [
                            -119.21668801857729,
                            40.77727654739059
                        ],
                        [
                            -119.21666614553753,
                            40.77720183900738
                        ],
                        [
                            -119.216635757279,
                            40.77712885850587
                        ],
                        [
                            -119.21659708509947,
                            40.77705816130514
                        ],
                        [
                            -119.2165504233391,
                            40.77699028544545
                        ],
                        [
                            -119.21649612713948,
                            40.77692574749366
                        ],
                        [
                            -119.21643460974025,
                            40.77686503861212
                        ],
                        [
                            -119.2163988587332,
                            40.77683549443691
                        ],
                        [
                            -119.2168161644623,
                            40.776519423510074
                        ],
                        [
                            -119.21717222628664,
                            40.77680102601099
                        ],
                        [
                            -119.21753485440045,
                            40.77711408235518
                        ],
                        [
                            -119.21787906013031,
                            40.77743877238237
                        ],
                        [
                            -119.21820419144362,
                            40.77777447301738
                        ],
                        [
                            -119.21850963340079,
                            40.7781205405423
                        ],
                        [
                            -119.2187618406694,
                            40.77843518189995
                        ]
                    ],
                    [
                        [
                            -119.21845093909064,
                            40.78338273937224
                        ],
                        [
                            -119.21844499727614,
                            40.78359007883443
                        ],
                        [
                            -119.21841493724793,
                            40.78393798660156
                        ],
                        [
                            -119.21836486037732,
                            40.78428458993503
                        ],
                        [
                            -119.21829485758703,
                            40.7846292379049
                        ],
                        [
                            -119.21820505638624,
                            40.78497128226326
                        ],
                        [
                            -119.21810657384695,
                            40.785276169696864
                        ],
                        [
                            -119.21666755260172,
                            40.78498434538597
                        ],
                        [
                            -119.21667219574573,
                            40.78497098666678
                        ],
                        [
                            -119.21667262191716,
                            40.784969691745516
                        ],
                        [
                            -119.21676308891678,
                            40.78467865701745
                        ],
                        [
                            -119.21676370920157,
                            40.78467644558152
                        ],
                        [
                            -119.21683732331232,
                            40.78438269992888
                        ],
                        [
                            -119.21683782426281,
                            40.784380431079704
                        ],
                        [
                            -119.21689444557231,
                            40.784084533696294
                        ],
                        [
                            -119.21689482043787,
                            40.784082219242
                        ],
                        [
                            -119.21693434138719,
                            40.78378473341024
                        ],
                        [
                            -119.21693458493503,
                            40.783782386354936
                        ],
                        [
                            -119.21694950039608,
                            40.78358313518933
                        ],
                        [
                            -119.21845093909064,
                            40.78338273937224
                        ]
                    ],
                    [
                        [
                            -119.2184508850452,
                            40.78309999269019
                        ],
                        [
                            -119.21695078165826,
                            40.78289964563778
                        ],
                        [
                            -119.21695004028025,
                            40.782881333935215
                        ],
                        [
                            -119.21694987668411,
                            40.782878974102665
                        ],
                        [
                            -119.21692057347305,
                            40.782580811435764
                        ],
                        [
                            -119.21692027628096,
                            40.78257847607914
                        ],
                        [
                            -119.21687382514703,
                            40.782281565015545
                        ],
                        [
                            -119.21687339858323,
                            40.782279267701426
                        ],
                        [
                            -119.21680988817482,
                            40.781984173407686
                        ],
                        [
                            -119.2168093381251,
                            40.781981926680736
                        ],
                        [
                            -119.21672888955831,
                            40.78168921085762
                        ],
                        [
                            -119.21672829493514,
                            40.78168724137667
                        ],
                        [
                            -119.21666633140396,
                            40.781499139364215
                        ],
                        [
                            -119.21810594257548,
                            40.7812069253274
                        ],
                        [
                            -119.21820451578817,
                            40.78151180021036
                        ],
                        [
                            -119.21829442018436,
                            40.781853828917036
                        ],
                        [
                            -119.21836452943833,
                            40.782198464607745
                        ],
                        [
                            -119.21841471524208,
                            40.78254505911477
                        ],
                        [
                            -119.21844488585822,
                            40.78289296156386
                        ],
                        [
                            -119.2184508850452,
                            40.78309999269019
                        ]
                    ],
                    [
                        [
                            -119.21845054089978,
                            40.79371812770751
                        ],
                        [
                            -119.21787214831737,
                            40.7940392742833
                        ],
                        [
                            -119.21723983198812,
                            40.79435920927925
                        ],
                        [
                            -119.21661886704791,
                            40.79464454306426
                        ],
                        [
                            -119.2161630265349,
                            40.79404694871782
                        ],
                        [
                            -119.21673008729462,
                            40.79378638488644
                        ],
                        [
                            -119.21673148377744,
                            40.79378571105052
                        ],
                        [
                            -119.21732841947183,
                            40.793483678997205
                        ],
                        [
                            -119.21732981671846,
                            40.79348293796357
                        ],
                        [
                            -119.21789433891878,
                            40.79316949434708
                        ],
                        [
                            -119.21845054089978,
                            40.79371812770751
                        ]
                    ],
                    [
                        [
                            -119.21844719729944,
                            40.772764908658644
                        ],
                        [
                            -119.21789134428998,
                            40.77331363344369
                        ],
                        [
                            -119.21732691401995,
                            40.7730002918291
                        ],
                        [
                            -119.21732551719671,
                            40.77299955113195
                        ],
                        [
                            -119.21672868453943,
                            40.77269761325504
                        ],
                        [
                            -119.21672728844102,
                            40.77269693969142
                        ],
                        [
                            -119.2161603370762,
                            40.77243645688424
                        ],
                        [
                            -119.21661586725124,
                            40.77183880253245
                        ],
                        [
                            -119.21723668153277,
                            40.77212403133543
                        ],
                        [
                            -119.21786888216832,
                            40.772443860515864
                        ],
                        [
                            -119.21844719729944,
                            40.772764908658644
                        ]
                    ],
                    [
                        [
                            -119.21822502725261,
                            40.796885747902515
                        ],
                        [
                            -119.21747799364987,
                            40.79719609000174
                        ],
                        [
                            -119.21666401148303,
                            40.79750004903756
                        ],
                        [
                            -119.21583325048967,
                            40.79777684522661
                        ],
                        [
                            -119.21498729530451,
                            40.798025948104645
                        ],
                        [
                            -119.21412775977082,
                            40.79824688030082
                        ],
                        [
                            -119.2132911153398,
                            40.798431530997505
                        ],
                        [
                            -119.21314068425795,
                            40.79800663297927
                        ],
                        [
                            -119.21393925864051,
                            40.79783038460391
                        ],
                        [
                            -119.21394063398816,
                            40.79783005617697
                        ],
                        [
                            -119.2147731190805,
                            40.79761607712079
                        ],
                        [
                            -119.21477449853126,
                            40.797615696861264
                        ],
                        [
                            -119.215593856052,
                            40.797374426289984
                        ],
                        [
                            -119.2155952396806,
                            40.797373992223235
                        ],
                        [
                            -119.21639990908639,
                            40.79710588970398
                        ],
                        [
                            -119.21640129676811,
                            40.79710539960891
                        ],
                        [
                            -119.21718974554658,
                            40.79681097581182
                        ],
                        [
                            -119.21719113692066,
                            40.79681042722626
                        ],
                        [
                            -119.21793259126513,
                            40.79650240357055
                        ],
                        [
                            -119.21822502725261,
                            40.796885747902515
                        ]
                    ],
                    [
                        [
                            -119.21822076351265,
                            40.76959732696904
                        ],
                        [
                            -119.21792856945909,
                            40.76998071593294
                        ],
                        [
                            -119.21718734500647,
                            40.769672825095476
                        ],
                        [
                            -119.2171859539984,
                            40.769672276715106
                        ],
                        [
                            -119.2163977509531,
                            40.769377974160825
                        ],
                        [
                            -119.21639636358398,
                            40.76937748422081
                        ],
                        [
                            -119.21562546600848,
                            40.76912065481863
                        ],
                        [
                            -119.21584845530059,
                            40.76871283734289
                        ],
                        [
                            -119.21666022191522,
                            40.76898328214855
                        ],
                        [
                            -119.21747394163451,
                            40.76928711170638
                        ],
                        [
                            -119.21822076351265,
                            40.76959732696904
                        ]
                    ],
                    [
                        [
                            -119.21819604280029,
                            40.79111020065259
                        ],
                        [
                            -119.21777846445461,
                            40.79141291507529
                        ],
                        [
                            -119.21729771480595,
                            40.79173218032417
                        ],
                        [
                            -119.21679897644654,
                            40.79203529219519
                        ],
                        [
                            -119.21628319905068,
                            40.79232166840588
                        ],
                        [
                            -119.21575136529127,
                            40.79259075877819
                        ],
                        [
                            -119.21523371983072,
                            40.7928286148313
                        ],
                        [
                            -119.21476885184353,
                            40.79221914669099
                        ],
                        [
                            -119.21523192122908,
                            40.79200636891787
                        ],
                        [
                            -119.21523331767932,
                            40.79200569510504
                        ],
                        [
                            -119.21572911510565,
                            40.79175483902662
                        ],
                        [
                            -119.21573051231638,
                            40.79175409802151
                        ],
                        [
                            -119.21621138102189,
                            40.79148710560137
                        ],
                        [
                            -119.21621277724275,
                            40.79148629412909
                        ],
                        [
                            -119.21667780170729,
                            40.791203673793945
                        ],
                        [
                            -119.21667919470957,
                            40.79120278845075
                        ],
                        [
                            -119.21712748961797,
                            40.79090507838044
                        ],
                        [
                            -119.21712887663698,
                            40.79090411568479
                        ],
                        [
                            -119.21753491073456,
                            40.790609772308734
                        ],
                        [
                            -119.21819604280029,
                            40.79111020065259
                        ]
                    ],
                    [
                        [
                            -119.21819359064092,
                            40.77537288188926
                        ],
                        [
                            -119.21753277055635,
                            40.775873417312965
                        ],
                        [
                            -119.21712675230305,
                            40.77557914611469
                        ],
                        [
                            -119.21712536570327,
                            40.775578183895945
                        ],
                        [
                            -119.2166770950396,
                            40.77528054354628
                        ],
                        [
                            -119.21667570244053,
                            40.77527965860839
                        ],
                        [
                            -119.21621071817884,
                            40.77499710692859
                        ],
                        [
                            -119.21620932233814,
                            40.77499629579561
                        ],
                        [
                            -119.2157285094876,
                            40.77472937044302
                        ],
                        [
                            -119.21572711262854,
                            40.77472862971739
                        ],
                        [
                            -119.21523138628427,
                            40.77447783860828
                        ],
                        [
                            -119.21522999015332,
                            40.774477165021615
                        ],
                        [
                            -119.21476699403395,
                            40.77426444177625
                        ],
                        [
                            -119.21523159746714,
                            40.773654922335524
                        ],
                        [
                            -119.21574913490957,
                            40.773892703674186
                        ],
                        [
                            -119.21628088681106,
                            40.77416171916811
                        ],
                        [
                            -119.21679659999451,
                            40.77444801813406
                        ],
                        [
                            -119.21729529227395,
                            40.774751050991306
                        ],
                        [
                            -119.21777601432306,
                            40.775070236068686
                        ],
                        [
                            -119.21819359064092,
                            40.77537288188926
                        ]
                    ],
                    [
                        [
                            -119.21807854708761,
                            40.78535445025765
                        ],
                        [
                            -119.21796675179299,
                            40.78564498662654
                        ],
                        [
                            -119.21781868631187,
                            40.7859753728784
                        ],
                        [
                            -119.2176516980154,
                            40.78630061035091
                        ],
                        [
                            -119.21746609658679,
                            40.78662008053384
                        ],
                        [
                            -119.21726222746896,
                            40.78693317454627
                        ],
                        [
                            -119.21705932225221,
                            40.78721327206374
                        ],
                        [
                            -119.21577350972363,
                            40.78665132178008
                        ],
                        [
                            -119.21578129250223,
                            40.786641009530996
                        ],
                        [
                            -119.21578200767239,
                            40.78664003234346
                        ],
                        [
                            -119.21596888305824,
                            40.78637664451085
                        ],
                        [
                            -119.21597003035939,
                            40.7863749387195
                        ],
                        [
                            -119.21614155268549,
                            40.7861056294904
                        ],
                        [
                            -119.21614263620606,
                            40.7861038282919
                        ],
                        [
                            -119.21629847911468,
                            40.78582911038059
                        ],
                        [
                            -119.21629948928638,
                            40.78582721616083
                        ],
                        [
                            -119.21643935628182,
                            40.78554761257234
                        ],
                        [
                            -119.21644028330371,
                            40.78554562919569
                        ],
                        [
                            -119.21656390831538,
                            40.785261672229595
                        ],
                        [
                            -119.21656466344413,
                            40.78525981543972
                        ],
                        [
                            -119.21663932819054,
                            40.78506258586424
                        ],
                        [
                            -119.21807854708761,
                            40.78535445025765
                        ]
                    ],
                    [
                        [
                            -119.21807789382234,
                            40.781128651419415
                        ],
                        [
                            -119.21663942459348,
                            40.781420633663295
                        ],
                        [
                            -119.21663069275945,
                            40.78139639135938
                        ],
                        [
                            -119.21663021590045,
                            40.781395132438384
                        ],
                        [
                            -119.21651638301344,
                            40.78110883945978
                        ],
                        [
                            -119.2165155103627,
                            40.78110680579389
                        ],
                        [
                            -119.21638529484348,
                            40.780824544949446
                        ],
                        [
                            -119.21638433323622,
                            40.780822597386674
                        ],
                        [
                            -119.21623798313932,
                            40.78054490592113
                        ],
                        [
                            -119.21623694239923,
                            40.78054304925426
                        ],
                        [
                            -119.21607473647886,
                            40.78027045570851
                        ],
                        [
                            -119.21607362633394,
                            40.780268693178066
                        ],
                        [
                            -119.21589587351228,
                            40.78000171638351
                        ],
                        [
                            -119.2158948228269,
                            40.78000021212533
                        ],
                        [
                            -119.21577198852282,
                            40.77983244777707
                        ],
                        [
                            -119.21664812807231,
                            40.7794493257969
                        ],
                        [
                            -119.21668966789589,
                            40.77943645668939
                        ],
                        [
                            -119.21669105313785,
                            40.77943600047894
                        ],
                        [
                            -119.21680335783184,
                            40.77939679487465
                        ],
                        [
                            -119.21680474698253,
                            40.7793962816933
                        ],
                        [
                            -119.21691468625323,
                            40.779353403883874
                        ],
                        [
                            -119.21691607884522,
                            40.77935283117983
                        ],
                        [
                            -119.2170234434038,
                            40.779306362792646
                        ],
                        [
                            -119.21703049592735,
                            40.77930244894177
                        ],
                        [
                            -119.21703664938421,
                            40.77929723441535
                        ],
                        [
                            -119.21704166730048,
                            40.77929091960472
                        ],
                        [
                            -119.21704535684046,
                            40.7792837471845
                        ],
                        [
                            -119.21704757621718,
                            40.779275992786786
                        ],
                        [
                            -119.21704769098505,
                            40.77927460324907
                        ],
                        [
                            -119.21705821745032,
                            40.779270000192156
                        ],
                        [
                            -119.2172611776844,
                            40.77955006523457
                        ],
                        [
                            -119.21746511519727,
                            40.77986312635326
                        ],
                        [
                            -119.2176507924373,
                            40.780182566041965
                        ],
                        [
                            -119.21781786337553,
                            40.7805077756393
                        ],
                        [
                            -119.21796601769356,
                            40.78083813683395
                        ],
                        [
                            -119.21807789382234,
                            40.781128651419415
                        ]
                    ],
                    [
                        [
                            -119.21788546052332,
                            40.78766411810397
                        ],
                        [
                            -119.21765625783725,
                            40.78795017163291
                        ],
                        [
                            -119.21737544248526,
                            40.788268446703064
                        ],
                        [
                            -119.21707650635095,
                            40.788577194610845
                        ],
                        [
                            -119.21676001424417,
                            40.788875822644854
                        ],
                        [
                            -119.21642656525005,
                            40.78916375703011
                        ],
                        [
                            -119.21631499351291,
                            40.789252015424154
                        ],
                        [
                            -119.2163093021584,
                            40.78924870901054
                        ],
                        [
                            -119.21628266392149,
                            40.78923586046112
                        ],
                        [
                            -119.21625464799769,
                            40.78922481857922
                        ],
                        [
                            -119.21622546760328,
                            40.78921566739933
                        ],
                        [
                            -119.21619534481665,
                            40.78920847656668
                        ],
                        [
                            -119.21616450888797,
                            40.78920330080717
                        ],
                        [
                            -119.21613319449457,
                            40.789200179511
                        ],
                        [
                            -119.21610163995503,
                            40.78919913643283
                        ],
                        [
                            -119.21607008541547,
                            40.789200179511
                        ],
                        [
                            -119.21603877102207,
                            40.78920330080717
                        ],
                        [
                            -119.21600793509337,
                            40.78920847656668
                        ],
                        [
                            -119.21597781230676,
                            40.78921566739933
                        ],
                        [
                            -119.21594863191238,
                            40.78922481857922
                        ],
                        [
                            -119.21592061598855,
                            40.78923586046112
                        ],
                        [
                            -119.21589399310781,
                            40.78924870160374
                        ],
                        [
                            -119.21553697961998,
                            40.78886262986045
                        ],
                        [
                            -119.21573084792952,
                            40.78870927241658
                        ],
                        [
                            -119.21573221220848,
                            40.788708144672476
                        ],
                        [
                            -119.21603785963039,
                            40.78844421965848
                        ],
                        [
                            -119.21603920585119,
                            40.78844300439308
                        ],
                        [
                            -119.21632935476165,
                            40.788169235715564
                        ],
                        [
                            -119.21633067747575,
                            40.78816792995617
                        ],
                        [
                            -119.21660477562934,
                            40.787884838867825
                        ],
                        [
                            -119.21660606862135,
                            40.78788344006389
                        ],
                        [
                            -119.2168635943531,
                            40.78759156556039
                        ],
                        [
                            -119.21686485063516,
                            40.787590071738705
                        ],
                        [
                            -119.21708560714394,
                            40.787314563841576
                        ],
                        [
                            -119.21788546052332,
                            40.78766411810397
                        ]
                    ],
                    [
                        [
                            -119.21788412190315,
                            40.778819019065175
                        ],
                        [
                            -119.2170844827975,
                            40.77916870150524
                        ],
                        [
                            -119.21686367989376,
                            40.778893229722264
                        ],
                        [
                            -119.21686242382557,
                            40.77889173663393
                        ],
                        [
                            -119.21660485512612,
                            40.77859990140311
                        ],
                        [
                            -119.21660356239444,
                            40.778598503277266
                        ],
                        [
                            -119.21632943047759,
                            40.77831545272994
                        ],
                        [
                            -119.21632810805801,
                            40.77831414758843
                        ],
                        [
                            -119.21617175617874,
                            40.77816665720454
                        ],
                        [
                            -119.21621167963372,
                            40.77814739712513
                        ],
                        [
                            -119.21629185056466,
                            40.77810081270031
                        ],
                        [
                            -119.2163663546289,
                            40.77804911435599
                        ],
                        [
                            -119.2164346248029,
                            40.777992695559256
                        ],
                        [
                            -119.21649614151207,
                            40.77793198570268
                        ],
                        [
                            -119.21655043658495,
                            40.77786744683602
                        ],
                        [
                            -119.21659709681612,
                            40.77779957014943
                        ],
                        [
                            -119.21663576711042,
                            40.77772887223491
                        ],
                        [
                            -119.21666615318503,
                            40.7776558911544
                        ],
                        [
                            -119.21668802380847,
                            40.777581182344576
                        ],
                        [
                            -119.21669324283464,
                            40.77755116002942
                        ],
                        [
                            -119.21675849707006,
                            40.7776074944774
                        ],
                        [
                            -119.21707501867341,
                            40.777906073357016
                        ],
                        [
                            -119.21737399562588,
                            40.77821477332961
                        ],
                        [
                            -119.21765486279621,
                            40.778533002049954
                        ],
                        [
                            -119.21788412190315,
                            40.778819019065175
                        ]
                    ],
                    [
                        [
                            -119.2178809739083,
                            40.796434739487836
                        ],
                        [
                            -119.21716025792027,
                            40.796734147772405
                        ],
                        [
                            -119.2163731992726,
                            40.79702805246464
                        ],
                        [
                            -119.21556991607993,
                            40.79729569312064
                        ],
                        [
                            -119.21475194061753,
                            40.79753655672671
                        ],
                        [
                            -119.21392083340882,
                            40.7977501816165
                        ],
                        [
                            -119.21311301189532,
                            40.7979284708685
                        ],
                        [
                            -119.21297195678609,
                            40.797530049532384
                        ],
                        [
                            -119.2137432259844,
                            40.79735982761731
                        ],
                        [
                            -119.2137446013294,
                            40.797359499191245
                        ],
                        [
                            -119.21455015466613,
                            40.79715244274728
                        ],
                        [
                            -119.21455153411347,
                            40.797152062489054
                        ],
                        [
                            -119.21534438484473,
                            40.79691859743429
                        ],
                        [
                            -119.2153457684691,
                            40.79691816336938
                        ],
                        [
                            -119.21612440656287,
                            40.79665873439394
                        ],
                        [
                            -119.21612579423952,
                            40.79665824430138
                        ],
                        [
                            -119.21688873678501,
                            40.796373345544346
                        ],
                        [
                            -119.21689012815318,
                            40.7963727969621
                        ],
                        [
                            -119.2176066497282,
                            40.79607513175367
                        ],
                        [
                            -119.2178809739083,
                            40.796434739487836
                        ]
                    ],
                    [
                        [
                            -119.217876987755,
                            40.770048395834436
                        ],
                        [
                            -119.2176028834319,
                            40.77040804364576
                        ],
                        [
                            -119.2168865775199,
                            40.770110502923536
                        ],
                        [
                            -119.2168851865059,
                            40.77010995453985
                        ],
                        [
                            -119.21612247405416,
                            40.76982516930927
                        ],
                        [
                            -119.21612108667999,
                            40.76982467936676
                        ],
                        [
                            -119.21537620332869,
                            40.76957651644153
                        ],
                        [
                            -119.21558534787167,
                            40.76919402500933
                        ],
                        [
                            -119.2163696558342,
                            40.76945532216675
                        ],
                        [
                            -119.21715646908888,
                            40.769749105795185
                        ],
                        [
                            -119.217876987755,
                            40.770048395834436
                        ]
                    ],
                    [
                        [
                            -119.21755503305928,
                            40.79600746736884
                        ],
                        [
                            -119.21685924920266,
                            40.79629651748809
                        ],
                        [
                            -119.21609769678248,
                            40.796580897143166
                        ],
                        [
                            -119.21533913499881,
                            40.79683363703339
                        ],
                        [
                            -119.21499122389878,
                            40.79619792860711
                        ],
                        [
                            -119.21569585445877,
                            40.795963158164824
                        ],
                        [
                            -119.21569724212755,
                            40.79596266807617
                        ],
                        [
                            -119.21642050882183,
                            40.79569258579578
                        ],
                        [
                            -119.21642190018079,
                            40.7956920372187
                        ],
                        [
                            -119.21709963796927,
                            40.79541048485306
                        ],
                        [
                            -119.21755503305928,
                            40.79600746736884
                        ]
                    ],
                    [
                        [
                            -119.21755130104084,
                            40.77047572324562
                        ],
                        [
                            -119.21709625232614,
                            40.7710727737944
                        ],
                        [
                            -119.21641870910966,
                            40.77079133354848
                        ],
                        [
                            -119.21641731808647,
                            40.77079078515963
                        ],
                        [
                            -119.21569425818001,
                            40.7705208049067
                        ],
                        [
                            -119.21569287079798,
                            40.77052031496029
                        ],
                        [
                            -119.21498845449364,
                            40.77028563342536
                        ],
                        [
                            -119.21533608461944,
                            40.769649886435325
                        ],
                        [
                            -119.21609437889683,
                            40.769902517301254
                        ],
                        [
                            -119.21685570155246,
                            40.7701867836031
                        ],
                        [
                            -119.21755130104084,
                            40.77047572324562
                        ]
                    ],
                    [
                        [
                            -119.21746632352912,
                            40.7905578560099
                        ],
                        [
                            -119.21708126256226,
                            40.79083699548526
                        ],
                        [
                            -119.21663435866206,
                            40.791133781795025
                        ],
                        [
                            -119.21617072972558,
                            40.79141555399284
                        ],
                        [
                            -119.21569125857803,
                            40.79168177044778
                        ],
                        [
                            -119.21519685875477,
                            40.79193191938815
                        ],
                        [
                            -119.2147177039607,
                            40.79215208831583
                        ],
                        [
                            -119.21426189825333,
                            40.79155448725142
                        ],
                        [
                            -119.214687153485,
                            40.79135908557999
                        ],
                        [
                            -119.2146885499234,
                            40.791358411775555
                        ],
                        [
                            -119.21514757053077,
                            40.79112616447208
                        ],
                        [
                            -119.21514896772847,
                            40.79112542347734
                        ],
                        [
                            -119.21559416743402,
                            40.790878236771874
                        ],
                        [
                            -119.21559556364076,
                            40.79087742531219
                        ],
                        [
                            -119.21602609484506,
                            40.790615769902786
                        ],
                        [
                            -119.21602748783239,
                            40.79061488457463
                        ],
                        [
                            -119.21644253089653,
                            40.79033925870522
                        ],
                        [
                            -119.21644391789997,
                            40.790338296027265
                        ],
                        [
                            -119.21681800459749,
                            40.79006711412521
                        ],
                        [
                            -119.21746632352912,
                            40.7905578560099
                        ]
                    ],
                    [
                        [
                            -119.21746420421978,
                            40.775925351770354
                        ],
                        [
                            -119.2168161693551,
                            40.77641619094602
                        ],
                        [
                            -119.21644209678782,
                            40.77614507105637
                        ],
                        [
                            -119.21644071017249,
                            40.77614410881995
                        ],
                        [
                            -119.21602568788988,
                            40.775868542712104
                        ],
                        [
                            -119.21602429527586,
                            40.7758676577592
                        ],
                        [
                            -119.21559379853174,
                            40.775606061198225
                        ],
                        [
                            -119.21559240267696,
                            40.77560525005267
                        ],
                        [
                            -119.21514725084789,
                            40.77535812083462
                        ],
                        [
                            -119.21514585397578,
                            40.77535738009863
                        ],
                        [
                            -119.21468689429688,
                            40.77512518848406
                        ],
                        [
                            -119.2146854981541,
                            40.77512451488901
                        ],
                        [
                            -119.2142603048335,
                            40.77492915940319
                        ],
                        [
                            -119.21471586977187,
                            40.774331511760565
                        ],
                        [
                            -119.2151949306244,
                            40.77455161593642
                        ],
                        [
                            -119.21568925970205,
                            40.77480170015946
                        ],
                        [
                            -119.21616867536166,
                            40.77506784985541
                        ],
                        [
                            -119.21663226448803,
                            40.77534955376925
                        ],
                        [
                            -119.21707914455637,
                            40.775646270798894
                        ],
                        [
                            -119.21746420421978,
                            40.775925351770354
                        ]
                    ],
                    [
                        [
                            -119.21704802214039,
                            40.795342820093836
                        ],
                        [
                            -119.21639102130784,
                            40.795615757713335
                        ],
                        [
                            -119.21566914473046,
                            40.79588532089622
                        ],
                        [
                            -119.21495107585652,
                            40.796124568747075
                        ],
                        [
                            -119.21460317226285,
                            40.79548885929137
                        ],
                        [
                            -119.21526731133493,
                            40.79526758035026
                        ],
                        [
                            -119.21526869899583,
                            40.79526709026551
                        ],
                        [
                            -119.21595229046126,
                            40.79501182415461
                        ],
                        [
                            -119.215953681811,
                            40.7950112755827
                        ],
                        [
                            -119.21659263630116,
                            40.79474583575862
                        ],
                        [
                            -119.21704802214039,
                            40.795342820093836
                        ]
                    ],
                    [
                        [
                            -119.21704466909611,
                            40.77114045302044
                        ],
                        [
                            -119.21658961114436,
                            40.77173750175272
                        ],
                        [
                            -119.21595083111144,
                            40.771472162283885
                        ],
                        [
                            -119.21594944007906,
                            40.77147161388988
                        ],
                        [
                            -119.21526603333967,
                            40.77121643892132
                        ],
                        [
                            -119.21526464594979,
                            40.77121594897101
                        ],
                        [
                            -119.21460069746105,
                            40.77099474913756
                        ],
                        [
                            -119.21494833508095,
                            40.770359003175194
                        ],
                        [
                            -119.21566616296302,
                            40.770598152877064
                        ],
                        [
                            -119.21638783306483,
                            40.77086761419677
                        ],
                        [
                            -119.21704466909611,
                            40.77114045302044
                        ]
                    ],
                    [
                        [
                            -119.21700750883076,
                            40.787280432294764
                        ],
                        [
                            -119.21680124384099,
                            40.7875378545284
                        ],
                        [
                            -119.21654499427315,
                            40.7878282826533
                        ],
                        [
                            -119.21627220541691,
                            40.788110021487334
                        ],
                        [
                            -119.21598339232884,
                            40.78838252975573
                        ],
                        [
                            -119.2156791014202,
                            40.78864528342733
                        ],
                        [
                            -119.2154809441978,
                            40.78880203356965
                        ],
                        [
                            -119.21461506778968,
                            40.787865681230755
                        ],
                        [
                            -119.21462300848137,
                            40.787859289157595
                        ],
                        [
                            -119.21462436952423,
                            40.787858144199966
                        ],
                        [
                            -119.21488211617168,
                            40.7876316267844
                        ],
                        [
                            -119.21488345812807,
                            40.7876303936887
                        ],
                        [
                            -119.21512790780392,
                            40.78739557905583
                        ],
                        [
                            -119.21512922507424,
                            40.78739425492216
                        ],
                        [
                            -119.21535991250902,
                            40.78715159014057
                        ],
                        [
                            -119.21536119872391,
                            40.78715017252066
                        ],
                        [
                            -119.21557768486478,
                            40.78690011960002
                        ],
                        [
                            -119.2155788100205,
                            40.786898762276635
                        ],
                        [
                            -119.21572180991525,
                            40.786718531664455
                        ],
                        [
                            -119.21700750883076,
                            40.787280432294764
                        ]
                    ],
                    [
                        [
                            -119.21700639289138,
                            40.779202849452886
                        ],
                        [
                            -119.21661937787164,
                            40.77937208500538
                        ],
                        [
                            -119.21655154711831,
                            40.77939309908732
                        ],
                        [
                            -119.21643653660496,
                            40.77942436842865
                        ],
                        [
                            -119.2163198098529,
                            40.77945181483591
                        ],
                        [
                            -119.21620159195083,
                            40.77947538374423
                        ],
                        [
                            -119.21608211095308,
                            40.77949502831511
                        ],
                        [
                            -119.21596159742292,
                            40.77951070952164
                        ],
                        [
                            -119.21584028396795,
                            40.779522396219775
                        ],
                        [
                            -119.21571820103695,
                            40.7795300780241
                        ],
                        [
                            -119.21566975161811,
                            40.779532000783874
                        ],
                        [
                            -119.21554727164684,
                            40.77953402455799
                        ],
                        [
                            -119.21553391996213,
                            40.77953380394401
                        ],
                        [
                            -119.2154927187395,
                            40.77948339730677
                        ],
                        [
                            -119.21549145472736,
                            40.779481923282425
                        ],
                        [
                            -119.2152692072391,
                            40.779234797952014
                        ],
                        [
                            -119.21526790801651,
                            40.77923341855269
                        ],
                        [
                            -119.21503163837455,
                            40.77899386877839
                        ],
                        [
                            -119.2150254388869,
                            40.77898870906232
                        ],
                        [
                            -119.21501835191,
                            40.778984857948785
                        ],
                        [
                            -119.21501064979239,
                            40.77898246343393
                        ],
                        [
                            -119.21500262852214,
                            40.7789816175376
                        ],
                        [
                            -119.21499459635217,
                            40.77898235276714
                        ],
                        [
                            -119.21498686195424,
                            40.77898464086807
                        ],
                        [
                            -119.21497972255696,
                            40.77898839390996
                        ],
                        [
                            -119.21497345252334,
                            40.77899346766552
                        ],
                        [
                            -119.21496829280727,
                            40.778999667153165
                        ],
                        [
                            -119.21496444169374,
                            40.77900675413007
                        ],
                        [
                            -119.21496204717887,
                            40.77901445624767
                        ],
                        [
                            -119.21496120128255,
                            40.77902247751793
                        ],
                        [
                            -119.21496193651208,
                            40.77903050968791
                        ],
                        [
                            -119.21496422461301,
                            40.779038244085825
                        ],
                        [
                            -119.21496797765491,
                            40.77904538348311
                        ],
                        [
                            -119.21497305141047,
                            40.779051653516724
                        ],
                        [
                            -119.21520865555479,
                            40.77929052855428
                        ],
                        [
                            -119.21542583453056,
                            40.77953201801529
                        ],
                        [
                            -119.21542499591261,
                            40.77953200415855
                        ],
                        [
                            -119.21530295627022,
                            40.77952594697087
                        ],
                        [
                            -119.2151813883461,
                            40.779515865019754
                        ],
                        [
                            -119.21506052683391,
                            40.77950177832274
                        ],
                        [
                            -119.21494060503089,
                            40.779483714854415
                        ],
                        [
                            -119.21482185437308,
                            40.779461710496115
                        ],
                        [
                            -119.21470450397422,
                            40.77943580897125
                        ],
                        [
                            -119.21458878016352,
                            40.77940606176528
                        ],
                        [
                            -119.21447490602972,
                            40.77937252803111
                        ],
                        [
                            -119.21436310096455,
                            40.779335274478235
                        ],
                        [
                            -119.21425358020998,
                            40.77929437524573
                        ],
                        [
                            -119.21414655441095,
                            40.779249911758825
                        ],
                        [
                            -119.2140639557813,
                            40.77921195630803
                        ],
                        [
                            -119.21499909763017,
                            40.778200735837885
                        ],
                        [
                            -119.21505772700405,
                            40.77822384764853
                        ],
                        [
                            -119.21515108857133,
                            40.77825313189265
                        ],
                        [
                            -119.21524746544299,
                            40.77827614293717
                        ],
                        [
                            -119.21534612410797,
                            40.77829270564758
                        ],
                        [
                            -119.2154463136868,
                            40.7783026939668
                        ],
                        [
                            -119.21554727164684,
                            40.7783060318747
                        ],
                        [
                            -119.21564822960688,
                            40.7783026939668
                        ],
                        [
                            -119.2157484191857,
                            40.77829270564758
                        ],
                        [
                            -119.2158470778507,
                            40.77827614293717
                        ],
                        [
                            -119.21594345472235,
                            40.77825313189265
                        ],
                        [
                            -119.21603681628963,
                            40.77822384764853
                        ],
                        [
                            -119.21609016683574,
                            40.77820281676183
                        ],
                        [
                            -119.21627096590434,
                            40.7783733687511
                        ],
                        [
                            -119.21654378880278,
                            40.77865506769229
                        ],
                        [
                            -119.21680008157692,
                            40.77894545725071
                        ],
                        [
                            -119.21700639289138,
                            40.779202849452886
                        ]
                    ],
                    [
                        [
                            -119.21688023404175,
                            40.783241296427825
                        ],
                        [
                            -119.21687479136625,
                            40.78347879862247
                        ],
                        [
                            -119.21685261346454,
                            40.783775066552145
                        ],
                        [
                            -119.21681340240136,
                            40.78407021977968
                        ],
                        [
                            -119.21675721994139,
                            40.78436382377872
                        ],
                        [
                            -119.21668416761847,
                            40.784655327704456
                        ],
                        [
                            -119.21659424399317,
                            40.78494461438296
                        ],
                        [
                            -119.21657455159166,
                            40.78500127109266
                        ],
                        [
                            -119.21648805927613,
                            40.785229743611424
                        ],
                        [
                            -119.21636527156755,
                            40.78551177735792
                        ],
                        [
                            -119.21622637484604,
                            40.78578944130319
                        ],
                        [
                            -119.21607158048762,
                            40.78606231084344
                        ],
                        [
                            -119.21590117527118,
                            40.786329866085474
                        ],
                        [
                            -119.21571524524387,
                            40.786591921501106
                        ],
                        [
                            -119.21567672341037,
                            40.78664296326424
                        ],
                        [
                            -119.21551489484335,
                            40.786846924684994
                        ],
                        [
                            -119.21529961243925,
                            40.787095587226126
                        ],
                        [
                            -119.21507022820815,
                            40.7873368811414
                        ],
                        [
                            -119.21482710951867,
                            40.78757041724905
                        ],
                        [
                            -119.2145707156526,
                            40.78779574578962
                        ],
                        [
                            -119.21430153198466,
                            40.78801243241684
                        ],
                        [
                            -119.21427045981103,
                            40.78803535342131
                        ],
                        [
                            -119.2084155908735,
                            40.78360269741671
                        ],
                        [
                            -119.20842564249573,
                            40.78359439146825
                        ],
                        [
                            -119.20846409388476,
                            40.783556447922116
                        ],
                        [
                            -119.20849803140726,
                            40.78351611123762
                        ],
                        [
                            -119.2085271967832,
                            40.783473688405365
                        ],
                        [
                            -119.20855136805326,
                            40.78342950229241
                        ],
                        [
                            -119.20857036126789,
                            40.78338388918492
                        ],
                        [
                            -119.20858403188696,
                            40.78333719622875
                        ],
                        [
                            -119.20859227587954,
                            40.78328977878741
                        ],
                        [
                            -119.20859503051534,
                            40.7832419977374
                        ],
                        [
                            -119.20859227484175,
                            40.78319421672177
                        ],
                        [
                            -119.2085840298429,
                            40.78314679938251
                        ],
                        [
                            -119.2085703582797,
                            40.78310010659302
                        ],
                        [
                            -119.20855136421174,
                            40.78305449371174
                        ],
                        [
                            -119.20852719220504,
                            40.78301030787766
                        ],
                        [
                            -119.2084980262316,
                            40.78296788536848
                        ],
                        [
                            -119.20846408826884,
                            40.78292754904144
                        ],
                        [
                            -119.20842563661017,
                            40.78288960587627
                        ],
                        [
                            -119.20841552719367,
                            40.78288125228156
                        ],
                        [
                            -119.20947956011744,
                            40.78207548311714
                        ],
                        [
                            -119.21061833616464,
                            40.782937894884014
                        ],
                        [
                            -119.21400522041992,
                            40.77927547009455
                        ],
                        [
                            -119.21400576897612,
                            40.77927574765628
                        ],
                        [
                            -119.21400716535274,
                            40.77927642146391
                        ],
                        [
                            -119.2141128866486,
                            40.77932500216628
                        ],
                        [
                            -119.21411428096089,
                            40.7793256119037
                        ],
                        [
                            -119.21422270021404,
                            40.77937065429616
                        ],
                        [
                            -119.21422409150337,
                            40.7793712028701
                        ],
                        [
                            -119.21433500231932,
                            40.779412621204614
                        ],
                        [
                            -119.21433638994766,
                            40.77941311130449
                        ],
                        [
                            -119.21444958118751,
                            40.77945082673207
                        ],
                        [
                            -119.21445096479266,
                            40.779451260815726
                        ],
                        [
                            -119.21456622097503,
                            40.779485201536524
                        ],
                        [
                            -119.21456760043027,
                            40.7794855818211
                        ],
                        [
                            -119.21468470214168,
                            40.77951568322122
                        ],
                        [
                            -119.21468607751937,
                            40.77951601167782
                        ],
                        [
                            -119.21480480183193,
                            40.77954221645226
                        ],
                        [
                            -119.21480617337089,
                            40.779542494803415
                        ],
                        [
                            -119.21492629426693,
                            40.77956475306526
                        ],
                        [
                            -119.21492766234323,
                            40.77956498278424
                        ],
                        [
                            -119.21504895114559,
                            40.779583252159654
                        ],
                        [
                            -119.21505031624638,
                            40.77958343447109
                        ],
                        [
                            -119.21517254205384,
                            40.77959768017997
                        ],
                        [
                            -119.21517390475366,
                            40.77959781606106
                        ],
                        [
                            -119.21529683488069,
                            40.77960801098329
                        ],
                        [
                            -119.21529819581988,
                            40.779608101165266
                        ],
                        [
                            -119.21542159623976,
                            40.779614225892345
                        ],
                        [
                            -119.21542295610456,
                            40.77961427086181
                        ],
                        [
                            -119.21549437564008,
                            40.7796154509487
                        ],
                        [
                            -119.21563643158709,
                            40.77978924585409
                        ],
                        [
                            -119.21567555476877,
                            40.77984003440011
                        ],
                        [
                            -119.21582788592262,
                            40.78004808488682
                        ],
                        [
                            -119.2160045527893,
                            40.78031343062552
                        ],
                        [
                            -119.21616568156195,
                            40.780584213981385
                        ],
                        [
                            -119.21631102879334,
                            40.78086000256337
                        ],
                        [
                            -119.21644032554,
                            40.78114027183631
                        ],
                        [
                            -119.21655350072864,
                            40.78142491068461
                        ],
                        [
                            -119.21657386186281,
                            40.781481439565155
                        ],
                        [
                            -119.2166498152312,
                            40.78171201037306
                        ],
                        [
                            -119.21672968449914,
                            40.782002618390585
                        ],
                        [
                            -119.2167927055611,
                            40.78229543898862
                        ],
                        [
                            -119.21683879402661,
                            40.78259003191143
                        ],
                        [
                            -119.21686786633096,
                            40.78288584508282
                        ],
                        [
                            -119.21687988897388,
                            40.78318279894416
                        ],
                        [
                            -119.21688023404175,
                            40.783241296427825
                        ]
                    ],
                    [
                        [
                            -119.21674941817791,
                            40.79001519714415
                        ],
                        [
                            -119.21639630406028,
                            40.79027117566116
                        ],
                        [
                            -119.21598265198867,
                            40.79054587778661
                        ],
                        [
                            -119.21555351629807,
                            40.79080668507234
                        ],
                        [
                            -119.2151097141367,
                            40.79105309582414
                        ],
                        [
                            -119.21465209112006,
                            40.791284635998835
                        ],
                        [
                            -119.21421075124415,
                            40.79148742844675
                        ],
                        [
                            -119.21375495481735,
                            40.79088982559103
                        ],
                        [
                            -119.21414239636218,
                            40.790711799680246
                        ],
                        [
                            -119.21414379278872,
                            40.7907111258842
                        ],
                        [
                            -119.21456603696814,
                            40.79049748699808
                        ],
                        [
                            -119.21456743415278,
                            40.79049674601371
                        ],
                        [
                            -119.21497696516556,
                            40.79026936465381
                        ],
                        [
                            -119.21497836135819,
                            40.79026855320671
                        ],
                        [
                            -119.21537439952321,
                            40.79002786234522
                        ],
                        [
                            -119.21537579249558,
                            40.790026977032106
                        ],
                        [
                            -119.21575758384854,
                            40.78977343497993
                        ],
                        [
                            -119.21575897083645,
                            40.789772472319676
                        ],
                        [
                            -119.21587622255159,
                            40.78968747517854
                        ],
                        [
                            -119.21589397634725,
                            40.789697789352
                        ],
                        [
                            -119.21592061469421,
                            40.78971063799082
                        ],
                        [
                            -119.21594863076747,
                            40.78972167995349
                        ],
                        [
                            -119.21597781134606,
                            40.789730831203116
                        ],
                        [
                            -119.2160079343461,
                            40.789738022092344
                        ],
                        [
                            -119.21603877051089,
                            40.78974319789353
                        ],
                        [
                            -119.21607008515593,
                            40.78974631921522
                        ],
                        [
                            -119.21610163995503,
                            40.78974736230199
                        ],
                        [
                            -119.21613319475411,
                            40.78974631921522
                        ],
                        [
                            -119.21616450939915,
                            40.78974319789353
                        ],
                        [
                            -119.21619534556395,
                            40.789738022092344
                        ],
                        [
                            -119.21622546856398,
                            40.789730831203116
                        ],
                        [
                            -119.21625464914257,
                            40.78972167995349
                        ],
                        [
                            -119.21628266521583,
                            40.78971063799082
                        ],
                        [
                            -119.2163093035628,
                            40.789697789352
                        ],
                        [
                            -119.2163210703449,
                            40.789690953369764
                        ],
                        [
                            -119.21674941817791,
                            40.79001519714415
                        ]
                    ],
                    [
                        [
                            -119.21674760223289,
                            40.77646812472168
                        ],
                        [
                            -119.21633069926516,
                            40.77678389059362
                        ],
                        [
                            -119.216291835502,
                            40.77675692348232
                        ],
                        [
                            -119.21621166526113,
                            40.776710340032544
                        ],
                        [
                            -119.2161264387473,
                            40.77666922498878
                        ],
                        [
                            -119.216036804573,
                            40.77663389125091
                        ],
                        [
                            -119.21594344489091,
                            40.7766046077206
                        ],
                        [
                            -119.2158470702032,
                            40.77658159725507
                        ],
                        [
                            -119.2157484139545,
                            40.77656503497126
                        ],
                        [
                            -119.21564822695095,
                            40.77655504691331
                        ],
                        [
                            -119.21554727164684,
                            40.7765517090934
                        ],
                        [
                            -119.21551900968144,
                            40.77655264350047
                        ],
                        [
                            -119.21537426920912,
                            40.776456538215065
                        ],
                        [
                            -119.21537287658016,
                            40.77645565324713
                        ],
                        [
                            -119.21497686757496,
                            40.776215012182554
                        ],
                        [
                            -119.21497547170608,
                            40.77621420102442
                        ],
                        [
                            -119.21456598120592,
                            40.77598686830977
                        ],
                        [
                            -119.21456458432078,
                            40.77598612756343
                        ],
                        [
                            -119.21414239169839,
                            40.77577253580067
                        ],
                        [
                            -119.21414099554377,
                            40.77577186219724
                        ],
                        [
                            -119.21375360548896,
                            40.7755938748118
                        ],
                        [
                            -119.2142091796985,
                            40.77499622895846
                        ],
                        [
                            -119.21465043851633,
                            40.77519896575264
                        ],
                        [
                            -119.21510800091559,
                            40.77543045047152
                        ],
                        [
                            -119.21555175554049,
                            40.77567680402169
                        ],
                        [
                            -119.21598085713443,
                            40.775937552802766
                        ],
                        [
                            -119.21639448880656,
                            40.77621219557436
                        ],
                        [
                            -119.21674760223289,
                            40.77646812472168
                        ]
                    ],
                    [
                        [
                            -119.2165410213732,
                            40.79467817059972
                        ],
                        [
                            -119.21592280301562,
                            40.794934996045995
                        ],
                        [
                            -119.21524060165869,
                            40.79518974306383
                        ],
                        [
                            -119.21456302500374,
                            40.795415499160754
                        ],
                        [
                            -119.21421512891615,
                            40.79477978867569
                        ],
                        [
                            -119.21483877719098,
                            40.794572000950325
                        ],
                        [
                            -119.21484016484402,
                            40.79457151086948
                        ],
                        [
                            -119.21548408170284,
                            40.79433106062091
                        ],
                        [
                            -119.21548547304336,
                            40.794330512054174
                        ],
                        [
                            -119.21608564478443,
                            40.794081184445155
                        ],
                        [
                            -119.2165410213732,
                            40.79467817059972
                        ]
                    ],
                    [
                        [
                            -119.21653802701447,
                            40.77180518057963
                        ],
                        [
                            -119.21608295982523,
                            40.77240222749535
                        ],
                        [
                            -119.2154829435249,
                            40.77215298912968
                        ],
                        [
                            -119.21548155248331,
                            40.77215244073052
                        ],
                        [
                            -119.2148377995329,
                            40.77191207135306
                        ],
                        [
                            -119.21483641213516,
                            40.77191158139885
                        ],
                        [
                            -119.21421293215205,
                            40.77170386355192
                        ],
                        [
                            -119.21456057726635,
                            40.77106811861724
                        ],
                        [
                            -119.21523793806284,
                            40.77129378687
                        ],
                        [
                            -119.21591995498922,
                            40.771548442900894
                        ],
                        [
                            -119.21653802701447,
                            40.77180518057963
                        ]
                    ],
                    [
                        [
                            -119.21603403096769,
                            40.79401351879922
                        ],
                        [
                            -119.21545459432568,
                            40.79425423248606
                        ],
                        [
                            -119.2148120675665,
                            40.79449416364618
                        ],
                        [
                            -119.21415629134158,
                            40.794712655792516
                        ],
                        [
                            -119.21348851687826,
                            40.79490928957646
                        ],
                        [
                            -119.21281001850082,
                            40.79508368762448
                        ],
                        [
                            -119.21215692392288,
                            40.79522782756353
                        ],
                        [
                            -119.21173000989248,
                            40.79402185821381
                        ],
                        [
                            -119.21230029333849,
                            40.79389599514641
                        ],
                        [
                            -119.21230166866384,
                            40.793895666726755
                        ],
                        [
                            -119.21290898467235,
                            40.79373956540288
                        ],
                        [
                            -119.21291036409458,
                            40.793739185154195
                        ],
                        [
                            -119.2135081049907,
                            40.79356317404727
                        ],
                        [
                            -119.21350948858405,
                            40.793562739995885
                        ],
                        [
                            -119.21409651608181,
                            40.793367154310005
                        ],
                        [
                            -119.21409790372121,
                            40.793366664235926
                        ],
                        [
                            -119.21467309996609,
                            40.79315187645075
                        ],
                        [
                            -119.21467449129065,
                            40.79315132789296
                        ],
                        [
                            -119.2152074871942,
                            40.79292990811777
                        ],
                        [
                            -119.21603403096769,
                            40.79401351879922
                        ]
                    ],
                    [
                        [
                            -119.21603137458538,
                            40.7724699058359
                        ],
                        [
                            -119.21520534324861,
                            40.77355362214746
                        ],
                        [
                            -119.21467247269437,
                            40.77333227401606
                        ],
                        [
                            -119.21467108163685,
                            40.77333172560797
                        ],
                        [
                            -119.21409601618527,
                            40.77311700235518
                        ],
                        [
                            -119.2140946287739,
                            40.77311651239422
                        ],
                        [
                            -119.2135077464277,
                            40.77292098667941
                        ],
                        [
                            -119.21350636302435,
                            40.772920552710886
                        ],
                        [
                            -119.21290878053338,
                            40.77274459655735
                        ],
                        [
                            -119.21290740126494,
                            40.77274421636709
                        ],
                        [
                            -119.21230025570956,
                            40.77258816456064
                        ],
                        [
                            -119.21229888050438,
                            40.77258783618027
                        ],
                        [
                            -119.21172876834837,
                            40.77246201435543
                        ],
                        [
                            -119.21215538882835,
                            40.77125601743436
                        ],
                        [
                            -119.2128082485726,
                            40.7714001011371
                        ],
                        [
                            -119.21348653349386,
                            40.771574437184455
                        ],
                        [
                            -119.21415410963876,
                            40.77177100217984
                        ],
                        [
                            -119.21480970419641,
                            40.7719894192801
                        ],
                        [
                            -119.21545206732495,
                            40.77222926971528
                        ],
                        [
                            -119.21603137458538,
                            40.7724699058359
                        ]
                    ],
                    [
                        [
                            -119.21594545358161,
                            40.77742886979975
                        ],
                        [
                            -119.21594393853604,
                            40.777455149373
                        ],
                        [
                            -119.21593940461237,
                            40.77748122895311
                        ],
                        [
                            -119.21593188631302,
                            40.77750691005837
                        ],
                        [
                            -119.21592144085353,
                            40.777531997239485
                        ],
                        [
                            -119.2159081477272,
                            40.777556299567095
                        ],
                        [
                            -119.21589210810028,
                            40.777579632084844
                        ],
                        [
                            -119.21587344404188,
                            40.77760181721707
                        ],
                        [
                            -119.21585229759528,
                            40.77762268612029
                        ],
                        [
                            -119.21582882969672,
                            40.77764207996824
                        ],
                        [
                            -119.21580321895084,
                            40.777659851160664
                        ],
                        [
                            -119.21577566027116,
                            40.77767586444672
                        ],
                        [
                            -119.21574636339683,
                            40.77768999795432
                        ],
                        [
                            -119.21571555129623,
                            40.77770214411768
                        ],
                        [
                            -119.21568345847011,
                            40.77771221049608
                        ],
                        [
                            -119.2156503291668,
                            40.77772012047732
                        ],
                        [
                            -119.21561641552327,
                            40.7777258138609
                        ],
                        [
                            -119.21558197564603,
                            40.77772924731617
                        ],
                        [
                            -119.21554727164684,
                            40.77773039471209
                        ],
                        [
                            -119.21551256764765,
                            40.77772924731617
                        ],
                        [
                            -119.21547812777041,
                            40.7777258138609
                        ],
                        [
                            -119.21544421412688,
                            40.77772012047732
                        ],
                        [
                            -119.21544367352057,
                            40.77771999140169
                        ],
                        [
                            -119.21541108482357,
                            40.77771221049608
                        ],
                        [
                            -119.21537899199745,
                            40.77770214411768
                        ],
                        [
                            -119.21534817989685,
                            40.77768999795432
                        ],
                        [
                            -119.21531888302252,
                            40.77767586444672
                        ],
                        [
                            -119.21529132434284,
                            40.777659851160664
                        ],
                        [
                            -119.21526571359696,
                            40.77764207996824
                        ],
                        [
                            -119.2152422456984,
                            40.77762268612029
                        ],
                        [
                            -119.2152210992518,
                            40.77760181721707
                        ],
                        [
                            -119.2152024351934,
                            40.777579632084844
                        ],
                        [
                            -119.21518639556648,
                            40.777556299567095
                        ],
                        [
                            -119.21517310244012,
                            40.777531997239485
                        ],
                        [
                            -119.21516274497954,
                            40.77750712140798
                        ],
                        [
                            -119.21516265698067,
                            40.77750691005837
                        ],
                        [
                            -119.21515513868131,
                            40.77748122895311
                        ],
                        [
                            -119.21515060475762,
                            40.777455149373
                        ],
                        [
                            -119.21514908971207,
                            40.77742886979975
                        ],
                        [
                            -119.21515060507147,
                            40.777402590236896
                        ],
                        [
                            -119.21515513929943,
                            40.77737651068766
                        ],
                        [
                            -119.21516265788432,
                            40.77735082963281
                        ],
                        [
                            -119.21517310360187,
                            40.77732574252011
                        ],
                        [
                            -119.21518639695094,
                            40.777301440276844
                        ],
                        [
                            -119.2152024367586,
                            40.77727810785681
                        ],
                        [
                            -119.21522110095015,
                            40.777255922832694
                        ],
                        [
                            -119.21524224747829,
                            40.77723505404468
                        ],
                        [
                            -119.21526571540429,
                            40.77721566031556
                        ],
                        [
                            -119.2152913261227,
                            40.77719788924196
                        ],
                        [
                            -119.21531888472082,
                            40.77718187607112
                        ],
                        [
                            -119.21534818146203,
                            40.77716774267164
                        ],
                        [
                            -119.21537899338195,
                            40.77715559660598
                        ],
                        [
                            -119.2154110859853,
                            40.77714553031192
                        ],
                        [
                            -119.21544421503053,
                            40.77713762039909
                        ],
                        [
                            -119.21547812838855,
                            40.77713192706593
                        ],
                        [
                            -119.21551256796148,
                            40.777128493641534
                        ],
                        [
                            -119.21554727164684,
                            40.777127346256016
                        ],
                        [
                            -119.2155819753322,
                            40.777128493641534
                        ],
                        [
                            -119.21561641490513,
                            40.77713192706593
                        ],
                        [
                            -119.21565032826315,
                            40.77713762039909
                        ],
                        [
                            -119.21568345730839,
                            40.77714553031192
                        ],
                        [
                            -119.21571554991174,
                            40.77715559660598
                        ],
                        [
                            -119.21574636183163,
                            40.77716774267164
                        ],
                        [
                            -119.21577565857285,
                            40.77718187607112
                        ],
                        [
                            -119.2157759256397,
                            40.77718203125271
                        ],
                        [
                            -119.21580321717097,
                            40.77719788924196
                        ],
                        [
                            -119.2158288278894,
                            40.77721566031556
                        ],
                        [
                            -119.2158522958154,
                            40.77723505404468
                        ],
                        [
                            -119.21587312121329,
                            40.7772556059202
                        ],
                        [
                            -119.21587344234354,
                            40.777255922832694
                        ],
                        [
                            -119.21589210653507,
                            40.77727810785681
                        ],
                        [
                            -119.21590814634273,
                            40.777301440276844
                        ],
                        [
                            -119.21592143969181,
                            40.77732574252011
                        ],
                        [
                            -119.21593188540935,
                            40.77735082963281
                        ],
                        [
                            -119.21593940399426,
                            40.77737651068766
                        ],
                        [
                            -119.21594393822221,
                            40.777402590236896
                        ],
                        [
                            -119.21594545358161,
                            40.77742886979975
                        ]
                    ],
                    [
                        [
                            -119.21580912498275,
                            40.78963447879959
                        ],
                        [
                            -119.21571135723127,
                            40.789705351787354
                        ],
                        [
                            -119.21533095685582,
                            40.789957970111715
                        ],
                        [
                            -119.21493631419011,
                            40.79019781286319
                        ],
                        [
                            -119.2145281807076,
                            40.790424418281034
                        ],
                        [
                            -119.2141073341066,
                            40.79063735004765
                        ],
                        [
                            -119.21370380867698,
                            40.79082276635908
                        ],
                        [
                            -119.21324802153042,
                            40.79022516171221
                        ],
                        [
                            -119.21359764986022,
                            40.79006451121874
                        ],
                        [
                            -119.21359904627491,
                            40.790063837431084
                        ],
                        [
                            -119.21398451441736,
                            40.78986880660476
                        ],
                        [
                            -119.21398591158896,
                            40.78986806563076
                        ],
                        [
                            -119.21435977421606,
                            40.78966048924733
                        ],
                        [
                            -119.2143611703946,
                            40.78965967781282
                        ],
                        [
                            -119.21472271574132,
                            40.78943995112143
                        ],
                        [
                            -119.21472410869872,
                            40.78943906582335
                        ],
                        [
                            -119.21507264847364,
                            40.78920760720471
                        ],
                        [
                            -119.21507403544598,
                            40.78920664456216
                        ],
                        [
                            -119.21529571775761,
                            40.789045945688535
                        ],
                        [
                            -119.21580507988303,
                            40.789316011844754
                        ],
                        [
                            -119.21580506729258,
                            40.78931602426759
                        ],
                        [
                            -119.21578809677393,
                            40.78933619247579
                        ],
                        [
                            -119.21577351249347,
                            40.78935740377075
                        ],
                        [
                            -119.21576142544812,
                            40.78937949672265
                        ],
                        [
                            -119.21575192762964,
                            40.78940230319155
                        ],
                        [
                            -119.21574509132459,
                            40.78942564960713
                        ],
                        [
                            -119.21574096856412,
                            40.78944935828952
                        ],
                        [
                            -119.21573959072774,
                            40.789473248801634
                        ],
                        [
                            -119.2157409683046,
                            40.78949713932234
                        ],
                        [
                            -119.21574509081344,
                            40.78952084803025
                        ],
                        [
                            -119.21575192688236,
                            40.78954419448751
                        ],
                        [
                            -119.21576142448744,
                            40.78956700101299
                        ],
                        [
                            -119.21577351134859,
                            40.78958909403461
                        ],
                        [
                            -119.21578809547962,
                            40.789610305410356
                        ],
                        [
                            -119.21580506588813,
                            40.789630473707945
                        ],
                        [
                            -119.21580912498275,
                            40.78963447879959
                        ]
                    ],
                    [
                        [
                            -119.21579494197415,
                            40.76869635664524
                        ],
                        [
                            -119.21557223499549,
                            40.769103657807605
                        ],
                        [
                            -119.21477152360863,
                            40.768867893096036
                        ],
                        [
                            -119.21477014436869,
                            40.76886751291659
                        ],
                        [
                            -119.21393797952204,
                            40.768653626893304
                        ],
                        [
                            -119.21393660433911,
                            40.76865329852021
                        ],
                        [
                            -119.21313835737642,
                            40.76847712900657
                        ],
                        [
                            -119.2132886517479,
                            40.76805222004982
                        ],
                        [
                            -119.21412492188144,
                            40.7682367809883
                        ],
                        [
                            -119.21498411512304,
                            40.768457613758876
                        ],
                        [
                            -119.21579494197415,
                            40.76869635664524
                        ]
                    ],
                    [
                        [
                            -119.21553183447972,
                            40.7691775442809
                        ],
                        [
                            -119.21532297226324,
                            40.76955951938375
                        ],
                        [
                            -119.21454874850461,
                            40.76933155355857
                        ],
                        [
                            -119.21454736926125,
                            40.769331173377836
                        ],
                        [
                            -119.21374211578858,
                            40.76912420404579
                        ],
                        [
                            -119.21374074060299,
                            40.769123875671816
                        ],
                        [
                            -119.21296977758325,
                            40.76895372749868
                        ],
                        [
                            -119.21311070863062,
                            40.76855529641162
                        ],
                        [
                            -119.2139181798238,
                            40.768733501671434
                        ],
                        [
                            -119.21474896697529,
                            40.76894703359452
                        ],
                        [
                            -119.21553183447972,
                            40.7691775442809
                        ]
                    ],
                    [
                        [
                            -119.21538332329136,
                            40.77656132695189
                        ],
                        [
                            -119.21534612933918,
                            40.77656503497126
                        ],
                        [
                            -119.21524747309049,
                            40.77658159725507
                        ],
                        [
                            -119.21515109840277,
                            40.7766046077206
                        ],
                        [
                            -119.21505773872069,
                            40.77663389125091
                        ],
                        [
                            -119.21496810454639,
                            40.77666922498878
                        ],
                        [
                            -119.21488287803255,
                            40.776710340032544
                        ],
                        [
                            -119.21480270779168,
                            40.77675692348232
                        ],
                        [
                            -119.2147282039598,
                            40.77680862082102
                        ],
                        [
                            -119.21465993355343,
                            40.77686503861212
                        ],
                        [
                            -119.2145984161542,
                            40.77692574749366
                        ],
                        [
                            -119.21457440234663,
                            40.77695429096385
                        ],
                        [
                            -119.21435992530813,
                            40.7768239598815
                        ],
                        [
                            -119.21435852942516,
                            40.77682314871079
                        ],
                        [
                            -119.21398470056133,
                            40.77661561286837
                        ],
                        [
                            -119.21398330366316,
                            40.776614872111665
                        ],
                        [
                            -119.21359787848839,
                            40.77641988055802
                        ],
                        [
                            -119.21359648232193,
                            40.7764192069462
                        ],
                        [
                            -119.21324689600479,
                            40.776258588004175
                        ],
                        [
                            -119.21370247948586,
                            40.77566094394019
                        ],
                        [
                            -119.2141059357967,
                            40.77584631300946
                        ],
                        [
                            -119.21452673112718,
                            40.776059197867305
                        ],
                        [
                            -119.21493482440945,
                            40.776285754902574
                        ],
                        [
                            -119.21532943825018,
                            40.776525548173645
                        ],
                        [
                            -119.21538332329136,
                            40.77656132695189
                        ]
                    ],
                    [
                        [
                            -119.21528561779975,
                            40.7968501195425
                        ],
                        [
                            -119.21452897622034,
                            40.79707292234863
                        ],
                        [
                            -119.2137248007642,
                            40.79727962462728
                        ],
                        [
                            -119.21294428485729,
                            40.79745188732454
                        ],
                        [
                            -119.21270949671404,
                            40.79678869700022
                        ],
                        [
                            -119.21343829182095,
                            40.796627849423196
                        ],
                        [
                            -119.2134396671618,
                            40.796627520998484
                        ],
                        [
                            -119.21420332732288,
                            40.796431232868784
                        ],
                        [
                            -119.2142047067649,
                            40.796430852612566
                        ],
                        [
                            -119.21493798979041,
                            40.796214928383804
                        ],
                        [
                            -119.21528561779975,
                            40.7968501195425
                        ]
                    ],
                    [
                        [
                            -119.21528257114318,
                            40.76963340567382
                        ],
                        [
                            -119.2149352233659,
                            40.77026863630404
                        ],
                        [
                            -119.2142022032745,
                            40.77005280231547
                        ],
                        [
                            -119.21420082402584,
                            40.770052422132714
                        ],
                        [
                            -119.21343743335586,
                            40.76985621229146
                        ],
                        [
                            -119.21343605816612,
                            40.769855883916144
                        ],
                        [
                            -119.21270753747423,
                            40.76969510242812
                        ],
                        [
                            -119.21294212840442,
                            40.769031894806844
                        ],
                        [
                            -119.21372231607644,
                            40.76920407882048
                        ],
                        [
                            -119.21452619185054,
                            40.76941069405116
                        ],
                        [
                            -119.21528257114318,
                            40.76963340567382
                        ]
                    ],
                    [
                        [
                            -119.21521474010596,
                            40.789003010962865
                        ],
                        [
                            -119.21502642207564,
                            40.7891395238634
                        ],
                        [
                            -119.21467927326302,
                            40.7893700587705
                        ],
                        [
                            -119.21431912340081,
                            40.78958893736579
                        ],
                        [
                            -119.21394665829037,
                            40.78979573781862
                        ],
                        [
                            -119.21356258771401,
                            40.78999006153471
                        ],
                        [
                            -119.21319687635443,
                            40.79015810200905
                        ],
                        [
                            -119.21246096448579,
                            40.789193183469195
                        ],
                        [
                            -119.21248144487049,
                            40.78918413950964
                        ],
                        [
                            -119.21248228205667,
                            40.789183758577046
                        ],
                        [
                            -119.21281807546495,
                            40.78902641359587
                        ],
                        [
                            -119.21281947213117,
                            40.789025726638926
                        ],
                        [
                            -119.21314587929729,
                            40.78885744087218
                        ],
                        [
                            -119.21314727640413,
                            40.78885668608954
                        ],
                        [
                            -119.21346367590826,
                            40.78867777996063
                        ],
                        [
                            -119.21346507161492,
                            40.78867695404925
                        ],
                        [
                            -119.21377086110664,
                            40.78848776820057
                        ],
                        [
                            -119.21377225308285,
                            40.788486867737674
                        ],
                        [
                            -119.21397843682153,
                            40.78834751723985
                        ],
                        [
                            -119.21521474010596,
                            40.789003010962865
                        ]
                    ],
                    [
                        [
                            -119.21515587460785,
                            40.79286224191671
                        ],
                        [
                            -119.21464361270745,
                            40.793075048270495
                        ],
                        [
                            -119.21406980654737,
                            40.79328931697503
                        ],
                        [
                            -119.21348416522405,
                            40.79348444081563
                        ],
                        [
                            -119.21288780635396,
                            40.79366004497043
                        ],
                        [
                            -119.21228186820373,
                            40.79381579213683
                        ],
                        [
                            -119.21170234059116,
                            40.79394369541628
                        ],
                        [
                            -119.21146289113945,
                            40.79326726441378
                        ],
                        [
                            -119.21198994636948,
                            40.79315094203981
                        ],
                        [
                            -119.21199132169062,
                            40.79315061362153
                        ],
                        [
                            -119.21255600034574,
                            40.793005471765866
                        ],
                        [
                            -119.21255737976256,
                            40.793005091519234
                        ],
                        [
                            -119.21311315584342,
                            40.7928414376659
                        ],
                        [
                            -119.21311453943011,
                            40.792841003617426
                        ],
                        [
                            -119.21366035459441,
                            40.79265914942649
                        ],
                        [
                            -119.21366174222581,
                            40.792658659356384
                        ],
                        [
                            -119.21419655712519,
                            40.792458951145676
                        ],
                        [
                            -119.21419794844037,
                            40.79245840259314
                        ],
                        [
                            -119.21469147045612,
                            40.79225338189085
                        ],
                        [
                            -119.21515587460785,
                            40.79286224191671
                        ]
                    ],
                    [
                        [
                            -119.21515375677966,
                            40.77362129993356
                        ],
                        [
                            -119.21468961642083,
                            40.77423021186086
                        ],
                        [
                            -119.2141962032185,
                            40.7740252532116
                        ],
                        [
                            -119.2141948121516,
                            40.77402470479825
                        ],
                        [
                            -119.21366011032745,
                            40.773825052377944
                        ],
                        [
                            -119.21365872290811,
                            40.77382456241302
                        ],
                        [
                            -119.21311303323219,
                            40.77364276006911
                        ],
                        [
                            -119.21311164982217,
                            40.77364232609768
                        ],
                        [
                            -119.21255601068788,
                            40.77347871975338
                        ],
                        [
                            -119.21255463141405,
                            40.773478339561066
                        ],
                        [
                            -119.2119901001214,
                            40.77333324051489
                        ],
                        [
                            -119.21198872491199,
                            40.773332912133135
                        ],
                        [
                            -119.21146181731817,
                            40.7732166252976
                        ],
                        [
                            -119.21170111654607,
                            40.772540181074845
                        ],
                        [
                            -119.2122804558923,
                            40.772668039309366
                        ],
                        [
                            -119.21288622372701,
                            40.77282373700666
                        ],
                        [
                            -119.21348242436393,
                            40.772999286277916
                        ],
                        [
                            -119.21406792074525,
                            40.77319435024468
                        ],
                        [
                            -119.21464159636037,
                            40.77340855454749
                        ],
                        [
                            -119.21515375677966,
                            40.77362129993356
                        ]
                    ],
                    [
                        [
                            -119.21489755875737,
                            40.79614105121016
                        ],
                        [
                            -119.21418214890423,
                            40.79635171246293
                        ],
                        [
                            -119.21341986661876,
                            40.79654764642903
                        ],
                        [
                            -119.21268182531887,
                            40.79671053467253
                        ],
                        [
                            -119.21244704244442,
                            40.796047343886535
                        ],
                        [
                            -119.21313336438192,
                            40.79589587042637
                        ],
                        [
                            -119.21313473971861,
                            40.79589554200301
                        ],
                        [
                            -119.21385650751535,
                            40.79571002195187
                        ],
                        [
                            -119.21385788695206,
                            40.79570964169767
                        ],
                        [
                            -119.21454993823379,
                            40.79550585899638
                        ],
                        [
                            -119.21489755875737,
                            40.79614105121016
                        ]
                    ],
                    [
                        [
                            -119.2148948215051,
                            40.77034252236779
                        ],
                        [
                            -119.21454746625426,
                            40.77097775194472
                        ],
                        [
                            -119.21385565052124,
                            40.77077405003574
                        ],
                        [
                            -119.21385427126728,
                            40.770773669850975
                        ],
                        [
                            -119.21313274421021,
                            40.77058821973582
                        ],
                        [
                            -119.21313136901635,
                            40.77058789135915
                        ],
                        [
                            -119.21244529157289,
                            40.77043647677706
                        ],
                        [
                            -119.21267988776265,
                            40.76977326961664
                        ],
                        [
                            -119.21341763362122,
                            40.7699360870606
                        ],
                        [
                            -119.21417964658835,
                            40.77013194279895
                        ],
                        [
                            -119.2148948215051,
                            40.77034252236779
                        ]
                    ],
                    [
                        [
                            -119.2146398589033,
                            40.79218571523456
                        ],
                        [
                            -119.21416706993617,
                            40.79238212293875
                        ],
                        [
                            -119.21363364511282,
                            40.79258131207342
                        ],
                        [
                            -119.21308921611549,
                            40.79276270442253
                        ],
                        [
                            -119.21253482205482,
                            40.792925951326126
                        ],
                        [
                            -119.21197152125332,
                            40.79307073902597
                        ],
                        [
                            -119.21143522255848,
                            40.793189101455155
                        ],
                        [
                            -119.21120046470723,
                            40.79252590847645
                        ],
                        [
                            -119.21168505086713,
                            40.79241895923064
                        ],
                        [
                            -119.21168642618413,
                            40.79241863081372
                        ],
                        [
                            -119.21220921632798,
                            40.79228425591713
                        ],
                        [
                            -119.21221059573949,
                            40.79228387567251
                        ],
                        [
                            -119.21272514399037,
                            40.79213236201499
                        ],
                        [
                            -119.2127265275705,
                            40.79213192796938
                        ],
                        [
                            -119.21323185412152,
                            40.79196356408203
                        ],
                        [
                            -119.21323324174504,
                            40.791963074015825
                        ],
                        [
                            -119.21372838437135,
                            40.791778180515784
                        ],
                        [
                            -119.21372977567732,
                            40.791777631968415
                        ],
                        [
                            -119.21418451700032,
                            40.7915887222582
                        ],
                        [
                            -119.2146398589033,
                            40.79218571523456
                        ]
                    ],
                    [
                        [
                            -119.21463802891924,
                            40.774297889192226
                        ],
                        [
                            -119.21418292708624,
                            40.77489492929504
                        ],
                        [
                            -119.21372827967198,
                            40.77470607297059
                        ],
                        [
                            -119.21372688859587,
                            40.77470552455208
                        ],
                        [
                            -119.21323184289275,
                            40.77452067887319
                        ],
                        [
                            -119.21323045546555,
                            40.77452018890436
                        ],
                        [
                            -119.21272523647784,
                            40.77435186945806
                        ],
                        [
                            -119.21272385306128,
                            40.77435143548377
                        ],
                        [
                            -119.2122094221951,
                            40.774199962548956
                        ],
                        [
                            -119.21220804291596,
                            40.77419958235463
                        ],
                        [
                            -119.2116853790849,
                            40.7740652441525
                        ],
                        [
                            -119.21168400387137,
                            40.7740649157694
                        ],
                        [
                            -119.21119954362027,
                            40.773957996827164
                        ],
                        [
                            -119.21143416479649,
                            40.77329479185616
                        ],
                        [
                            -119.21197030028176,
                            40.77341311525809
                        ],
                        [
                            -119.21253345384874,
                            40.773557860193364
                        ],
                        [
                            -119.21308771112282,
                            40.77372105965291
                        ],
                        [
                            -119.21363201482667,
                            40.77390240024542
                        ],
                        [
                            -119.2141653268055,
                            40.774101533711104
                        ],
                        [
                            -119.21463802891924,
                            40.774297889192226
                        ]
                    ],
                    [
                        [
                            -119.21452781254908,
                            40.777843743705134
                        ],
                        [
                            -119.21318735549292,
                            40.77855441418259
                        ],
                        [
                            -119.21312536228132,
                            40.77847704850576
                        ],
                        [
                            -119.2130670716702,
                            40.77839658647042
                        ],
                        [
                            -119.2130135096992,
                            40.778314334233684
                        ],
                        [
                            -119.21296477117679,
                            40.778230450233366
                        ],
                        [
                            -119.21292094122704,
                            40.77814509482084
                        ],
                        [
                            -119.21288209531907,
                            40.778058429806705
                        ],
                        [
                            -119.21284829935867,
                            40.777970618041444
                        ],
                        [
                            -119.21281960983418,
                            40.77788182304475
                        ],
                        [
                            -119.21279607400659,
                            40.77779220870164
                        ],
                        [
                            -119.21277773012399,
                            40.777701939031175
                        ],
                        [
                            -119.2127646076412,
                            40.777611178032544
                        ],
                        [
                            -119.21275673977794,
                            40.77752023242918
                        ],
                        [
                            -119.21304236728153,
                            40.77766473601968
                        ],
                        [
                            -119.21336010129527,
                            40.77784113146559
                        ],
                        [
                            -119.21336750297021,
                            40.777844336387574
                        ],
                        [
                            -119.21337538767332,
                            40.77784603573273
                        ],
                        [
                            -119.21338345239987,
                            40.77784616419617
                        ],
                        [
                            -119.21339138722692,
                            40.77784471684113
                        ],
                        [
                            -119.21339888722353,
                            40.77784174928864
                        ],
                        [
                            -119.21340566416906,
                            40.777837375580084
                        ],
                        [
                            -119.21341145762925,
                            40.77783176379463
                        ],
                        [
                            -119.2134160449647,
                            40.77782512959005
                        ],
                        [
                            -119.21341924988668,
                            40.77781772791509
                        ],
                        [
                            -119.21342094923183,
                            40.77780984321198
                        ],
                        [
                            -119.21342107769529,
                            40.77780177848544
                        ],
                        [
                            -119.21341963034024,
                            40.77779384365839
                        ],
                        [
                            -119.21341666278775,
                            40.77778634366177
                        ],
                        [
                            -119.2134122890792,
                            40.777779566716255
                        ],
                        [
                            -119.21340667729375,
                            40.77777377325606
                        ],
                        [
                            -119.21340004308915,
                            40.777769185920604
                        ],
                        [
                            -119.21308161773435,
                            40.77759240666493
                        ],
                        [
                            -119.21308022081593,
                            40.77759166589213
                        ],
                        [
                            -119.21275416335448,
                            40.777426708129674
                        ],
                        [
                            -119.21275673520225,
                            40.77733758563165
                        ],
                        [
                            -119.21276462314638,
                            40.77724649754326
                        ],
                        [
                            -119.21277775324585,
                            40.77715573709972
                        ],
                        [
                            -119.21279610458234,
                            40.77706546820411
                        ],
                        [
                            -119.21281964764711,
                            40.77697585485481
                        ],
                        [
                            -119.21284834413927,
                            40.77688706106619
                        ],
                        [
                            -119.21288214674576,
                            40.77679925071943
                        ],
                        [
                            -119.21292099892733,
                            40.776712587328134
                        ],
                        [
                            -119.21296269663102,
                            40.77663139687034
                        ],
                        [
                            -119.21319576903797,
                            40.776325656661776
                        ],
                        [
                            -119.21356142246569,
                            40.77649365770709
                        ],
                        [
                            -119.21394545033614,
                            40.776687942346506
                        ],
                        [
                            -119.21431788196836,
                            40.77689470249805
                        ],
                        [
                            -119.2145238053531,
                            40.77701983578879
                        ],
                        [
                            -119.21449745819422,
                            40.77705816130514
                        ],
                        [
                            -119.21445878601469,
                            40.77712885850587
                        ],
                        [
                            -119.21442839775615,
                            40.77720183900738
                        ],
                        [
                            -119.2144065247164,
                            40.77727654739059
                        ],
                        [
                            -119.21439333339002,
                            40.777352415084444
                        ],
                        [
                            -119.21438892420029,
                            40.77742886469296
                        ],
                        [
                            -119.21439333073407,
                            40.77750531438946
                        ],
                        [
                            -119.21440651948518,
                            40.777581182344576
                        ],
                        [
                            -119.21442839010862,
                            40.7776558911544
                        ],
                        [
                            -119.21445877618326,
                            40.77772887223491
                        ],
                        [
                            -119.21449744647755,
                            40.77779957014943
                        ],
                        [
                            -119.21452781254908,
                            40.777843743705134
                        ]
                    ],
                    [
                        [
                            -119.2145095080045,
                            40.79543198157783
                        ],
                        [
                            -119.21383532912364,
                            40.79563050153887
                        ],
                        [
                            -119.21311493919794,
                            40.795815667428045
                        ],
                        [
                            -119.21241937164238,
                            40.79596918142586
                        ],
                        [
                            -119.21218459403644,
                            40.79530599017821
                        ],
                        [
                            -119.21282844366698,
                            40.795163890626874
                        ],
                        [
                            -119.21282981899952,
                            40.79516356220488
                        ],
                        [
                            -119.21350969524312,
                            40.79498880999659
                        ],
                        [
                            -119.21351107467453,
                            40.79498842974441
                        ],
                        [
                            -119.21416189496638,
                            40.794796788309036
                        ],
                        [
                            -119.2145095080045,
                            40.79543198157783
                        ]
                    ],
                    [
                        [
                            -119.21450706359089,
                            40.77105163776394
                        ],
                        [
                            -119.21415970086622,
                            40.77168686628757
                        ],
                        [
                            -119.21350909024453,
                            40.771495296719316
                        ],
                        [
                            -119.21350771098527,
                            40.77149491653254
                        ],
                        [
                            -119.21282804835128,
                            40.77132022637884
                        ],
                        [
                            -119.21282667315327,
                            40.77131989800081
                        ],
                        [
                            -119.21218303981954,
                            40.77117785053236
                        ],
                        [
                            -119.21241764126913,
                            40.77051464383284
                        ],
                        [
                            -119.21311294445366,
                            40.77066809449954
                        ],
                        [
                            -119.21383309380285,
                            40.770853190510046
                        ],
                        [
                            -119.21450706359089,
                            40.77105163776394
                        ]
                    ],
                    [
                        [
                            -119.21413290635132,
                            40.791521055201045
                        ],
                        [
                            -119.21369889725068,
                            40.79170135228268
                        ],
                        [
                            -119.213205144692,
                            40.791885726711136
                        ],
                        [
                            -119.21270120430059,
                            40.79205362876005
                        ],
                        [
                            -119.21218803806407,
                            40.792204735470214
                        ],
                        [
                            -119.2116666257687,
                            40.79233875621276
                        ],
                        [
                            -119.21117279672227,
                            40.79244774538423
                        ],
                        [
                            -119.2110174519199,
                            40.792008884809384
                        ],
                        [
                            -119.21103674124831,
                            40.79200283573828
                        ],
                        [
                            -119.21106475828408,
                            40.7919917937756
                        ],
                        [
                            -119.21109139754623,
                            40.791978945136776
                        ],
                        [
                            -119.21111645629266,
                            40.79196438760874
                        ],
                        [
                            -119.21113974381039,
                            40.791948231984136
                        ],
                        [
                            -119.21116108286706,
                            40.79193060121816
                        ],
                        [
                            -119.2111803110599,
                            40.791911629492695
                        ],
                        [
                            -119.21119728205146,
                            40.79189146119512
                        ],
                        [
                            -119.21121186668351,
                            40.791870249819375
                        ],
                        [
                            -119.21122395395989,
                            40.791848156797734
                        ],
                        [
                            -119.21123345189126,
                            40.791825350272255
                        ],
                        [
                            -119.21124028819501,
                            40.79180200381501
                        ],
                        [
                            -119.2112444108455,
                            40.79177829510708
                        ],
                        [
                            -119.21124578846965,
                            40.79175440458638
                        ],
                        [
                            -119.21124441058595,
                            40.79173051407427
                        ],
                        [
                            -119.21124213669518,
                            40.79171743810203
                        ],
                        [
                            -119.2113801620874,
                            40.79168697561898
                        ],
                        [
                            -119.21138153740024,
                            40.79168664720341
                        ],
                        [
                            -119.2118624398439,
                            40.79156303903026
                        ],
                        [
                            -119.21186381925011,
                            40.791562658787655
                        ],
                        [
                            -119.21233714042475,
                            40.79142328506441
                        ],
                        [
                            -119.21233852399833,
                            40.79142285102166
                        ],
                        [
                            -119.21280336262669,
                            40.791267977152536
                        ],
                        [
                            -119.21280475024234,
                            40.79126748709024
                        ],
                        [
                            -119.21326022121785,
                            40.79109740799379
                        ],
                        [
                            -119.21326161251461,
                            40.79109685945158
                        ],
                        [
                            -119.21367757369697,
                            40.790924060405686
                        ],
                        [
                            -119.21413290635132,
                            40.791521055201045
                        ]
                    ],
                    [
                        [
                            -119.2141313386816,
                            40.77496260622595
                        ],
                        [
                            -119.21367622760935,
                            40.7755596445118
                        ],
                        [
                            -119.2132603465352,
                            40.77538689083955
                        ],
                        [
                            -119.21325895544989,
                            40.77538634241589
                        ],
                        [
                            -119.21280356648977,
                            40.77521630378519
                        ],
                        [
                            -119.2128021790547,
                            40.775215813812466
                        ],
                        [
                            -119.21233743144525,
                            40.77506097754887
                        ],
                        [
                            -119.21233604802212,
                            40.775060543571726
                        ],
                        [
                            -119.21186282617721,
                            40.77492120430762
                        ],
                        [
                            -119.21186144689278,
                            40.77492082411128
                        ],
                        [
                            -119.21138065133366,
                            40.77479724698859
                        ],
                        [
                            -119.21137927611598,
                            40.77479691860414
                        ],
                        [
                            -119.21093726406608,
                            40.77469936776228
                        ],
                        [
                            -119.21117189050332,
                            40.77403616325228
                        ],
                        [
                            -119.21166557922314,
                            40.77414511889023
                        ],
                        [
                            -119.21218686532359,
                            40.77427910297975
                        ],
                        [
                            -119.21269991432392,
                            40.77443016902748
                        ],
                        [
                            -119.2132037473323,
                            40.77459802671902
                        ],
                        [
                            -119.21369740318141,
                            40.774782353438745
                        ],
                        [
                            -119.2141313386816,
                            40.77496260622595
                        ]
                    ],
                    [
                        [
                            -119.21362596394874,
                            40.79085639294895
                        ],
                        [
                            -119.21323073416568,
                            40.79102057973444
                        ],
                        [
                            -119.21277665324902,
                            40.791190139763884
                        ],
                        [
                            -119.21231320077315,
                            40.7913445517979
                        ],
                        [
                            -119.21184126160684,
                            40.79148351857623
                        ],
                        [
                            -119.21136173700718,
                            40.79160677259693
                        ],
                        [
                            -119.21121249526887,
                            40.791639710550236
                        ],
                        [
                            -119.21121186553846,
                            40.7916385595555
                        ],
                        [
                            -119.21119728075698,
                            40.791617348260544
                        ],
                        [
                            -119.21118030965529,
                            40.79159718005236
                        ],
                        [
                            -119.21116108139506,
                            40.79157820842217
                        ],
                        [
                            -119.21113974231565,
                            40.791560577754446
                        ],
                        [
                            -119.21111645482064,
                            40.79154442222809
                        ],
                        [
                            -119.21109139614164,
                            40.79152986479533
                        ],
                        [
                            -119.21106475698961,
                            40.79151701624589
                        ],
                        [
                            -119.2110367401033,
                            40.79150597436401
                        ],
                        [
                            -119.21100755870638,
                            40.791496823184126
                        ],
                        [
                            -119.21097743488491,
                            40.79148963235147
                        ],
                        [
                            -119.21094659789684,
                            40.79148445659197
                        ],
                        [
                            -119.21091528242762,
                            40.7914813352958
                        ],
                        [
                            -119.21088372680403,
                            40.79148029221762
                        ],
                        [
                            -119.2108521711804,
                            40.7914813352958
                        ],
                        [
                            -119.21083144691461,
                            40.79148340093853
                        ],
                        [
                            -119.21067562942956,
                            40.79104319481703
                        ],
                        [
                            -119.21107528002993,
                            40.79095499120487
                        ],
                        [
                            -119.21107665533863,
                            40.79095466279067
                        ],
                        [
                            -119.21151567089318,
                            40.79084182110532
                        ],
                        [
                            -119.21151705029408,
                            40.790841440864725
                        ],
                        [
                            -119.21194914514616,
                            40.79071420681428
                        ],
                        [
                            -119.21195052871317,
                            40.79071377277439
                        ],
                        [
                            -119.21237488010945,
                            40.7905723886381
                        ],
                        [
                            -119.21237626771725,
                            40.79057189857969
                        ],
                        [
                            -119.21279206766417,
                            40.79041663357975
                        ],
                        [
                            -119.21279345895171,
                            40.790416085042715
                        ],
                        [
                            -119.21317064054267,
                            40.79025939633474
                        ],
                        [
                            -119.21362596394874,
                            40.79085639294895
                        ]
                    ],
                    [
                        [
                            -119.21362463830468,
                            40.775627321043515
                        ],
                        [
                            -119.21316951799281,
                            40.77622435751233
                        ],
                        [
                            -119.21279240380773,
                            40.77606770681843
                        ],
                        [
                            -119.21279101271323,
                            40.77606715838961
                        ],
                        [
                            -119.21237528111803,
                            40.775911927113896
                        ],
                        [
                            -119.21237389367509,
                            40.775911437137275
                        ],
                        [
                            -119.21194961813411,
                            40.77577008434149
                        ],
                        [
                            -119.21194823470445,
                            40.77576965036149
                        ],
                        [
                            -119.21151622263386,
                            40.775642445029334
                        ],
                        [
                            -119.21151484334413,
                            40.77564206483098
                        ],
                        [
                            -119.21107591686733,
                            40.77552924902312
                        ],
                        [
                            -119.2110745416455,
                            40.77552892063731
                        ],
                        [
                            -119.2106749786583,
                            40.77544073810361
                        ],
                        [
                            -119.2109096103568,
                            40.77477753405462
                        ],
                        [
                            -119.21136085144958,
                            40.77487712172082
                        ],
                        [
                            -119.21184026927374,
                            40.77500034472933
                        ],
                        [
                            -119.21231210924654,
                            40.77513927710385
                        ],
                        [
                            -119.21277547086962,
                            40.77529365160939
                        ],
                        [
                            -119.213229469967,
                            40.77546317127635
                        ],
                        [
                            -119.21362463830468,
                            40.775627321043515
                        ]
                    ],
                    [
                        [
                            -119.21320714465548,
                            40.768035884491795
                        ],
                        [
                            -119.2130569829123,
                            40.768460418484764
                        ],
                        [
                            -119.21223794298888,
                            40.76830866693502
                        ],
                        [
                            -119.2122365750719,
                            40.76830843726585
                        ],
                        [
                            -119.21137467882747,
                            40.76817862505073
                        ],
                        [
                            -119.2113733138719,
                            40.76817844277616
                        ],
                        [
                            -119.21053434570513,
                            40.76808066819537
                        ],
                        [
                            -119.2106099718721,
                            40.76764550867164
                        ],
                        [
                            -119.21148248956291,
                            40.76774719314453
                        ],
                        [
                            -119.21237243920791,
                            40.76788123050738
                        ],
                        [
                            -119.21320714465548,
                            40.768035884491795
                        ]
                    ],
                    [
                        [
                            -119.21311903185413,
                            40.79019172841239
                        ],
                        [
                            -119.21276258068029,
                            40.79033980529425
                        ],
                        [
                            -119.2123481707839,
                            40.7904945512316
                        ],
                        [
                            -119.21192520553271,
                            40.790635473536206
                        ],
                        [
                            -119.21149449268322,
                            40.79076230064408
                        ],
                        [
                            -119.21105685496751,
                            40.790874788178755
                        ],
                        [
                            -119.21064796270261,
                            40.79096503144303
                        ],
                        [
                            -119.2102681763306,
                            40.789892050297254
                        ],
                        [
                            -119.21029816800244,
                            40.7898858589916
                        ],
                        [
                            -119.21029899176955,
                            40.78988568012061
                        ],
                        [
                            -119.21067713817118,
                            40.78979950463944
                        ],
                        [
                            -119.21067851427718,
                            40.78979916600815
                        ],
                        [
                            -119.2110513348709,
                            40.78970058315469
                        ],
                        [
                            -119.21105271509639,
                            40.78970019232338
                        ],
                        [
                            -119.21141950001505,
                            40.78958938981051
                        ],
                        [
                            -119.21142088439666,
                            40.78958894475699
                        ],
                        [
                            -119.21178093527566,
                            40.7894661335642
                        ],
                        [
                            -119.21178232364386,
                            40.78946563202089
                        ],
                        [
                            -119.21213495495185,
                            40.789331045992206
                        ],
                        [
                            -119.21213620755623,
                            40.789330544237174
                        ],
                        [
                            -119.21238317695462,
                            40.789226884569786
                        ],
                        [
                            -119.21311903185413,
                            40.79019172841239
                        ]
                    ],
                    [
                        [
                            -119.2131133475232,
                            40.77859365100777
                        ],
                        [
                            -119.20827154124287,
                            40.7811606327437
                        ],
                        [
                            -119.20941140851603,
                            40.78202387091197
                        ],
                        [
                            -119.20834736709,
                            40.78282964651497
                        ],
                        [
                            -119.20833639490154,
                            40.782822033684525
                        ],
                        [
                            -119.20828628403486,
                            40.7827929189142
                        ],
                        [
                            -119.20823301266985,
                            40.78276722190466
                        ],
                        [
                            -119.20817698622879,
                            40.78274513822162
                        ],
                        [
                            -119.20811863109988,
                            40.78272683593157
                        ],
                        [
                            -119.20805839139254,
                            40.782712454322784
                        ],
                        [
                            -119.20799672555755,
                            40.78270210284544
                        ],
                        [
                            -119.20793410289843,
                            40.78269586027861
                        ],
                        [
                            -119.207871,
                            40.78269377413085
                        ],
                        [
                            -119.20780789710155,
                            40.78269586027861
                        ],
                        [
                            -119.20774527444243,
                            40.78270210284544
                        ],
                        [
                            -119.20768360860744,
                            40.782712454322784
                        ],
                        [
                            -119.2076233689001,
                            40.78272683593157
                        ],
                        [
                            -119.20756501377119,
                            40.78274513822162
                        ],
                        [
                            -119.20750898733013,
                            40.78276722190466
                        ],
                        [
                            -119.20745571596512,
                            40.7827929189142
                        ],
                        [
                            -119.20740560509844,
                            40.782822033684525
                        ],
                        [
                            -119.20739462965874,
                            40.78282964877078
                        ],
                        [
                            -119.20154099105325,
                            40.77839686971527
                        ],
                        [
                            -119.20178057868281,
                            40.778223216948525
                        ],
                        [
                            -119.20207605872204,
                            40.778027019732505
                        ],
                        [
                            -119.20238260461659,
                            40.77784073956661
                        ],
                        [
                            -119.20269963271846,
                            40.77766473601968
                        ],
                        [
                            -119.20302653893754,
                            40.777499348856956
                        ],
                        [
                            -119.20336269994836,
                            40.77734489735755
                        ],
                        [
                            -119.20370747443454,
                            40.77720167967887
                        ],
                        [
                            -119.20406020436273,
                            40.77706997227047
                        ],
                        [
                            -119.20442021628051,
                            40.77695002933723
                        ],
                        [
                            -119.20478682264205,
                            40.77684208234898
                        ],
                        [
                            -119.20515932315396,
                            40.77674633959783
                        ],
                        [
                            -119.20553700614204,
                            40.77666298580223
                        ],
                        [
                            -119.205919149935,
                            40.77659218175789
                        ],
                        [
                            -119.20630502426279,
                            40.77653406403522
                        ],
                        [
                            -119.2066938916705,
                            40.77648874472301
                        ],
                        [
                            -119.20708500894143,
                            40.776456311218965
                        ],
                        [
                            -119.20747762852989,
                            40.7764368260665
                        ],
                        [
                            -119.207871,
                            40.776430326838366
                        ],
                        [
                            -119.2082643714701,
                            40.7764368260665
                        ],
                        [
                            -119.20865699105855,
                            40.776456311218965
                        ],
                        [
                            -119.20904810832948,
                            40.77648874472301
                        ],
                        [
                            -119.2094369757372,
                            40.77653406403522
                        ],
                        [
                            -119.20982285006498,
                            40.77659218175789
                        ],
                        [
                            -119.21020499385796,
                            40.77666298580223
                        ],
                        [
                            -119.21058267684593,
                            40.7767463395978
                        ],
                        [
                            -119.21095517735803,
                            40.776842082349006
                        ],
                        [
                            -119.21132178371948,
                            40.77695002933723
                        ],
                        [
                            -119.21168179563725,
                            40.77706997227047
                        ],
                        [
                            -119.21203452556546,
                            40.77720167967887
                        ],
                        [
                            -119.21237930005162,
                            40.77734489735755
                        ],
                        [
                            -119.21267324941755,
                            40.77747995442501
                        ],
                        [
                            -119.21267450633664,
                            40.77752363968404
                        ],
                        [
                            -119.21267464242666,
                            40.77752600259969
                        ],
                        [
                            -119.21268272629763,
                            40.777619445062825
                        ],
                        [
                            -119.21268299660795,
                            40.777621786400324
                        ],
                        [
                            -119.21269645531956,
                            40.77771487290883
                        ],
                        [
                            -119.21269685599741,
                            40.77771717893523
                        ],
                        [
                            -119.21271566395248,
                            40.77780973229177
                        ],
                        [
                            -119.21271618943854,
                            40.77781199022842
                        ],
                        [
                            -119.21274031085682,
                            40.77790383424985
                        ],
                        [
                            -119.21274095412906,
                            40.77790603256792
                        ],
                        [
                            -119.21277034311512,
                            40.777996992420604
                        ],
                        [
                            -119.21277109598043,
                            40.77799912106183
                        ],
                        [
                            -119.21280569661084,
                            40.77808902359454
                        ],
                        [
                            -119.21280655002202,
                            40.77809107411048
                        ],
                        [
                            -119.2128462964518,
                            40.77817974818399
                        ],
                        [
                            -119.21284724082787,
                            40.7781817137942
                        ],
                        [
                            -119.21289205741549,
                            40.778268990607124
                        ],
                        [
                            -119.2128930829459,
                            40.77827086618371
                        ],
                        [
                            -119.21294288439725,
                            40.77835657959385
                        ],
                        [
                            -119.21294398131509,
                            40.77835836158352
                        ],
                        [
                            -119.2129986728457,
                            40.77844234842417
                        ],
                        [
                            -119.21299983165996,
                            40.77844403472252
                        ],
                        [
                            -119.21305930917526,
                            40.77852613511306
                        ],
                        [
                            -119.21306052085677,
                            40.77852772490558
                        ],
                        [
                            -119.2131133475232,
                            40.77859365100777
                        ]
                    ],
                    [
                        [
                            -119.21310225509082,
                            40.77628552331188
                        ],
                        [
                            -119.21309748012527,
                            40.776287648800256
                        ],
                        [
                            -119.21309089292205,
                            40.7762923033755
                        ],
                        [
                            -119.21308534035268,
                            40.77629815361399
                        ],
                        [
                            -119.21306023277812,
                            40.77633042936926
                        ],
                        [
                            -119.21305938966485,
                            40.776331552212156
                        ],
                        [
                            -119.21299990785718,
                            40.77641365005164
                        ],
                        [
                            -119.21299874906525,
                            40.776415336131855
                        ],
                        [
                            -119.21294405267138,
                            40.77649932057278
                        ],
                        [
                            -119.2129429557539,
                            40.776501102338116
                        ],
                        [
                            -119.21289314890535,
                            40.77658681351815
                        ],
                        [
                            -119.21289299263937,
                            40.776587099269406
                        ],
                        [
                            -119.21238228820188,
                            40.77725703220261
                        ],
                        [
                            -119.21206540233132,
                            40.77712539932197
                        ],
                        [
                            -119.21206401122252,
                            40.77712485088513
                        ],
                        [
                            -119.2117098914101,
                            40.77699262450163
                        ],
                        [
                            -119.21170850395495,
                            40.77699213451895
                        ],
                        [
                            -119.21134710603224,
                            40.77687172981906
                        ],
                        [
                            -119.2113457225924,
                            40.776871295834624
                        ],
                        [
                            -119.2109777343438,
                            40.77676294195069
                        ],
                        [
                            -119.21097635504584,
                            40.776762561749216
                        ],
                        [
                            -119.21060247678659,
                            40.77666646487956
                        ],
                        [
                            -119.21060110155832,
                            40.77666613649165
                        ],
                        [
                            -119.21026748783873,
                            40.77659250868562
                        ],
                        [
                            -119.21064732428465,
                            40.775518904247264
                        ],
                        [
                            -119.21105611696113,
                            40.77560912374989
                        ],
                        [
                            -119.21149366569811,
                            40.77572158544187
                        ],
                        [
                            -119.21192429589085,
                            40.775848383882085
                        ],
                        [
                            -119.21234718543789,
                            40.775989274916355
                        ],
                        [
                            -119.21276152716227,
                            40.776143987224
                        ],
                        [
                            -119.21310225509082,
                            40.77628552331188
                        ]
                    ],
                    [
                        [
                            -119.21302920148287,
                            40.76853896084049
                        ],
                        [
                            -119.21288840307024,
                            40.76893701695128
                        ],
                        [
                            -119.21209696719323,
                            40.768790379810326
                        ],
                        [
                            -119.21209559927486,
                            40.76879015014084
                        ],
                        [
                            -119.21126157524333,
                            40.768664535788915
                        ],
                        [
                            -119.21126021028685,
                            40.768664353514176
                        ],
                        [
                            -119.21044932945365,
                            40.76856985225602
                        ],
                        [
                            -119.21052023363629,
                            40.768161869666834
                        ],
                        [
                            -119.2113631042375,
                            40.76826009904306
                        ],
                        [
                            -119.21222363363519,
                            40.76838970539419
                        ],
                        [
                            -119.21302920148287,
                            40.76853896084049
                        ]
                    ],
                    [
                        [
                            -119.21286062118698,
                            40.769015559221884
                        ],
                        [
                            -119.2126261629013,
                            40.769678391846305
                        ],
                        [
                            -119.21187766744848,
                            40.76953971060872
                        ],
                        [
                            -119.2118762995279,
                            40.76953948093873
                        ],
                        [
                            -119.21108563304688,
                            40.769420396717734
                        ],
                        [
                            -119.211084268089,
                            40.76942021444274
                        ],
                        [
                            -119.21031707942913,
                            40.769330805111274
                        ],
                        [
                            -119.21043521714898,
                            40.76865105369992
                        ],
                        [
                            -119.21125000065051,
                            40.76874600978084
                        ],
                        [
                            -119.21208265783403,
                            40.768871418268525
                        ],
                        [
                            -119.21286062118698,
                            40.769015559221884
                        ]
                    ],
                    [
                        [
                            -119.21259838046129,
                            40.76975693401217
                        ],
                        [
                            -119.21236391692605,
                            40.77041976615613
                        ],
                        [
                            -119.21165836275767,
                            40.77028904099196
                        ],
                        [
                            -119.21165699483493,
                            40.770288811321485
                        ],
                        [
                            -119.21090968684773,
                            40.77017625737933
                        ],
                        [
                            -119.21090832188843,
                            40.77017607510408
                        ],
                        [
                            -119.21018482640527,
                            40.770091757818996
                        ],
                        [
                            -119.21030296683455,
                            40.769412006521236
                        ],
                        [
                            -119.21107405844944,
                            40.76950187070901
                        ],
                        [
                            -119.21186335808052,
                            40.769620749065375
                        ],
                        [
                            -119.21259838046129,
                            40.76975693401217
                        ]
                    ],
                    [
                        [
                            -119.21233613388385,
                            40.77049830820884
                        ],
                        [
                            -119.21210166509879,
                            40.77116113987232
                        ],
                        [
                            -119.2114390531206,
                            40.77103837096008
                        ],
                        [
                            -119.21143768519568,
                            40.771038141289104
                        ],
                        [
                            -119.21073373664564,
                            40.77093211777372
                        ],
                        [
                            -119.21073237168493,
                            40.77093193549821
                        ],
                        [
                            -119.21005257035229,
                            40.77085271037575
                        ],
                        [
                            -119.21017071349115,
                            40.77017295919157
                        ],
                        [
                            -119.21089811224559,
                            40.77025773136994
                        ],
                        [
                            -119.21164405338092,
                            40.77037007944708
                        ],
                        [
                            -119.21233613388385,
                            40.77049830820884
                        ]
                    ],
                    [
                        [
                            -119.21207388132683,
                            40.771239681788224
                        ],
                        [
                            -119.21164739352828,
                            40.77244530363727
                        ],
                        [
                            -119.21105916579451,
                            40.77233631652958
                        ],
                        [
                            -119.21105779786579,
                            40.77233608685774
                        ],
                        [
                            -119.21042895628743,
                            40.77224137532451
                        ],
                        [
                            -119.21042759132428,
                            40.772241193048565
                        ],
                        [
                            -119.20979389459757,
                            40.7721673409952
                        ],
                        [
                            -119.20979253202738,
                            40.772167205139425
                        ],
                        [
                            -119.2091551858456,
                            40.77211435307779
                        ],
                        [
                            -119.20915382503021,
                            40.77211426291206
                        ],
                        [
                            -119.20851404201987,
                            40.772082511398835
                        ],
                        [
                            -119.20851268227533,
                            40.772082466437304
                        ],
                        [
                            -119.20791214458757,
                            40.77207254443832
                        ],
                        [
                            -119.20791214458757,
                            40.770825397111274
                        ],
                        [
                            -119.20858720127066,
                            40.77083655030249
                        ],
                        [
                            -119.20930203667089,
                            40.77087202655514
                        ],
                        [
                            -119.21001414294128,
                            40.77093107809826
                        ],
                        [
                            -119.21072216203883,
                            40.77101359176367
                        ],
                        [
                            -119.21142474373524,
                            40.771119409413686
                        ],
                        [
                            -119.21207388132683,
                            40.771239681788224
                        ]
                    ],
                    [
                        [
                            -119.2116196089307,
                            40.77252384539745
                        ],
                        [
                            -119.21138044239481,
                            40.773199914530224
                        ],
                        [
                            -119.21083592611244,
                            40.773099026231606
                        ],
                        [
                            -119.21083455818152,
                            40.77309879655926
                        ],
                        [
                            -119.21024985294822,
                            40.77301073248032
                        ],
                        [
                            -119.21024848798362,
                            40.77301055020411
                        ],
                        [
                            -119.20965926820996,
                            40.77294188154876
                        ],
                        [
                            -119.20965790563896,
                            40.77294174569287
                        ],
                        [
                            -119.20906529243308,
                            40.772892603115444
                        ],
                        [
                            -119.20906393161732,
                            40.77289251294969
                        ],
                        [
                            -119.20846905253494,
                            40.77286298995252
                        ],
                        [
                            -119.2084676927903,
                            40.77286294499098
                        ],
                        [
                            -119.20791214458757,
                            40.77285376630188
                        ],
                        [
                            -119.20791214458757,
                            40.772154844844
                        ],
                        [
                            -119.20851064264667,
                            40.77216473314453
                        ],
                        [
                            -119.20914906500168,
                            40.77219641713038
                        ],
                        [
                            -119.20978504910723,
                            40.77224915624157
                        ],
                        [
                            -119.21041738167247,
                            40.77232284931332
                        ],
                        [
                            -119.21104485639424,
                            40.772417354980576
                        ],
                        [
                            -119.2116196089307,
                            40.77252384539745
                        ]
                    ],
                    [
                        [
                            -119.21135265709648,
                            40.77327845615895
                        ],
                        [
                            -119.21111816862228,
                            40.77394128602043
                        ],
                        [
                            -119.2106165979247,
                            40.77384835464272
                        ],
                        [
                            -119.21061522999159,
                            40.77384812496988
                        ],
                        [
                            -119.2100738877334,
                            40.77376659187253
                        ],
                        [
                            -119.21007252276738,
                            40.773766409596064
                        ],
                        [
                            -119.20952700063206,
                            40.77370283351917
                        ],
                        [
                            -119.20952563806026,
                            40.77370269766317
                        ],
                        [
                            -119.2089769740471,
                            40.77365719957575
                        ],
                        [
                            -119.20897561323099,
                            40.77365710940996
                        ],
                        [
                            -119.20842485130984,
                            40.77362977588299
                        ],
                        [
                            -119.2084234915651,
                            40.77362973092144
                        ],
                        [
                            -119.20791214458757,
                            40.7736212825187
                        ],
                        [
                            -119.20791214458757,
                            40.77293606670756
                        ],
                        [
                            -119.20846565316162,
                            40.77294521169821
                        ],
                        [
                            -119.20905917158821,
                            40.77297466716797
                        ],
                        [
                            -119.20965042271753,
                            40.77302369679491
                        ],
                        [
                            -119.21023827832852,
                            40.77309220646847
                        ],
                        [
                            -119.2108216167034,
                            40.773180064681064
                        ],
                        [
                            -119.21135265709648,
                            40.77327845615895
                        ]
                    ],
                    [
                        [
                            -119.21109038271936,
                            40.77401982753555
                        ],
                        [
                            -119.21085588899413,
                            40.774682656916426
                        ],
                        [
                            -119.21039726478952,
                            40.7745976826386
                        ],
                        [
                            -119.21039589685424,
                            40.77459745296526
                        ],
                        [
                            -119.20989791851474,
                            40.77452245099744
                        ],
                        [
                            -119.2098965535473,
                            40.774522268720716
                        ],
                        [
                            -119.20939473002433,
                            40.77446378533858
                        ],
                        [
                            -119.20939336745172,
                            40.77446364948247
                        ],
                        [
                            -119.20888865362836,
                            40.77442179596871
                        ],
                        [
                            -119.20888729281188,
                            40.77442170580289
                        ],
                        [
                            -119.20838064906448,
                            40.77439656179658
                        ],
                        [
                            -119.20837928931964,
                            40.77439651683503
                        ],
                        [
                            -119.20822961924671,
                            40.77439404400715
                        ],
                        [
                            -119.20822746788234,
                            40.77438166939328
                        ],
                        [
                            -119.20822063312559,
                            40.7743583229777
                        ],
                        [
                            -119.20821113745818,
                            40.77433551650877
                        ],
                        [
                            -119.20819905315021,
                            40.77431342355686
                        ],
                        [
                            -119.20818447217275,
                            40.77429221226187
                        ],
                        [
                            -119.20816750549749,
                            40.77427204405366
                        ],
                        [
                            -119.20814828225231,
                            40.77425307242344
                        ],
                        [
                            -119.20812694873855,
                            40.774235441755685
                        ],
                        [
                            -119.20810366731735,
                            40.77421928622932
                        ],
                        [
                            -119.20807861517412,
                            40.774204728796505
                        ],
                        [
                            -119.20805198297002,
                            40.77419188024705
                        ],
                        [
                            -119.20802397339094,
                            40.77418083836514
                        ],
                        [
                            -119.20799479960505,
                            40.77417168718524
                        ],
                        [
                            -119.20796468364034,
                            40.77416449635257
                        ],
                        [
                            -119.20793385469506,
                            40.77415932059305
                        ],
                        [
                            -119.20791214458757,
                            40.77415715612432
                        ],
                        [
                            -119.20791214458757,
                            40.77370358292438
                        ],
                        [
                            -119.20842145193645,
                            40.773711997628666
                        ],
                        [
                            -119.20897085320158,
                            40.77373926362823
                        ],
                        [
                            -119.2095181551374,
                            40.77378464876507
                        ],
                        [
                            -119.21006231310899,
                            40.77384806586001
                        ],
                        [
                            -119.21060228850698,
                            40.77392939309066
                        ],
                        [
                            -119.21109038271936,
                            40.77401982753555
                        ]
                    ],
                    [
                        [
                            -119.21082810248889,
                            40.774761198318345
                        ],
                        [
                            -119.21059360351241,
                            40.77542402721863
                        ],
                        [
                            -119.21017792670668,
                            40.77534701021922
                        ],
                        [
                            -119.2101765587692,
                            40.775346780545384
                        ],
                        [
                            -119.209721945292,
                            40.775278309855075
                        ],
                        [
                            -119.20972058032316,
                            40.7752781275781
                        ],
                        [
                            -119.2092624563866,
                            40.77522473700697
                        ],
                        [
                            -119.20926109381318,
                            40.77522460115075
                        ],
                        [
                            -119.20880033117673,
                            40.775186392294344
                        ],
                        [
                            -119.20879897035988,
                            40.77518630212849
                        ],
                        [
                            -119.20833644579876,
                            40.775163347693315
                        ],
                        [
                            -119.20833508605382,
                            40.77516330273176
                        ],
                        [
                            -119.20804079912503,
                            40.775158440564525
                        ],
                        [
                            -119.20793386154678,
                            40.774699216614835
                        ],
                        [
                            -119.20796468438705,
                            40.77469404187822
                        ],
                        [
                            -119.207994800565,
                            40.77468685098901
                        ],
                        [
                            -119.20802397453497,
                            40.774677699739414
                        ],
                        [
                            -119.20805198426335,
                            40.77466665777676
                        ],
                        [
                            -119.20807861657747,
                            40.77465380913797
                        ],
                        [
                            -119.20810366878808,
                            40.774639251609955
                        ],
                        [
                            -119.20812695023196,
                            40.77462309598539
                        ],
                        [
                            -119.20814828372305,
                            40.77460546521944
                        ],
                        [
                            -119.20816750690084,
                            40.77458649349401
                        ],
                        [
                            -119.20818447346608,
                            40.77456632519646
                        ],
                        [
                            -119.20819905429424,
                            40.77454511382073
                        ],
                        [
                            -119.20821113841811,
                            40.774523020799116
                        ],
                        [
                            -119.20822063387232,
                            40.77450021427366
                        ],
                        [
                            -119.20822746839312,
                            40.77447686781642
                        ],
                        [
                            -119.20822756528217,
                            40.774476310477525
                        ],
                        [
                            -119.20837724969077,
                            40.77447878354226
                        ],
                        [
                            -119.20888253278213,
                            40.77450386002114
                        ],
                        [
                            -119.20938588452769,
                            40.774545600584275
                        ],
                        [
                            -119.20988634388563,
                            40.774603924984255
                        ],
                        [
                            -119.21038295536319,
                            40.774678721085024
                        ],
                        [
                            -119.21082810248889,
                            40.774761198318345
                        ]
                    ],
                    [
                        [
                            -119.2105658163083,
                            40.77550256848947
                        ],
                        [
                            -119.21018611259964,
                            40.77657579774712
                        ],
                        [
                            -119.20983715951341,
                            40.776511143315346
                        ],
                        [
                            -119.20983579157254,
                            40.776510913640735
                        ],
                        [
                            -119.2094485503782,
                            40.77645259005007
                        ],
                        [
                            -119.20944718540716,
                            40.776452407772695
                        ],
                        [
                            -119.20905695383169,
                            40.77640692947791
                        ],
                        [
                            -119.20905559125703,
                            40.77640679362152
                        ],
                        [
                            -119.20866311190673,
                            40.77637424716668
                        ],
                        [
                            -119.20866175108931,
                            40.77637415700077
                        ],
                        [
                            -119.20831994782134,
                            40.776357193790105
                        ],
                        [
                            -119.20806003809905,
                            40.77524105883383
                        ],
                        [
                            -119.20833304642497,
                            40.77524556943899
                        ],
                        [
                            -119.20879421032959,
                            40.775268456346716
                        ],
                        [
                            -119.20925361088791,
                            40.775306552252445
                        ],
                        [
                            -119.2097103706583,
                            40.775359783841246
                        ],
                        [
                            -119.21016361727169,
                            40.77542804866412
                        ],
                        [
                            -119.2105658163083,
                            40.77550256848947
                        ]
                    ],
                    [
                        [
                            -119.21055522122171,
                            40.76764015109059
                        ],
                        [
                            -119.21047962930257,
                            40.76807511354934
                        ],
                        [
                            -119.20962985122793,
                            40.76800464558194
                        ],
                        [
                            -119.20962849041449,
                            40.7680045554164
                        ],
                        [
                            -119.20875160054601,
                            40.76796103664143
                        ],
                        [
                            -119.20875024080199,
                            40.76796099167992
                        ],
                        [
                            -119.20791214458757,
                            40.767947144772876
                        ],
                        [
                            -119.20791214458757,
                            40.76750863060285
                        ],
                        [
                            -119.20877818985625,
                            40.76752293928017
                        ],
                        [
                            -119.20968365074786,
                            40.76756787599215
                        ],
                        [
                            -119.21055522122171,
                            40.76764015109059
                        ]
                    ],
                    [
                        [
                            -119.21046548297488,
                            40.76815651208751
                        ],
                        [
                            -119.2103946130418,
                            40.76856429760477
                        ],
                        [
                            -119.20957308370858,
                            40.76849617216224
                        ],
                        [
                            -119.2095717228949,
                            40.76849608199667
                        ],
                        [
                            -119.20872318978205,
                            40.76845397052511
                        ],
                        [
                            -119.20872183003796,
                            40.7684539255636
                        ],
                        [
                            -119.20791214458757,
                            40.76844054805512
                        ],
                        [
                            -119.20791214458757,
                            40.768029445178556
                        ],
                        [
                            -119.20874820117379,
                            40.76804325838715
                        ],
                        [
                            -119.20962373038786,
                            40.76808670963481
                        ],
                        [
                            -119.21046548297488,
                            40.76815651208751
                        ]
                    ],
                    [
                        [
                            -119.21038046647385,
                            40.76864569612297
                        ],
                        [
                            -119.21026236300581,
                            40.76932525045329
                        ],
                        [
                            -119.2094847770092,
                            40.76926076900963
                        ],
                        [
                            -119.20948341619517,
                            40.769260678844034
                        ],
                        [
                            -119.20867899442254,
                            40.76922075655253
                        ],
                        [
                            -119.20867763467835,
                            40.76922071159101
                        ],
                        [
                            -119.20791214458757,
                            40.76920806427195
                        ],
                        [
                            -119.20791214458757,
                            40.7685228484608
                        ],
                        [
                            -119.20871979040962,
                            40.76853619227083
                        ],
                        [
                            -119.20956696286802,
                            40.76857823621508
                        ],
                        [
                            -119.21038046647385,
                            40.76864569612297
                        ]
                    ],
                    [
                        [
                            -119.21024821614276,
                            40.76940664894694
                        ],
                        [
                            -119.2101301099679,
                            40.770086203153085
                        ],
                        [
                            -119.2093964682776,
                            40.77002536578971
                        ],
                        [
                            -119.20939510746321,
                            40.77002527562407
                        ],
                        [
                            -119.20863479804306,
                            40.769987542563086
                        ],
                        [
                            -119.20863343829879,
                            40.76998749760157
                        ],
                        [
                            -119.20822959535893,
                            40.769980825365565
                        ],
                        [
                            -119.20822744420614,
                            40.76996845114664
                        ],
                        [
                            -119.20822060990338,
                            40.76994510473105
                        ],
                        [
                            -119.20821111486664,
                            40.769922298262124
                        ],
                        [
                            -119.20819903136132,
                            40.76990020531021
                        ],
                        [
                            -119.20818445135232,
                            40.769878994015215
                        ],
                        [
                            -119.20816748580397,
                            40.769858825806985
                        ],
                        [
                            -119.20814826383562,
                            40.76983985417676
                        ],
                        [
                            -119.20812693173879,
                            40.769822223509
                        ],
                        [
                            -119.20810365186391,
                            40.76980606798262
                        ],
                        [
                            -119.20807860138463,
                            40.76979151054981
                        ],
                        [
                            -119.2080519709494,
                            40.76977866200034
                        ],
                        [
                            -119.20802396323069,
                            40.76976762011842
                        ],
                        [
                            -119.20799479138248,
                            40.76975846893852
                        ],
                        [
                            -119.20796467741803,
                            40.769751278105836
                        ],
                        [
                            -119.20793385052033,
                            40.769746102346325
                        ],
                        [
                            -119.20791214458757,
                            40.769743938150064
                        ],
                        [
                            -119.20791214458757,
                            40.76929036467763
                        ],
                        [
                            -119.20867559505002,
                            40.76930297829824
                        ],
                        [
                            -119.20947865616778,
                            40.76934283306241
                        ],
                        [
                            -119.21024821614276,
                            40.76940664894694
                        ]
                    ],
                    [
                        [
                            -119.2101159627827,
                            40.770167601619924
                        ],
                        [
                            -119.20999785390089,
                            40.7708471557019
                        ],
                        [
                            -119.20930815751372,
                            40.77078996250246
                        ],
                        [
                            -119.20930679669895,
                            40.7707898723368
                        ],
                        [
                            -119.20859060064356,
                            40.77075432855679
                        ],
                        [
                            -119.20858924089919,
                            40.77075428359527
                        ],
                        [
                            -119.20791214458757,
                            40.770743096705594
                        ],
                        [
                            -119.20791214458757,
                            40.770288163680156
                        ],
                        [
                            -119.207933851031,
                            40.770285999432666
                        ],
                        [
                            -119.20796467816457,
                            40.770280823631495
                        ],
                        [
                            -119.20799479234222,
                            40.77027363274229
                        ],
                        [
                            -119.20802396437448,
                            40.7702644814927
                        ],
                        [
                            -119.20805197224246,
                            40.770253439530045
                        ],
                        [
                            -119.20807860278767,
                            40.77024059089126
                        ],
                        [
                            -119.20810365333432,
                            40.770226033363265
                        ],
                        [
                            -119.2081269332319,
                            40.77020987773871
                        ],
                        [
                            -119.20814826530604,
                            40.77019224697276
                        ],
                        [
                            -119.20816748720704,
                            40.770173275247345
                        ],
                        [
                            -119.20818445264538,
                            40.770153106949785
                        ],
                        [
                            -119.2081990325051,
                            40.77013189557407
                        ],
                        [
                            -119.20821111582637,
                            40.77010980255246
                        ],
                        [
                            -119.2082206106499,
                            40.77008699602701
                        ],
                        [
                            -119.2082274447168,
                            40.77006364956977
                        ],
                        [
                            -119.20822754166728,
                            40.77006309184044
                        ],
                        [
                            -119.20863139867025,
                            40.77006976430879
                        ],
                        [
                            -119.2093903474357,
                            40.77010742984245
                        ],
                        [
                            -119.2101159627827,
                            40.770167601619924
                        ]
                    ],
                    [
                        [
                            -119.20782985541243,
                            40.76750863060285
                        ],
                        [
                            -119.20782985541243,
                            40.767947144772876
                        ],
                        [
                            -119.206991759198,
                            40.76796099167992
                        ],
                        [
                            -119.20699039945399,
                            40.76796103664143
                        ],
                        [
                            -119.20611350958549,
                            40.7680045554164
                        ],
                        [
                            -119.20611214877205,
                            40.76800464558194
                        ],
                        [
                            -119.20526237069744,
                            40.76807511354934
                        ],
                        [
                            -119.20518677877827,
                            40.76764015109059
                        ],
                        [
                            -119.20605834925213,
                            40.76756787599215
                        ],
                        [
                            -119.20696381014373,
                            40.76752293928017
                        ],
                        [
                            -119.20782985541243,
                            40.76750863060285
                        ]
                    ],
                    [
                        [
                            -119.20782985541243,
                            40.768029445178556
                        ],
                        [
                            -119.20782985541243,
                            40.76844054805512
                        ],
                        [
                            -119.20702016996202,
                            40.7684539255636
                        ],
                        [
                            -119.20701881021793,
                            40.76845397052511
                        ],
                        [
                            -119.20617027710507,
                            40.76849608199667
                        ],
                        [
                            -119.2061689162914,
                            40.76849617216224
                        ],
                        [
                            -119.2053473869582,
                            40.76856429760477
                        ],
                        [
                            -119.20527651702513,
                            40.76815651208751
                        ],
                        [
                            -119.20611826961212,
                            40.76808670963481
                        ],
                        [
                            -119.2069937988262,
                            40.76804325838715
                        ],
                        [
                            -119.20782985541243,
                            40.768029445178556
                        ]
                    ],
                    [
                        [
                            -119.20782985541243,
                            40.7685228484608
                        ],
                        [
                            -119.20782985541243,
                            40.76920806427195
                        ],
                        [
                            -119.20706436532163,
                            40.76922071159101
                        ],
                        [
                            -119.20706300557744,
                            40.76922075655253
                        ],
                        [
                            -119.20625858380482,
                            40.769260678844034
                        ],
                        [
                            -119.2062572229908,
                            40.76926076900963
                        ],
                        [
                            -119.20547963699418,
                            40.76932525045329
                        ],
                        [
                            -119.20536153352613,
                            40.76864569612297
                        ],
                        [
                            -119.20617503713196,
                            40.76857823621508
                        ],
                        [
                            -119.20702220959036,
                            40.76853619227083
                        ],
                        [
                            -119.20782985541243,
                            40.7685228484608
                        ]
                    ],
                    [
                        [
                            -119.20782985541243,
                            40.76929036467763
                        ],
                        [
                            -119.20782985541243,
                            40.769743938150064
                        ],
                        [
                            -119.20780814947966,
                            40.769746102346325
                        ],
                        [
                            -119.20777732258196,
                            40.769751278105836
                        ],
                        [
                            -119.2077472086175,
                            40.76975846893852
                        ],
                        [
                            -119.20771803676931,
                            40.76976762011842
                        ],
                        [
                            -119.2076900290506,
                            40.76977866200034
                        ],
                        [
                            -119.20766339861537,
                            40.76979151054981
                        ],
                        [
                            -119.20763834813607,
                            40.76980606798262
                        ],
                        [
                            -119.20761506826119,
                            40.769822223509
                        ],
                        [
                            -119.20759373616436,
                            40.76983985417676
                        ],
                        [
                            -119.20757451419601,
                            40.769858825806985
                        ],
                        [
                            -119.20755754864767,
                            40.769878994015215
                        ],
                        [
                            -119.20754296863866,
                            40.76990020531021
                        ],
                        [
                            -119.20753088513335,
                            40.769922298262124
                        ],
                        [
                            -119.20752139009662,
                            40.76994510473105
                        ],
                        [
                            -119.20751455579384,
                            40.76996845114664
                        ],
                        [
                            -119.20751240464105,
                            40.769980825365565
                        ],
                        [
                            -119.20710856170119,
                            40.76998749760157
                        ],
                        [
                            -119.20710720195692,
                            40.769987542563086
                        ],
                        [
                            -119.20634689253679,
                            40.77002527562407
                        ],
                        [
                            -119.20634553172239,
                            40.77002536578971
                        ],
                        [
                            -119.20561189003209,
                            40.770086203153085
                        ],
                        [
                            -119.20549378385724,
                            40.76940664894694
                        ],
                        [
                            -119.20626334383222,
                            40.76934283306241
                        ],
                        [
                            -119.20706640494996,
                            40.76930297829824
                        ],
                        [
                            -119.20782985541243,
                            40.76929036467763
                        ]
                    ],
                    [
                        [
                            -119.20782985541243,
                            40.770288163680156
                        ],
                        [
                            -119.20782985541243,
                            40.770743096705594
                        ],
                        [
                            -119.20715275910082,
                            40.77075428359527
                        ],
                        [
                            -119.20715139935645,
                            40.77075432855679
                        ],
                        [
                            -119.20643520330104,
                            40.7707898723368
                        ],
                        [
                            -119.20643384248628,
                            40.77078996250246
                        ],
                        [
                            -119.2057441460991,
                            40.7708471557019
                        ],
                        [
                            -119.2056260372173,
                            40.770167601619924
                        ],
                        [
                            -119.2063516525643,
                            40.77010742984245
                        ],
                        [
                            -119.20711060132973,
                            40.77006976430879
                        ],
                        [
                            -119.2075144583327,
                            40.77006309184044
                        ],
                        [
                            -119.20751455528318,
                            40.77006364956977
                        ],
                        [
                            -119.20752138935009,
                            40.77008699602701
                        ],
                        [
                            -119.20753088417361,
                            40.77010980255246
                        ],
                        [
                            -119.20754296749487,
                            40.77013189557407
                        ],
                        [
                            -119.20755754735461,
                            40.770153106949785
                        ],
                        [
                            -119.20757451279296,
                            40.770173275247345
                        ],
                        [
                            -119.20759373469394,
                            40.77019224697276
                        ],
                        [
                            -119.20761506676808,
                            40.77020987773871
                        ],
                        [
                            -119.20763834666568,
                            40.770226033363265
                        ],
                        [
                            -119.20766339721234,
                            40.77024059089126
                        ],
                        [
                            -119.20769002775754,
                            40.770253439530045
                        ],
                        [
                            -119.20771803562552,
                            40.7702644814927
                        ],
                        [
                            -119.20774720765777,
                            40.77027363274229
                        ],
                        [
                            -119.20777732183541,
                            40.770280823631495
                        ],
                        [
                            -119.20780814896898,
                            40.770285999432666
                        ],
                        [
                            -119.20782985541243,
                            40.770288163680156
                        ]
                    ],
                    [
                        [
                            -119.20782985541243,
                            40.770825397111274
                        ],
                        [
                            -119.20782985541243,
                            40.77207254443832
                        ],
                        [
                            -119.20722931772465,
                            40.772082466437304
                        ],
                        [
                            -119.20722795798011,
                            40.772082511398835
                        ],
                        [
                            -119.20658817496978,
                            40.77211426291206
                        ],
                        [
                            -119.20658681415439,
                            40.77211435307779
                        ],
                        [
                            -119.20594946797262,
                            40.772167205139425
                        ],
                        [
                            -119.20594810540243,
                            40.7721673409952
                        ],
                        [
                            -119.2053144086757,
                            40.772241193048565
                        ],
                        [
                            -119.20531304371255,
                            40.77224137532451
                        ],
                        [
                            -119.20468420213422,
                            40.77233608685774
                        ],
                        [
                            -119.2046828342055,
                            40.77233631652958
                        ],
                        [
                            -119.20409460647173,
                            40.77244530363727
                        ],
                        [
                            -119.20366811867315,
                            40.771239681788224
                        ],
                        [
                            -119.20431725626474,
                            40.771119409413686
                        ],
                        [
                            -119.20501983796117,
                            40.77101359176367
                        ],
                        [
                            -119.2057278570587,
                            40.77093107809826
                        ],
                        [
                            -119.2064399633291,
                            40.77087202655514
                        ],
                        [
                            -119.20715479872935,
                            40.77083655030249
                        ],
                        [
                            -119.20782985541243,
                            40.770825397111274
                        ]
                    ],
                    [
                        [
                            -119.20782985541243,
                            40.772154844844
                        ],
                        [
                            -119.20782985541243,
                            40.77285376630188
                        ],
                        [
                            -119.2072743072097,
                            40.77286294499098
                        ],
                        [
                            -119.20727294746506,
                            40.77286298995252
                        ],
                        [
                            -119.20667806838266,
                            40.77289251294969
                        ],
                        [
                            -119.2066767075669,
                            40.772892603115444
                        ],
                        [
                            -119.20608409436103,
                            40.77294174569287
                        ],
                        [
                            -119.20608273179003,
                            40.77294188154876
                        ],
                        [
                            -119.20549351201639,
                            40.77301055020411
                        ],
                        [
                            -119.20549214705179,
                            40.77301073248032
                        ],
                        [
                            -119.20490744181845,
                            40.77309879655926
                        ],
                        [
                            -119.20490607388753,
                            40.773099026231606
                        ],
                        [
                            -119.2043615576052,
                            40.773199914530224
                        ],
                        [
                            -119.2041223910693,
                            40.77252384539745
                        ],
                        [
                            -119.20469714360577,
                            40.772417354980576
                        ],
                        [
                            -119.20532461832751,
                            40.77232284931332
                        ],
                        [
                            -119.20595695089277,
                            40.77224915624157
                        ],
                        [
                            -119.20659293499831,
                            40.77219641713038
                        ],
                        [
                            -119.20723135735331,
                            40.77216473314453
                        ],
                        [
                            -119.20782985541243,
                            40.772154844844
                        ]
                    ],
                    [
                        [
                            -119.20782985541243,
                            40.77293606670756
                        ],
                        [
                            -119.20782985541243,
                            40.7736212825187
                        ],
                        [
                            -119.2073185084349,
                            40.77362973092144
                        ],
                        [
                            -119.20731714869015,
                            40.77362977588299
                        ],
                        [
                            -119.206766386769,
                            40.77365710940996
                        ],
                        [
                            -119.20676502595289,
                            40.77365719957575
                        ],
                        [
                            -119.20621636193972,
                            40.77370269766317
                        ],
                        [
                            -119.20621499936792,
                            40.77370283351917
                        ],
                        [
                            -119.2056694772326,
                            40.773766409596064
                        ],
                        [
                            -119.20566811226658,
                            40.77376659187253
                        ],
                        [
                            -119.20512677000842,
                            40.77384812496988
                        ],
                        [
                            -119.20512540207531,
                            40.77384835464272
                        ],
                        [
                            -119.2046238313777,
                            40.77394128602043
                        ],
                        [
                            -119.20438934290353,
                            40.77327845615895
                        ],
                        [
                            -119.20492038329657,
                            40.773180064681064
                        ],
                        [
                            -119.20550372167149,
                            40.77309220646847
                        ],
                        [
                            -119.20609157728246,
                            40.77302369679491
                        ],
                        [
                            -119.20668282841177,
                            40.77297466716797
                        ],
                        [
                            -119.20727634683837,
                            40.77294521169821
                        ],
                        [
                            -119.20782985541243,
                            40.77293606670756
                        ]
                    ],
                    [
                        [
                            -119.20782985541243,
                            40.77370358292438
                        ],
                        [
                            -119.20782985541243,
                            40.77415715612432
                        ],
                        [
                            -119.20780814530495,
                            40.77415932059305
                        ],
                        [
                            -119.20777731635964,
                            40.77416449635257
                        ],
                        [
                            -119.20774720039493,
                            40.77417168718524
                        ],
                        [
                            -119.20771802660906,
                            40.77418083836514
                        ],
                        [
                            -119.20769001702998,
                            40.77419188024705
                        ],
                        [
                            -119.20766338482589,
                            40.774204728796505
                        ],
                        [
                            -119.20763833268266,
                            40.77421928622932
                        ],
                        [
                            -119.20761505126143,
                            40.774235441755685
                        ],
                        [
                            -119.20759371774767,
                            40.77425307242344
                        ],
                        [
                            -119.20757449450251,
                            40.77427204405366
                        ],
                        [
                            -119.20755752782725,
                            40.77429221226187
                        ],
                        [
                            -119.20754294684977,
                            40.77431342355686
                        ],
                        [
                            -119.20753086254183,
                            40.77433551650877
                        ],
                        [
                            -119.20752136687439,
                            40.7743583229777
                        ],
                        [
                            -119.20751453211764,
                            40.77438166939328
                        ],
                        [
                            -119.20751238075329,
                            40.77439404400715
                        ],
                        [
                            -119.20736271068036,
                            40.77439651683503
                        ],
                        [
                            -119.20736135093551,
                            40.77439656179658
                        ],
                        [
                            -119.2068547071881,
                            40.77442170580289
                        ],
                        [
                            -119.20685334637162,
                            40.77442179596871
                        ],
                        [
                            -119.20634863254828,
                            40.77446364948247
                        ],
                        [
                            -119.20634726997568,
                            40.77446378533858
                        ],
                        [
                            -119.20584544645268,
                            40.774522268720716
                        ],
                        [
                            -119.20584408148524,
                            40.77452245099744
                        ],
                        [
                            -119.20534610314574,
                            40.77459745296526
                        ],
                        [
                            -119.20534473521046,
                            40.7745976826386
                        ],
                        [
                            -119.20488611100583,
                            40.774682656916426
                        ],
                        [
                            -119.20465161728062,
                            40.77401982753555
                        ],
                        [
                            -119.20513971149303,
                            40.77392939309066
                        ],
                        [
                            -119.20567968689099,
                            40.77384806586001
                        ],
                        [
                            -119.20622384486258,
                            40.77378464876507
                        ],
                        [
                            -119.20677114679842,
                            40.77373926362823
                        ],
                        [
                            -119.20732054806355,
                            40.773711997628666
                        ],
                        [
                            -119.20782985541243,
                            40.77370358292438
                        ]
                    ],
                    [
                        [
                            -119.20780813845322,
                            40.774699216614835
                        ],
                        [
                            -119.20770120087496,
                            40.775158440564525
                        ],
                        [
                            -119.20740691394617,
                            40.77516330273176
                        ],
                        [
                            -119.20740555420123,
                            40.775163347693315
                        ],
                        [
                            -119.2069430296401,
                            40.77518630212849
                        ],
                        [
                            -119.20694166882325,
                            40.775186392294344
                        ],
                        [
                            -119.20648090618683,
                            40.77522460115075
                        ],
                        [
                            -119.20647954361341,
                            40.77522473700697
                        ],
                        [
                            -119.20602141967682,
                            40.7752781275781
                        ],
                        [
                            -119.20602005470798,
                            40.775278309855075
                        ],
                        [
                            -119.20556544123077,
                            40.775346780545384
                        ],
                        [
                            -119.2055640732933,
                            40.77534701021922
                        ],
                        [
                            -119.20514839648757,
                            40.77542402721863
                        ],
                        [
                            -119.20491389751109,
                            40.774761198318345
                        ],
                        [
                            -119.2053590446368,
                            40.774678721085024
                        ],
                        [
                            -119.20585565611435,
                            40.774603924984255
                        ],
                        [
                            -119.20635611547232,
                            40.774545600584275
                        ],
                        [
                            -119.20685946721785,
                            40.77450386002114
                        ],
                        [
                            -119.20736475030922,
                            40.77447878354226
                        ],
                        [
                            -119.20751443471781,
                            40.774476310477525
                        ],
                        [
                            -119.20751453160686,
                            40.77447686781642
                        ],
                        [
                            -119.20752136612768,
                            40.77450021427366
                        ],
                        [
                            -119.20753086158187,
                            40.774523020799116
                        ],
                        [
                            -119.20754294570573,
                            40.77454511382073
                        ],
                        [
                            -119.2075575265339,
                            40.77456632519646
                        ],
                        [
                            -119.20757449309914,
                            40.77458649349401
                        ],
                        [
                            -119.20759371627693,
                            40.77460546521944
                        ],
                        [
                            -119.20761504976802,
                            40.77462309598539
                        ],
                        [
                            -119.2076383312119,
                            40.774639251609955
                        ],
                        [
                            -119.20766338342251,
                            40.77465380913797
                        ],
                        [
                            -119.20769001573663,
                            40.77466665777676
                        ],
                        [
                            -119.20771802546503,
                            40.774677699739414
                        ],
                        [
                            -119.20774719943499,
                            40.77468685098901
                        ],
                        [
                            -119.20777731561293,
                            40.77469404187822
                        ],
                        [
                            -119.20780813845322,
                            40.774699216614835
                        ]
                    ],
                    [
                        [
                            -119.20768196190095,
                            40.77524105883383
                        ],
                        [
                            -119.20742205217866,
                            40.776357193790105
                        ],
                        [
                            -119.20708024891067,
                            40.77637415700077
                        ],
                        [
                            -119.20707888809325,
                            40.77637424716668
                        ],
                        [
                            -119.20668640874295,
                            40.77640679362152
                        ],
                        [
                            -119.20668504616829,
                            40.77640692947791
                        ],
                        [
                            -119.20629481459284,
                            40.776452407772695
                        ],
                        [
                            -119.2062934496218,
                            40.77645259005007
                        ],
                        [
                            -119.20590620842744,
                            40.776510913640735
                        ],
                        [
                            -119.20590484048657,
                            40.776511143315346
                        ],
                        [
                            -119.20555588740035,
                            40.77657579774712
                        ],
                        [
                            -119.20517618369168,
                            40.77550256848947
                        ],
                        [
                            -119.20557838272829,
                            40.77542804866412
                        ],
                        [
                            -119.20603162934168,
                            40.775359783841246
                        ],
                        [
                            -119.2064883891121,
                            40.775306552252445
                        ],
                        [
                            -119.2069477896704,
                            40.775268456346716
                        ],
                        [
                            -119.20740895357503,
                            40.77524556943899
                        ],
                        [
                            -119.20768196190095,
                            40.77524105883383
                        ]
                    ],
                    [
                        [
                            -119.20568942964769,
                            40.77085271037575
                        ],
                        [
                            -119.20500962831508,
                            40.77093193549821
                        ],
                        [
                            -119.20500826335437,
                            40.77093211777372
                        ],
                        [
                            -119.2043043148043,
                            40.771038141289104
                        ],
                        [
                            -119.20430294687938,
                            40.77103837096008
                        ],
                        [
                            -119.2036403349012,
                            40.77116113987232
                        ],
                        [
                            -119.20340586611611,
                            40.77049830820884
                        ],
                        [
                            -119.20409794661906,
                            40.77037007944708
                        ],
                        [
                            -119.20484388775441,
                            40.77025773136994
                        ],
                        [
                            -119.20557128650884,
                            40.77017295919157
                        ],
                        [
                            -119.20568942964769,
                            40.77085271037575
                        ]
                    ],
                    [
                        [
                            -119.20555717359471,
                            40.770091757818996
                        ],
                        [
                            -119.20483367811157,
                            40.77017607510408
                        ],
                        [
                            -119.20483231315227,
                            40.77017625737933
                        ],
                        [
                            -119.20408500516506,
                            40.770288811321485
                        ],
                        [
                            -119.2040836372423,
                            40.77028904099196
                        ],
                        [
                            -119.20337808307391,
                            40.77041976615613
                        ],
                        [
                            -119.20314361953871,
                            40.76975693401217
                        ],
                        [
                            -119.20387864191946,
                            40.769620749065375
                        ],
                        [
                            -119.20466794155054,
                            40.76950187070901
                        ],
                        [
                            -119.20543903316545,
                            40.769412006521236
                        ],
                        [
                            -119.20555717359471,
                            40.770091757818996
                        ]
                    ],
                    [
                        [
                            -119.20547451216126,
                            40.77659250868562
                        ],
                        [
                            -119.20514089844167,
                            40.77666613649165
                        ],
                        [
                            -119.20513952321342,
                            40.77666646487956
                        ],
                        [
                            -119.20476564495415,
                            40.776762561749216
                        ],
                        [
                            -119.20476426565618,
                            40.77676294195069
                        ],
                        [
                            -119.2043962774076,
                            40.776871295834624
                        ],
                        [
                            -119.20439489396776,
                            40.77687172981906
                        ],
                        [
                            -119.20403349604503,
                            40.77699213451895
                        ],
                        [
                            -119.20403210858989,
                            40.77699262450163
                        ],
                        [
                            -119.20367798877747,
                            40.77712485088513
                        ],
                        [
                            -119.20367659766868,
                            40.77712539932197
                        ],
                        [
                            -119.2033597117981,
                            40.77725703220261
                        ],
                        [
                            -119.20262407237077,
                            40.77629203357883
                        ],
                        [
                            -119.20298047283774,
                            40.776143987224
                        ],
                        [
                            -119.2033948145621,
                            40.775989274916355
                        ],
                        [
                            -119.20381770410913,
                            40.775848383882085
                        ],
                        [
                            -119.20424833430187,
                            40.77572158544187
                        ],
                        [
                            -119.20468588303885,
                            40.77560912374989
                        ],
                        [
                            -119.20509467571533,
                            40.775518904247264
                        ],
                        [
                            -119.20547451216126,
                            40.77659250868562
                        ]
                    ],
                    [
                        [
                            -119.20542492057085,
                            40.769330805111274
                        ],
                        [
                            -119.20465773191098,
                            40.76942021444274
                        ],
                        [
                            -119.2046563669531,
                            40.769420396717734
                        ],
                        [
                            -119.20386570047208,
                            40.76953948093873
                        ],
                        [
                            -119.2038643325515,
                            40.76953971060872
                        ],
                        [
                            -119.2031158370987,
                            40.769678391846305
                        ],
                        [
                            -119.20288137881302,
                            40.769015559221884
                        ],
                        [
                            -119.20365934216595,
                            40.768871418268525
                        ],
                        [
                            -119.20449199934947,
                            40.76874600978084
                        ],
                        [
                            -119.20530678285101,
                            40.76865105369992
                        ],
                        [
                            -119.20542492057085,
                            40.769330805111274
                        ]
                    ],
                    [
                        [
                            -119.20529267054636,
                            40.76856985225602
                        ],
                        [
                            -119.20448178971313,
                            40.768664353514176
                        ],
                        [
                            -119.20448042475665,
                            40.768664535788915
                        ],
                        [
                            -119.20364640072512,
                            40.76879015014084
                        ],
                        [
                            -119.20364503280675,
                            40.768790379810326
                        ],
                        [
                            -119.20285359692976,
                            40.76893701695128
                        ],
                        [
                            -119.20271279851714,
                            40.76853896084049
                        ],
                        [
                            -119.20351836636479,
                            40.76838970539419
                        ],
                        [
                            -119.20437889576247,
                            40.76826009904306
                        ],
                        [
                            -119.20522176636372,
                            40.768161869666834
                        ],
                        [
                            -119.20529267054636,
                            40.76856985225602
                        ]
                    ],
                    [
                        [
                            -119.20520765429488,
                            40.76808066819537
                        ],
                        [
                            -119.20436868612808,
                            40.76817844277616
                        ],
                        [
                            -119.20436732117251,
                            40.76817862505073
                        ],
                        [
                            -119.20350542492808,
                            40.76830843726585
                        ],
                        [
                            -119.2035040570111,
                            40.76830866693502
                        ],
                        [
                            -119.2026850170877,
                            40.768460418484764
                        ],
                        [
                            -119.20253485534451,
                            40.768035884491795
                        ],
                        [
                            -119.20336956079207,
                            40.76788123050738
                        ],
                        [
                            -119.20425951043708,
                            40.76774719314453
                        ],
                        [
                            -119.20513202812788,
                            40.76764550867164
                        ],
                        [
                            -119.20520765429488,
                            40.76808066819537
                        ]
                    ],
                    [
                        [
                            -119.20506702134168,
                            40.77544073810361
                        ],
                        [
                            -119.20466745835448,
                            40.77552892063731
                        ],
                        [
                            -119.20466608313265,
                            40.77552924902312
                        ],
                        [
                            -119.20422715665585,
                            40.77564206483098
                        ],
                        [
                            -119.20422577736612,
                            40.775642445029334
                        ],
                        [
                            -119.20379376529553,
                            40.77576965036149
                        ],
                        [
                            -119.20379238186587,
                            40.77577008434149
                        ],
                        [
                            -119.2033681063249,
                            40.775911437137275
                        ],
                        [
                            -119.20336671888197,
                            40.775911927113896
                        ],
                        [
                            -119.20295098728678,
                            40.77606715838961
                        ],
                        [
                            -119.20294959619228,
                            40.77606770681843
                        ],
                        [
                            -119.20257248200717,
                            40.77622435751233
                        ],
                        [
                            -119.2021173616953,
                            40.775627321043515
                        ],
                        [
                            -119.20251253003299,
                            40.77546317127635
                        ],
                        [
                            -119.20296652913039,
                            40.77529365160939
                        ],
                        [
                            -119.20342989075344,
                            40.77513927710385
                        ],
                        [
                            -119.20390173072624,
                            40.77500034472933
                        ],
                        [
                            -119.20438114855041,
                            40.77487712172082
                        ],
                        [
                            -119.20483238964317,
                            40.77477753405462
                        ],
                        [
                            -119.20506702134168,
                            40.77544073810361
                        ]
                    ],
                    [
                        [
                            -119.2048047359339,
                            40.77469936776228
                        ],
                        [
                            -119.20436272388402,
                            40.77479691860414
                        ],
                        [
                            -119.20436134866634,
                            40.77479724698859
                        ],
                        [
                            -119.2038805531072,
                            40.77492082411128
                        ],
                        [
                            -119.20387917382277,
                            40.77492120430762
                        ],
                        [
                            -119.20340595197786,
                            40.775060543571726
                        ],
                        [
                            -119.20340456855473,
                            40.77506097754887
                        ],
                        [
                            -119.2029398209453,
                            40.775215813812466
                        ],
                        [
                            -119.20293843351024,
                            40.77521630378519
                        ],
                        [
                            -119.2024830445501,
                            40.77538634241589
                        ],
                        [
                            -119.2024816534648,
                            40.77538689083955
                        ],
                        [
                            -119.20206577239063,
                            40.7755596445118
                        ],
                        [
                            -119.2016106613184,
                            40.77496260622595
                        ],
                        [
                            -119.20204459681857,
                            40.774782353438745
                        ],
                        [
                            -119.20253825266768,
                            40.77459802671902
                        ],
                        [
                            -119.20304208567607,
                            40.77443016902748
                        ],
                        [
                            -119.2035551346764,
                            40.77427910297975
                        ],
                        [
                            -119.20407642077684,
                            40.77414511889023
                        ],
                        [
                            -119.20457010949666,
                            40.77403616325228
                        ],
                        [
                            -119.2048047359339,
                            40.77469936776228
                        ]
                    ],
                    [
                        [
                            -119.20454245637971,
                            40.773957996827164
                        ],
                        [
                            -119.20405799612861,
                            40.7740649157694
                        ],
                        [
                            -119.20405662091508,
                            40.7740652441525
                        ],
                        [
                            -119.20353395708403,
                            40.77419958235463
                        ],
                        [
                            -119.20353257780489,
                            40.774199962548956
                        ],
                        [
                            -119.20301814693872,
                            40.77435143548377
                        ],
                        [
                            -119.20301676352216,
                            40.77435186945806
                        ],
                        [
                            -119.20251154453443,
                            40.77452018890436
                        ],
                        [
                            -119.20251015710723,
                            40.77452067887319
                        ],
                        [
                            -119.20201511140411,
                            40.77470552455208
                        ],
                        [
                            -119.202013720328,
                            40.77470607297059
                        ],
                        [
                            -119.20155907291377,
                            40.77489492929504
                        ],
                        [
                            -119.20110397108074,
                            40.774297889192226
                        ],
                        [
                            -119.20157667319447,
                            40.774101533711104
                        ],
                        [
                            -119.20210998517332,
                            40.77390240024542
                        ],
                        [
                            -119.20265428887716,
                            40.77372105965291
                        ],
                        [
                            -119.20320854615126,
                            40.773557860193364
                        ],
                        [
                            -119.20377169971825,
                            40.77341311525809
                        ],
                        [
                            -119.20430783520352,
                            40.77329479185616
                        ],
                        [
                            -119.20454245637971,
                            40.773957996827164
                        ]
                    ],
                    [
                        [
                            -119.20428018268184,
                            40.7732166252976
                        ],
                        [
                            -119.20375327508802,
                            40.773332912133135
                        ],
                        [
                            -119.20375189987861,
                            40.77333324051489
                        ],
                        [
                            -119.20318736858594,
                            40.773478339561066
                        ],
                        [
                            -119.20318598931212,
                            40.77347871975338
                        ],
                        [
                            -119.20263035017781,
                            40.77364232609768
                        ],
                        [
                            -119.20262896676779,
                            40.77364276006911
                        ],
                        [
                            -119.20208327709189,
                            40.77382456241302
                        ],
                        [
                            -119.20208188967254,
                            40.773825052377944
                        ],
                        [
                            -119.20154718784836,
                            40.77402470479825
                        ],
                        [
                            -119.20154579678146,
                            40.7740252532116
                        ],
                        [
                            -119.20105238357915,
                            40.77423021186086
                        ],
                        [
                            -119.20058824322034,
                            40.77362129993356
                        ],
                        [
                            -119.20110040363961,
                            40.77340855454749
                        ],
                        [
                            -119.20167407925476,
                            40.77319435024468
                        ],
                        [
                            -119.20225957563605,
                            40.772999286277916
                        ],
                        [
                            -119.202855776273,
                            40.77282373700666
                        ],
                        [
                            -119.20346154410768,
                            40.772668039309366
                        ],
                        [
                            -119.20404088345394,
                            40.772540181074845
                        ],
                        [
                            -119.20428018268184,
                            40.7732166252976
                        ]
                    ],
                    [
                        [
                            -119.20401323165164,
                            40.77246201435543
                        ],
                        [
                            -119.2034431194956,
                            40.77258783618027
                        ],
                        [
                            -119.20344174429042,
                            40.77258816456064
                        ],
                        [
                            -119.20283459873507,
                            40.77274421636709
                        ],
                        [
                            -119.20283321946663,
                            40.77274459655735
                        ],
                        [
                            -119.20223563697563,
                            40.772920552710886
                        ],
                        [
                            -119.20223425357229,
                            40.77292098667941
                        ],
                        [
                            -119.2016473712261,
                            40.77311651239422
                        ],
                        [
                            -119.20164598381474,
                            40.77311700235518
                        ],
                        [
                            -119.20107091836313,
                            40.77333172560797
                        ],
                        [
                            -119.2010695273056,
                            40.77333227401606
                        ],
                        [
                            -119.2005366567514,
                            40.77355362214746
                        ],
                        [
                            -119.1997106254146,
                            40.7724699058359
                        ],
                        [
                            -119.20028993267503,
                            40.77222926971528
                        ],
                        [
                            -119.2009322958036,
                            40.7719894192801
                        ],
                        [
                            -119.20158789036122,
                            40.77177100217984
                        ],
                        [
                            -119.20225546650612,
                            40.771574437184455
                        ],
                        [
                            -119.20293375142738,
                            40.7714001011371
                        ],
                        [
                            -119.20358661117163,
                            40.77125601743436
                        ],
                        [
                            -119.20401323165164,
                            40.77246201435543
                        ]
                    ],
                    [
                        [
                            -119.20355896018044,
                            40.77117785053236
                        ],
                        [
                            -119.2029153268467,
                            40.77131989800081
                        ],
                        [
                            -119.2029139516487,
                            40.77132022637884
                        ],
                        [
                            -119.20223428901471,
                            40.77149491653254
                        ],
                        [
                            -119.20223290975545,
                            40.771495296719316
                        ],
                        [
                            -119.20158229913376,
                            40.77168686628757
                        ],
                        [
                            -119.2012349364091,
                            40.77105163776394
                        ],
                        [
                            -119.20190890619713,
                            40.770853190510046
                        ],
                        [
                            -119.20262905554632,
                            40.77066809449954
                        ],
                        [
                            -119.20332435873084,
                            40.77051464383284
                        ],
                        [
                            -119.20355896018044,
                            40.77117785053236
                        ]
                    ],
                    [
                        [
                            -119.20329670842709,
                            40.77043647677706
                        ],
                        [
                            -119.20261063098363,
                            40.77058789135915
                        ],
                        [
                            -119.20260925578977,
                            40.77058821973582
                        ],
                        [
                            -119.2018877287327,
                            40.770773669850975
                        ],
                        [
                            -119.20188634947874,
                            40.77077405003574
                        ],
                        [
                            -119.20119453374572,
                            40.77097775194472
                        ],
                        [
                            -119.20084717849488,
                            40.77034252236779
                        ],
                        [
                            -119.20156235341165,
                            40.77013194279895
                        ],
                        [
                            -119.20232436637876,
                            40.7699360870606
                        ],
                        [
                            -119.20306211223735,
                            40.76977326961664
                        ],
                        [
                            -119.20329670842709,
                            40.77043647677706
                        ]
                    ],
                    [
                        [
                            -119.2032823336352,
                            40.7772912629632
                        ],
                        [
                            -119.20299147891166,
                            40.77742489817584
                        ],
                        [
                            -119.20299008272681,
                            40.77742557180068
                        ],
                        [
                            -119.20266177918407,
                            40.77759166589213
                        ],
                        [
                            -119.20266038226565,
                            40.77759240666493
                        ],
                        [
                            -119.20234195691084,
                            40.777769185920604
                        ],
                        [
                            -119.20234056100597,
                            40.777769997110845
                        ],
                        [
                            -119.20203261990996,
                            40.77795712510529
                        ],
                        [
                            -119.20203122724283,
                            40.77795801011158
                        ],
                        [
                            -119.20176417555791,
                            40.77813533104754
                        ],
                        [
                            -119.20052877103542,
                            40.77748035630007
                        ],
                        [
                            -119.20071685768761,
                            40.77734403298618
                        ],
                        [
                            -119.20106399216579,
                            40.777113539881334
                        ],
                        [
                            -119.20142411803162,
                            40.77689470249805
                        ],
                        [
                            -119.20179654966384,
                            40.776687942346506
                        ],
                        [
                            -119.2021805775343,
                            40.77649365770709
                        ],
                        [
                            -119.202546230962,
                            40.776325656661776
                        ],
                        [
                            -119.2032823336352,
                            40.7772912629632
                        ]
                    ],
                    [
                        [
                            -119.20303446252578,
                            40.76969510242812
                        ],
                        [
                            -119.20230594183386,
                            40.769855883916144
                        ],
                        [
                            -119.20230456664412,
                            40.76985621229146
                        ],
                        [
                            -119.20154117597416,
                            40.770052422132714
                        ],
                        [
                            -119.2015397967255,
                            40.77005280231547
                        ],
                        [
                            -119.20080677663408,
                            40.77026863630404
                        ],
                        [
                            -119.20045942885683,
                            40.76963340567382
                        ],
                        [
                            -119.20121580814944,
                            40.76941069405116
                        ],
                        [
                            -119.20201968392355,
                            40.76920407882048
                        ],
                        [
                            -119.20279987159556,
                            40.769031894806844
                        ],
                        [
                            -119.20303446252578,
                            40.76969510242812
                        ]
                    ],
                    [
                        [
                            -119.20277222241671,
                            40.76895372749868
                        ],
                        [
                            -119.20200125939701,
                            40.769123875671816
                        ],
                        [
                            -119.20199988421142,
                            40.76912420404579
                        ],
                        [
                            -119.20119463073873,
                            40.769331173377836
                        ],
                        [
                            -119.20119325149537,
                            40.76933155355857
                        ],
                        [
                            -119.20041902773677,
                            40.76955951938375
                        ],
                        [
                            -119.20021016552029,
                            40.7691775442809
                        ],
                        [
                            -119.20099303302469,
                            40.76894703359452
                        ],
                        [
                            -119.20182382017619,
                            40.768733501671434
                        ],
                        [
                            -119.20263129136937,
                            40.76855529641162
                        ],
                        [
                            -119.20277222241671,
                            40.76895372749868
                        ]
                    ],
                    [
                        [
                            -119.20260364262357,
                            40.76847712900657
                        ],
                        [
                            -119.20180539566088,
                            40.76865329852021
                        ],
                        [
                            -119.20180402047795,
                            40.768653626893304
                        ],
                        [
                            -119.2009718556313,
                            40.76886751291659
                        ],
                        [
                            -119.20097047639135,
                            40.768867893096036
                        ],
                        [
                            -119.2001697650045,
                            40.769103657807605
                        ],
                        [
                            -119.19994705802583,
                            40.76869635664524
                        ],
                        [
                            -119.20075788487695,
                            40.768457613758876
                        ],
                        [
                            -119.20161707811857,
                            40.7682367809883
                        ],
                        [
                            -119.20245334825208,
                            40.76805222004982
                        ],
                        [
                            -119.20260364262357,
                            40.76847712900657
                        ]
                    ],
                    [
                        [
                            -119.20249510399519,
                            40.776258588004175
                        ],
                        [
                            -119.20214551767806,
                            40.7764192069462
                        ],
                        [
                            -119.20214412151161,
                            40.77641988055802
                        ],
                        [
                            -119.20175869633682,
                            40.776614872111665
                        ],
                        [
                            -119.20175729943865,
                            40.77661561286837
                        ],
                        [
                            -119.20138347057483,
                            40.77682314871079
                        ],
                        [
                            -119.20138207469185,
                            40.7768239598815
                        ],
                        [
                            -119.20102055364696,
                            40.77704364507206
                        ],
                        [
                            -119.20101916100305,
                            40.777044530055015
                        ],
                        [
                            -119.20067063588363,
                            40.777275946528874
                        ],
                        [
                            -119.20066924923722,
                            40.777276908800644
                        ],
                        [
                            -119.20044778814,
                            40.77743742157665
                        ],
                        [
                            -119.1999384338965,
                            40.7771673771006
                        ],
                        [
                            -119.19995539001434,
                            40.777147222005
                        ],
                        [
                            -119.19996997140895,
                            40.77712601062927
                        ],
                        [
                            -119.19998205600227,
                            40.77710391760766
                        ],
                        [
                            -119.19999155182536,
                            40.77708111108219
                        ],
                        [
                            -119.19999838661168,
                            40.77705776462495
                        ],
                        [
                            -119.20000250834707,
                            40.77703405591704
                        ],
                        [
                            -119.20000388566547,
                            40.77701016539633
                        ],
                        [
                            -119.20000250808769,
                            40.77698627488422
                        ],
                        [
                            -119.1999983861008,
                            40.776962566201824
                        ],
                        [
                            -119.19999155107854,
                            40.776939219786236
                        ],
                        [
                            -119.19998205504218,
                            40.77691641331731
                        ],
                        [
                            -119.19996997026476,
                            40.776894320365415
                        ],
                        [
                            -119.19995538872082,
                            40.77687310907043
                        ],
                        [
                            -119.19993842138639,
                            40.77685294086221
                        ],
                        [
                            -119.19993440727198,
                            40.77684897944284
                        ],
                        [
                            -119.20003217860813,
                            40.77677811630342
                        ],
                        [
                            -119.20041256174981,
                            40.776525548173645
                        ],
                        [
                            -119.20080717559053,
                            40.776285754902574
                        ],
                        [
                            -119.20121526887282,
                            40.776059197867305
                        ],
                        [
                            -119.20163606420329,
                            40.77584631300946
                        ],
                        [
                            -119.20203952051412,
                            40.77566094394019
                        ],
                        [
                            -119.20249510399519,
                            40.776258588004175
                        ]
                    ],
                    [
                        [
                            -119.20198839451102,
                            40.7755938748118
                        ],
                        [
                            -119.20160100445621,
                            40.77577186219724
                        ],
                        [
                            -119.20159960830159,
                            40.77577253580067
                        ],
                        [
                            -119.20117741567921,
                            40.77598612756343
                        ],
                        [
                            -119.20117601879407,
                            40.77598686830977
                        ],
                        [
                            -119.2007665282939,
                            40.77621420102442
                        ],
                        [
                            -119.20076513242502,
                            40.776215012182554
                        ],
                        [
                            -119.20036912341983,
                            40.77645565324713
                        ],
                        [
                            -119.20036773079087,
                            40.776456538215065
                        ],
                        [
                            -119.19998595702305,
                            40.776710029697654
                        ],
                        [
                            -119.19998457039217,
                            40.776710991951745
                        ],
                        [
                            -119.19986732697387,
                            40.77679596815259
                        ],
                        [
                            -119.19984952760971,
                            40.776785625605086
                        ],
                        [
                            -119.19982289437095,
                            40.776772777055626
                        ],
                        [
                            -119.19979488370375,
                            40.776761735173714
                        ],
                        [
                            -119.19976570878447,
                            40.77675258399381
                        ],
                        [
                            -119.19973559164978,
                            40.77674539316114
                        ],
                        [
                            -119.19970476150684,
                            40.77674021740164
                        ],
                        [
                            -119.19967345298892,
                            40.77673709610546
                        ],
                        [
                            -119.19964190436993,
                            40.77673605302727
                        ],
                        [
                            -119.19961035575095,
                            40.77673709610546
                        ],
                        [
                            -119.19957904723303,
                            40.77674021740164
                        ],
                        [
                            -119.19954821709005,
                            40.77674539316114
                        ],
                        [
                            -119.19951809995538,
                            40.77675258399381
                        ],
                        [
                            -119.19948892503612,
                            40.776761735173714
                        ],
                        [
                            -119.19946091436891,
                            40.776772777055626
                        ],
                        [
                            -119.19943428113015,
                            40.776785625605086
                        ],
                        [
                            -119.19942257334351,
                            40.7767924285638
                        ],
                        [
                            -119.19899439776711,
                            40.77646812472168
                        ],
                        [
                            -119.19934751119342,
                            40.77621219557436
                        ],
                        [
                            -119.19976114286555,
                            40.775937552802766
                        ],
                        [
                            -119.20019024445949,
                            40.77567680402169
                        ],
                        [
                            -119.20063399908439,
                            40.77543045047152
                        ],
                        [
                            -119.20109156148366,
                            40.77519896575264
                        ],
                        [
                            -119.20153282030151,
                            40.77499622895846
                        ],
                        [
                            -119.20198839451102,
                            40.7755938748118
                        ]
                    ],
                    [
                        [
                            -119.20152906784793,
                            40.77170386355192
                        ],
                        [
                            -119.20090558786485,
                            40.77191158139885
                        ],
                        [
                            -119.20090420046711,
                            40.77191207135306
                        ],
                        [
                            -119.20026044751667,
                            40.77215244073052
                        ],
                        [
                            -119.20025905647508,
                            40.77215298912968
                        ],
                        [
                            -119.19965904017477,
                            40.77240222749535
                        ],
                        [
                            -119.19920397298553,
                            40.77180518057963
                        ],
                        [
                            -119.19982204501076,
                            40.771548442900894
                        ],
                        [
                            -119.20050406193714,
                            40.77129378687
                        ],
                        [
                            -119.20118142273363,
                            40.77106811861724
                        ],
                        [
                            -119.20152906784793,
                            40.77170386355192
                        ]
                    ],
                    [
                        [
                            -119.2014816951665,
                            40.77492915940319
                        ],
                        [
                            -119.2010565018459,
                            40.77512451488901
                        ],
                        [
                            -119.20105510570312,
                            40.77512518848406
                        ],
                        [
                            -119.2005961460242,
                            40.77535738009863
                        ],
                        [
                            -119.20059474915209,
                            40.77535812083462
                        ],
                        [
                            -119.20014959732302,
                            40.77560525005267
                        ],
                        [
                            -119.20014820146824,
                            40.775606061198225
                        ],
                        [
                            -119.19971770472412,
                            40.7758676577592
                        ],
                        [
                            -119.1997163121101,
                            40.775868542712104
                        ],
                        [
                            -119.19930128982749,
                            40.77614410881995
                        ],
                        [
                            -119.19929990321216,
                            40.77614507105637
                        ],
                        [
                            -119.1989258306449,
                            40.77641619094602
                        ],
                        [
                            -119.1982777957802,
                            40.775925351770354
                        ],
                        [
                            -119.19866285544363,
                            40.775646270798894
                        ],
                        [
                            -119.19910973551195,
                            40.77534955376925
                        ],
                        [
                            -119.19957332463832,
                            40.77506784985541
                        ],
                        [
                            -119.20005274029809,
                            40.77480170015937
                        ],
                        [
                            -119.20054706937545,
                            40.77455161593649
                        ],
                        [
                            -119.2010261302281,
                            40.774331511760565
                        ],
                        [
                            -119.2014816951665,
                            40.77492915940319
                        ]
                    ],
                    [
                        [
                            -119.20114130253893,
                            40.77099474913756
                        ],
                        [
                            -119.2004773540502,
                            40.77121594897101
                        ],
                        [
                            -119.2004759666603,
                            40.77121643892132
                        ],
                        [
                            -119.19979255992092,
                            40.77147161388988
                        ],
                        [
                            -119.19979116888854,
                            40.771472162283885
                        ],
                        [
                            -119.19915238885564,
                            40.77173750175272
                        ],
                        [
                            -119.19869733090387,
                            40.77114045302044
                        ],
                        [
                            -119.19935416693515,
                            40.77086761419677
                        ],
                        [
                            -119.20007583703699,
                            40.770598152877064
                        ],
                        [
                            -119.20079366491902,
                            40.770359003175194
                        ],
                        [
                            -119.20114130253893,
                            40.77099474913756
                        ]
                    ],
                    [
                        [
                            -119.20112889068987,
                            40.77861812630218
                        ],
                        [
                            -119.20091157793205,
                            40.778805738702765
                        ],
                        [
                            -119.20091023200487,
                            40.778806953454115
                        ],
                        [
                            -119.2006630672574,
                            40.77904011380504
                        ],
                        [
                            -119.20066174481597,
                            40.779041418992314
                        ],
                        [
                            -119.20042824446074,
                            40.77928252082503
                        ],
                        [
                            -119.20042695170977,
                            40.77928391900111
                        ],
                        [
                            -119.20020756029783,
                            40.77953250344847
                        ],
                        [
                            -119.20020630421378,
                            40.779533996591134
                        ],
                        [
                            -119.2000211512893,
                            40.779764997608844
                        ],
                        [
                            -119.19873560710863,
                            40.7792028494529
                        ],
                        [
                            -119.19894191842322,
                            40.778945457250536
                        ],
                        [
                            -119.1991982111972,
                            40.77865506769229
                        ],
                        [
                            -119.19947103409565,
                            40.7783733687511
                        ],
                        [
                            -119.19975987179285,
                            40.77810090139705
                        ],
                        [
                            -119.20006417768151,
                            40.777838189346845
                        ],
                        [
                            -119.20026254648091,
                            40.777681300515425
                        ],
                        [
                            -119.20112889068987,
                            40.77861812630218
                        ]
                    ],
                    [
                        [
                            -119.20097500596601,
                            40.77426444177625
                        ],
                        [
                            -119.20051200984668,
                            40.774477165021615
                        ],
                        [
                            -119.20051061371574,
                            40.77447783860828
                        ],
                        [
                            -119.20001488737145,
                            40.77472862971739
                        ],
                        [
                            -119.20001349051238,
                            40.77472937044302
                        ],
                        [
                            -119.19953267766184,
                            40.77499629579561
                        ],
                        [
                            -119.19953128182114,
                            40.77499710692859
                        ],
                        [
                            -119.19906629755945,
                            40.77527965860839
                        ],
                        [
                            -119.19906490496038,
                            40.77528054354628
                        ],
                        [
                            -119.19861663429673,
                            40.775578183895945
                        ],
                        [
                            -119.19861524769695,
                            40.77557914611469
                        ],
                        [
                            -119.19820922944363,
                            40.775873417312965
                        ],
                        [
                            -119.19754840935907,
                            40.77537288188926
                        ],
                        [
                            -119.19796598567692,
                            40.775070236068686
                        ],
                        [
                            -119.19844670772603,
                            40.774751050991306
                        ],
                        [
                            -119.19894540000548,
                            40.77444801813406
                        ],
                        [
                            -119.19946111318892,
                            40.77416171916811
                        ],
                        [
                            -119.19999286509042,
                            40.773892703674186
                        ],
                        [
                            -119.20051040253286,
                            40.773654922335524
                        ],
                        [
                            -119.20097500596601,
                            40.77426444177625
                        ]
                    ],
                    [
                        [
                            -119.20075354550633,
                            40.77028563342536
                        ],
                        [
                            -119.20004912920203,
                            40.77052031496029
                        ],
                        [
                            -119.20004774182,
                            40.7705208049067
                        ],
                        [
                            -119.19932468191351,
                            40.77079078515963
                        ],
                        [
                            -119.19932329089032,
                            40.77079133354848
                        ],
                        [
                            -119.19864574767385,
                            40.7710727737944
                        ],
                        [
                            -119.19819069895915,
                            40.77047572324562
                        ],
                        [
                            -119.19888629844753,
                            40.7701867836031
                        ],
                        [
                            -119.19964762110315,
                            40.769902517301254
                        ],
                        [
                            -119.20040591538056,
                            40.769649886435325
                        ],
                        [
                            -119.20075354550633,
                            40.77028563342536
                        ]
                    ],
                    [
                        [
                            -119.20045927934362,
                            40.773587851829795
                        ],
                        [
                            -119.19995780567264,
                            40.77381825270713
                        ],
                        [
                            -119.19995640955372,
                            40.773818926285266
                        ],
                        [
                            -119.19942326039812,
                            40.77408864865584
                        ],
                        [
                            -119.19942186355232,
                            40.77408938937093
                        ],
                        [
                            -119.19890475319211,
                            40.77437646398171
                        ],
                        [
                            -119.19890335736577,
                            40.77437727510189
                        ],
                        [
                            -119.19840326996543,
                            40.77468115571133
                        ],
                        [
                            -119.19840187738156,
                            40.77468204063392
                        ],
                        [
                            -119.197919764753,
                            40.77500214901449
                        ],
                        [
                            -119.19791837816904,
                            40.77500311121525
                        ],
                        [
                            -119.19747984392313,
                            40.7753209466648
                        ],
                        [
                            -119.19630720089457,
                            40.77443270315198
                        ],
                        [
                            -119.19678011227536,
                            40.77408995680349
                        ],
                        [
                            -119.19731842474417,
                            40.773732537541235
                        ],
                        [
                            -119.19787685344191,
                            40.773393208959675
                        ],
                        [
                            -119.19845433536305,
                            40.77307262176376
                        ],
                        [
                            -119.19904977078757,
                            40.77277139074744
                        ],
                        [
                            -119.19963278492995,
                            40.772503527982025
                        ],
                        [
                            -119.20045927934362,
                            40.773587851829795
                        ]
                    ],
                    [
                        [
                            -119.20036579667132,
                            40.76957651644153
                        ],
                        [
                            -119.19962091331999,
                            40.76982467936676
                        ],
                        [
                            -119.19961952594582,
                            40.76982516930927
                        ],
                        [
                            -119.19885681349409,
                            40.77010995453985
                        ],
                        [
                            -119.1988554224801,
                            40.770110502923536
                        ],
                        [
                            -119.19813911656809,
                            40.77040804364576
                        ],
                        [
                            -119.19786501224497,
                            40.770048395834436
                        ],
                        [
                            -119.19858553091109,
                            40.769749105795185
                        ],
                        [
                            -119.19937234416578,
                            40.76945532216675
                        ],
                        [
                            -119.20015665212833,
                            40.76919402500933
                        ],
                        [
                            -119.20036579667132,
                            40.76957651644153
                        ]
                    ],
                    [
                        [
                            -119.20020650955344,
                            40.77762070469436
                        ],
                        [
                            -119.20001243708526,
                            40.777774195580186
                        ],
                        [
                            -119.20001107313537,
                            40.7777753228323
                        ],
                        [
                            -119.19970541105799,
                            40.77803920570152
                        ],
                        [
                            -119.19970406515431,
                            40.77804042041175
                        ],
                        [
                            -119.19941389194199,
                            40.77831414758843
                        ],
                        [
                            -119.19941256952241,
                            40.77831545272994
                        ],
                        [
                            -119.19913843760554,
                            40.778598503277266
                        ],
                        [
                            -119.19913714487386,
                            40.77859990140311
                        ],
                        [
                            -119.1988795761744,
                            40.77889173663393
                        ],
                        [
                            -119.1988783201062,
                            40.778893229722264
                        ],
                        [
                            -119.19865751720248,
                            40.77916870150524
                        ],
                        [
                            -119.19785787809683,
                            40.778819019065175
                        ],
                        [
                            -119.1980871372037,
                            40.778533002050025
                        ],
                        [
                            -119.19836800437412,
                            40.77821477332961
                        ],
                        [
                            -119.19866698132658,
                            40.777906073357016
                        ],
                        [
                            -119.19898350292992,
                            40.7776074944774
                        ],
                        [
                            -119.19931696986436,
                            40.777319610088725
                        ],
                        [
                            -119.19942853988097,
                            40.777231370723186
                        ],
                        [
                            -119.19943427972662,
                            40.77723470594653
                        ],
                        [
                            -119.19946091307538,
                            40.77724755458532
                        ],
                        [
                            -119.19948892389193,
                            40.77725859654799
                        ],
                        [
                            -119.19951809899528,
                            40.777267747797595
                        ],
                        [
                            -119.19954821634327,
                            40.777274938686816
                        ],
                        [
                            -119.19957904672216,
                            40.77728011448798
                        ],
                        [
                            -119.19961035549157,
                            40.777283235809676
                        ],
                        [
                            -119.19964190436993,
                            40.77728427889644
                        ],
                        [
                            -119.1996734532483,
                            40.777283235809676
                        ],
                        [
                            -119.19970476201767,
                            40.77728011448798
                        ],
                        [
                            -119.19973559239659,
                            40.777274938686816
                        ],
                        [
                            -119.19976570974458,
                            40.777267747797595
                        ],
                        [
                            -119.19979488484793,
                            40.77725859654799
                        ],
                        [
                            -119.19982289566448,
                            40.77724755458532
                        ],
                        [
                            -119.19984952901325,
                            40.77723470594653
                        ],
                        [
                            -119.19984954345233,
                            40.77723469755649
                        ],
                        [
                            -119.20020650955344,
                            40.77762070469436
                        ]
                    ],
                    [
                        [
                            -119.20011653399152,
                            40.76912065481863
                        ],
                        [
                            -119.199345636416,
                            40.76937748422081
                        ],
                        [
                            -119.19934424904687,
                            40.769377974160825
                        ],
                        [
                            -119.19855604600157,
                            40.769672276715106
                        ],
                        [
                            -119.1985546549935,
                            40.769672825095476
                        ],
                        [
                            -119.19781343054089,
                            40.76998071593294
                        ],
                        [
                            -119.19752123648733,
                            40.76959732696904
                        ],
                        [
                            -119.19826805836547,
                            40.76928711170638
                        ],
                        [
                            -119.19908177808476,
                            40.76898328214855
                        ],
                        [
                            -119.19989354469939,
                            40.76871283734289
                        ],
                        [
                            -119.20011653399152,
                            40.76912065481863
                        ]
                    ],
                    [
                        [
                            -119.19997024743681,
                            40.779832550958496
                        ],
                        [
                            -119.19981027974734,
                            40.78005329687195
                        ],
                        [
                            -119.19980912087483,
                            40.780054982718504
                        ],
                        [
                            -119.19963445129096,
                            40.78032312387043
                        ],
                        [
                            -119.19963335426122,
                            40.78032490541712
                        ],
                        [
                            -119.19947429574901,
                            40.78059856037838
                        ],
                        [
                            -119.1994732700507,
                            40.780600435531646
                        ],
                        [
                            -119.19933012554408,
                            40.780879083449356
                        ],
                        [
                            -119.19932918094358,
                            40.78088104866776
                        ],
                        [
                            -119.19920222309754,
                            40.78116415917925
                        ],
                        [
                            -119.19920136940712,
                            40.78116620934713
                        ],
                        [
                            -119.1991033377171,
                            40.78142078839804
                        ],
                        [
                            -119.19766410617763,
                            40.781128651419415
                        ],
                        [
                            -119.19777598230645,
                            40.7808381368339
                        ],
                        [
                            -119.19792413662442,
                            40.78050777563935
                        ],
                        [
                            -119.19809120756268,
                            40.780182566041965
                        ],
                        [
                            -119.19827688480272,
                            40.77986312635326
                        ],
                        [
                            -119.19848082231557,
                            40.77955006523457
                        ],
                        [
                            -119.19868378254967,
                            40.779270000192156
                        ],
                        [
                            -119.19997024743681,
                            40.779832550958496
                        ]
                    ],
                    [
                        [
                            -119.19958166292378,
                            40.77243645688424
                        ],
                        [
                            -119.19901471155897,
                            40.77269693969142
                        ],
                        [
                            -119.19901331546056,
                            40.77269761325504
                        ],
                        [
                            -119.1984164828033,
                            40.77299955113195
                        ],
                        [
                            -119.19841508598006,
                            40.7730002918291
                        ],
                        [
                            -119.19785065571,
                            40.77331363344369
                        ],
                        [
                            -119.19729480270054,
                            40.772764908658644
                        ],
                        [
                            -119.19787311783168,
                            40.772443860515864
                        ],
                        [
                            -119.19850531846721,
                            40.77212403133543
                        ],
                        [
                            -119.19912613274876,
                            40.77183880253245
                        ],
                        [
                            -119.19958166292378,
                            40.77243645688424
                        ]
                    ],
                    [
                        [
                            -119.19935935349895,
                            40.777181174610966
                        ],
                        [
                            -119.19926522955018,
                            40.7772556160942
                        ],
                        [
                            -119.19926386561599,
                            40.77725674332286
                        ],
                        [
                            -119.19892904250806,
                            40.777545798505805
                        ],
                        [
                            -119.19892769661949,
                            40.77754701318956
                        ],
                        [
                            -119.19860983951573,
                            40.77784685186383
                        ],
                        [
                            -119.19860851711019,
                            40.77784815697588
                        ],
                        [
                            -119.19830823115271,
                            40.77815820852359
                        ],
                        [
                            -119.19830693843345,
                            40.77815960661711
                        ],
                        [
                            -119.19802479534907,
                            40.7784792809763
                        ],
                        [
                            -119.19802353929109,
                            40.77848077402966
                        ],
                        [
                            -119.19777978871097,
                            40.7787848701867
                        ],
                        [
                            -119.19698015933058,
                            40.77843518189995
                        ],
                        [
                            -119.1972323665992,
                            40.7781205405423
                        ],
                        [
                            -119.19753780855636,
                            40.77777447301738
                        ],
                        [
                            -119.19786293986968,
                            40.77743877238237
                        ],
                        [
                            -119.19820714559953,
                            40.77711408235518
                        ],
                        [
                            -119.19856977371334,
                            40.77680102601099
                        ],
                        [
                            -119.1989258355377,
                            40.776519423510074
                        ],
                        [
                            -119.19935441412096,
                            40.77684403259303
                        ],
                        [
                            -119.19934538735346,
                            40.77685294086221
                        ],
                        [
                            -119.19932842001904,
                            40.77687310907043
                        ],
                        [
                            -119.1993138384751,
                            40.776894320365415
                        ],
                        [
                            -119.19930175369768,
                            40.77691641331731
                        ],
                        [
                            -119.19929225766133,
                            40.776939219786236
                        ],
                        [
                            -119.19928542263906,
                            40.776962566201824
                        ],
                        [
                            -119.19928130065217,
                            40.77698627488422
                        ],
                        [
                            -119.1992799230744,
                            40.77701016539633
                        ],
                        [
                            -119.1992813003928,
                            40.77703405591704
                        ],
                        [
                            -119.19928542212818,
                            40.77705776462495
                        ],
                        [
                            -119.1992922569145,
                            40.77708111108219
                        ],
                        [
                            -119.1993017527376,
                            40.77710391760766
                        ],
                        [
                            -119.19931383733092,
                            40.77712601062927
                        ],
                        [
                            -119.19932841872553,
                            40.777147222005
                        ],
                        [
                            -119.19934538594993,
                            40.77716739030255
                        ],
                        [
                            -119.19935935349895,
                            40.777181174610966
                        ]
                    ],
                    [
                        [
                            -119.19907501173697,
                            40.77177173094983
                        ],
                        [
                            -119.19847025934773,
                            40.77204958022811
                        ],
                        [
                            -119.19846886326116,
                            40.77205025378335
                        ],
                        [
                            -119.19783526540529,
                            40.77237078981507
                        ],
                        [
                            -119.19783386859508,
                            40.77237153050186
                        ],
                        [
                            -119.19723377878269,
                            40.77270466672707
                        ],
                        [
                            -119.19667793619236,
                            40.772155939209306
                        ],
                        [
                            -119.19729191130054,
                            40.771815096352164
                        ],
                        [
                            -119.19796087675603,
                            40.77147666936476
                        ],
                        [
                            -119.19861949083132,
                            40.771174074809146
                        ],
                        [
                            -119.19907501173697,
                            40.77177173094983
                        ]
                    ],
                    [
                        [
                            -119.19885807453937,
                            40.776468099964085
                        ],
                        [
                            -119.19851803368088,
                            40.77673703178888
                        ],
                        [
                            -119.19851666976237,
                            40.776738158994085
                        ],
                        [
                            -119.19815268549094,
                            40.77705238610724
                        ],
                        [
                            -119.19815133961751,
                            40.77705360076454
                        ],
                        [
                            -119.19780579840159,
                            40.7773795505587
                        ],
                        [
                            -119.19780447601009,
                            40.77738085564129
                        ],
                        [
                            -119.19747803570517,
                            40.77771790782042
                        ],
                        [
                            -119.19747674299833,
                            40.777719305881604
                        ],
                        [
                            -119.19717002513848,
                            40.778066819011734
                        ],
                        [
                            -119.1971687690907,
                            40.77806831203013
                        ],
                        [
                            -119.19690207036287,
                            40.77840103221804
                        ],
                        [
                            -119.19610245070763,
                            40.778051338084694
                        ],
                        [
                            -119.19637760660913,
                            40.777708072728004
                        ],
                        [
                            -119.19670762374379,
                            40.77733416675581
                        ],
                        [
                            -119.19705890972453,
                            40.77697146582749
                        ],
                        [
                            -119.19743079980202,
                            40.776620665029945
                        ],
                        [
                            -119.19782258922751,
                            40.77628243711434
                        ],
                        [
                            -119.19820923352155,
                            40.775976650186195
                        ],
                        [
                            -119.19885807453937,
                            40.776468099964085
                        ]
                    ],
                    [
                        [
                            -119.19860661246734,
                            40.77923625417969
                        ],
                        [
                            -119.19841358992026,
                            40.77950260619724
                        ],
                        [
                            -119.198412431054,
                            40.7795042919832
                        ],
                        [
                            -119.1982073638996,
                            40.77981908719603
                        ],
                        [
                            -119.19820626686997,
                            40.779820868680396
                        ],
                        [
                            -119.19801952655763,
                            40.78014213728192
                        ],
                        [
                            -119.19801850085264,
                            40.78014401237237
                        ],
                        [
                            -119.19785044306943,
                            40.78047114289901
                        ],
                        [
                            -119.19784949845493,
                            40.78047310805554
                        ],
                        [
                            -119.19770044334456,
                            40.780805477877685
                        ],
                        [
                            -119.19769958963255,
                            40.78080752798619
                        ],
                        [
                            -119.19758231936568,
                            40.78111204981164
                        ],
                        [
                            -119.19698857207747,
                            40.78099152293304
                        ],
                        [
                            -119.1969898031822,
                            40.78098444189451
                        ],
                        [
                            -119.19699118058254,
                            40.7809605513738
                        ],
                        [
                            -119.19698980292281,
                            40.78093666086169
                        ],
                        [
                            -119.19698568069077,
                            40.78091295217929
                        ],
                        [
                            -119.19697884526201,
                            40.78088960576372
                        ],
                        [
                            -119.1969693486609,
                            40.7808667992948
                        ],
                        [
                            -119.19695726316476,
                            40.7808447063429
                        ],
                        [
                            -119.19694268075362,
                            40.78082349504791
                        ],
                        [
                            -119.19692571241013,
                            40.78080332683972
                        ],
                        [
                            -119.19690648727487,
                            40.7807843552095
                        ],
                        [
                            -119.19688515166352,
                            40.780766724541756
                        ],
                        [
                            -119.19686186795322,
                            40.780750569015396
                        ],
                        [
                            -119.19683681334679,
                            40.780736011582604
                        ],
                        [
                            -119.19681017852412,
                            40.780723163033166
                        ],
                        [
                            -119.19678216619113,
                            40.78071212115125
                        ],
                        [
                            -119.19677036669005,
                            40.78070842026917
                        ],
                        [
                            -119.19680932765809,
                            40.780607252136754
                        ],
                        [
                            -119.19697170652573,
                            40.780245184061386
                        ],
                        [
                            -119.19715481455067,
                            40.77988876756129
                        ],
                        [
                            -119.19735831083977,
                            40.779538680336074
                        ],
                        [
                            -119.19758181540082,
                            40.7791955893694
                        ],
                        [
                            -119.19780605306235,
                            40.77888616929243
                        ],
                        [
                            -119.19860661246734,
                            40.77923625417969
                        ]
                    ],
                    [
                        [
                            -119.19856837068748,
                            40.77110700279975
                        ],
                        [
                            -119.19792581774566,
                            40.771402218206134
                        ],
                        [
                            -119.1979244216709,
                            40.77140289175299
                        ],
                        [
                            -119.19725405900762,
                            40.77174202558231
                        ],
                        [
                            -119.19725266221045,
                            40.77174276625875
                        ],
                        [
                            -119.19661691316318,
                            40.77209569672582
                        ],
                        [
                            -119.1960610809916,
                            40.771546966475405
                        ],
                        [
                            -119.19671071576919,
                            40.77118632927277
                        ],
                        [
                            -119.1974164456535,
                            40.77082930483562
                        ],
                        [
                            -119.1981128590508,
                            40.77050934487023
                        ],
                        [
                            -119.19856837068748,
                            40.77110700279975
                        ]
                    ],
                    [
                        [
                            -119.19814147326574,
                            40.775925325937784
                        ],
                        [
                            -119.19777084947707,
                            40.7762184426644
                        ],
                        [
                            -119.19776948557426,
                            40.77621956984615
                        ],
                        [
                            -119.1973763400064,
                            40.77655896850598
                        ],
                        [
                            -119.19737499414808,
                            40.776560183136816
                        ],
                        [
                            -119.19700176859934,
                            40.776912243673216
                        ],
                        [
                            -119.19700044622189,
                            40.77691354872635
                        ],
                        [
                            -119.1966478512628,
                            40.777277601167924
                        ],
                        [
                            -119.19664655856837,
                            40.77727899919678
                        ],
                        [
                            -119.19631526554252,
                            40.7776543507404
                        ],
                        [
                            -119.19631400950496,
                            40.77765584372383
                        ],
                        [
                            -119.19602436216005,
                            40.778017187596966
                        ],
                        [
                            -119.19520907913628,
                            40.7776606330825
                        ],
                        [
                            -119.19550759394863,
                            40.77728823294013
                        ],
                        [
                            -119.19586262550384,
                            40.77688599177301
                        ],
                        [
                            -119.19624053351477,
                            40.7764958087821
                        ],
                        [
                            -119.19664060252964,
                            40.77611843133848
                        ],
                        [
                            -119.19706207414136,
                            40.775754582752604
                        ],
                        [
                            -119.19747984706846,
                            40.775424179927334
                        ],
                        [
                            -119.19814147326574,
                            40.775925325937784
                        ]
                    ],
                    [
                        [
                            -119.1980617396787,
                            40.77044227247825
                        ],
                        [
                            -119.19738138675235,
                            40.770754853625625
                        ],
                        [
                            -119.19737999068944,
                            40.770755527164106
                        ],
                        [
                            -119.19667286360989,
                            40.771113258433786
                        ],
                        [
                            -119.19667146682576,
                            40.77111399909987
                        ],
                        [
                            -119.19600005878385,
                            40.77148672347734
                        ],
                        [
                            -119.1956645370923,
                            40.77115548232377
                        ],
                        [
                            -119.19633709587897,
                            40.770782120324895
                        ],
                        [
                            -119.19706645983256,
                            40.77041314057289
                        ],
                        [
                            -119.19778717248298,
                            40.77008201733931
                        ],
                        [
                            -119.1980617396787,
                            40.77044227247825
                        ]
                    ],
                    [
                        [
                            -119.19780182102369,
                            40.773342512134185
                        ],
                        [
                            -119.1972749873107,
                            40.773662642058135
                        ],
                        [
                            -119.19727359475273,
                            40.77366352695472
                        ],
                        [
                            -119.19673389173055,
                            40.7740218694922
                        ],
                        [
                            -119.1967325051735,
                            40.774022831662336
                        ],
                        [
                            -119.19623863650533,
                            40.774380766974375
                        ],
                        [
                            -119.19580900747589,
                            40.77405532439359
                        ],
                        [
                            -119.19581804223114,
                            40.774046407746646
                        ],
                        [
                            -119.19583500865848,
                            40.774026239449086
                        ],
                        [
                            -119.19584958936811,
                            40.77400502807336
                        ],
                        [
                            -119.19586167339375,
                            40.773982935051755
                        ],
                        [
                            -119.19587116877074,
                            40.77396012852629
                        ],
                        [
                            -119.195878003236,
                            40.77393678206904
                        ],
                        [
                            -119.19588212477778,
                            40.77391307336114
                        ],
                        [
                            -119.19588350203152,
                            40.77388918284043
                        ],
                        [
                            -119.19588212451846,
                            40.77386529232832
                        ],
                        [
                            -119.19587800272522,
                            40.77384158364592
                        ],
                        [
                            -119.19587116802404,
                            40.77381823723033
                        ],
                        [
                            -119.1958616724338,
                            40.77379543076141
                        ],
                        [
                            -119.19584958822412,
                            40.77377333780949
                        ],
                        [
                            -119.19583500736515,
                            40.77375212651451
                        ],
                        [
                            -119.1958180408278,
                            40.773731958306286
                        ],
                        [
                            -119.19581403771389,
                            40.773728007557395
                        ],
                        [
                            -119.19609550026534,
                            40.77352401685554
                        ],
                        [
                            -119.19666706062897,
                            40.77314452477309
                        ],
                        [
                            -119.197245320312,
                            40.77279314795301
                        ],
                        [
                            -119.19780182102369,
                            40.773342512134185
                        ]
                    ],
                    [
                        [
                            -119.19773605374009,
                            40.77001494464027
                        ],
                        [
                            -119.19703140100141,
                            40.77033868932999
                        ],
                        [
                            -119.1970300049461,
                            40.770339362863076
                        ],
                        [
                            -119.19629924380551,
                            40.77070904944151
                        ],
                        [
                            -119.19629784702975,
                            40.77070979010094
                        ],
                        [
                            -119.19560351556079,
                            40.77109523891264
                        ],
                        [
                            -119.1952459681592,
                            40.770742247517056
                        ],
                        [
                            -119.19594272425988,
                            40.77035545401706
                        ],
                        [
                            -119.1966970351107,
                            40.76997385492642
                        ],
                        [
                            -119.19744339683265,
                            40.769630948364
                        ],
                        [
                            -119.19773605374009,
                            40.77001494464027
                        ]
                    ],
                    [
                        [
                            -119.19772888342712,
                            40.778852422394685
                        ],
                        [
                            -119.19751458343165,
                            40.779148129728775
                        ],
                        [
                            -119.19751342456938,
                            40.77914981547573
                        ],
                        [
                            -119.19728879036902,
                            40.77949464049671
                        ],
                        [
                            -119.19728769333948,
                            40.779496421940955
                        ],
                        [
                            -119.19708313397602,
                            40.779848338038576
                        ],
                        [
                            -119.19708210826674,
                            40.779850213088594
                        ],
                        [
                            -119.1968980133901,
                            40.780208550477916
                        ],
                        [
                            -119.19689706876659,
                            40.780210515594604
                        ],
                        [
                            -119.1967337890951,
                            40.780574592258375
                        ],
                        [
                            -119.1967329353692,
                            40.78057664232867
                        ],
                        [
                            -119.19668915828699,
                            40.7806903162406
                        ],
                        [
                            -119.19666072825471,
                            40.780687482083
                        ],
                        [
                            -119.19662917775949,
                            40.78068643900483
                        ],
                        [
                            -119.19659762726428,
                            40.780687482083
                        ],
                        [
                            -119.19656631688444,
                            40.78069060337918
                        ],
                        [
                            -119.19653548490797,
                            40.78069577913869
                        ],
                        [
                            -119.19650536598219,
                            40.78070296997136
                        ],
                        [
                            -119.19647618932785,
                            40.78071212115125
                        ],
                        [
                            -119.19644817699485,
                            40.780723163033166
                        ],
                        [
                            -119.19642154217219,
                            40.780736011582604
                        ],
                        [
                            -119.19639648756578,
                            40.780750569015396
                        ],
                        [
                            -119.19637320385546,
                            40.780766724541756
                        ],
                        [
                            -119.19635186824412,
                            40.7807843552095
                        ],
                        [
                            -119.19633264310886,
                            40.78080332683972
                        ],
                        [
                            -119.19631567476537,
                            40.78082349504791
                        ],
                        [
                            -119.19630109235422,
                            40.7808447063429
                        ],
                        [
                            -119.1962975181682,
                            40.78085124015163
                        ],
                        [
                            -119.19570603419024,
                            40.780731166993164
                        ],
                        [
                            -119.19584267972989,
                            40.780376359373705
                        ],
                        [
                            -119.19601928395751,
                            40.779982584653084
                        ],
                        [
                            -119.19621842982214,
                            40.77959496151172
                        ],
                        [
                            -119.19643974585013,
                            40.77921422703539
                        ],
                        [
                            -119.1966828180809,
                            40.77884110652785
                        ],
                        [
                            -119.19692833377687,
                            40.77850233166201
                        ],
                        [
                            -119.19772888342712,
                            40.778852422394685
                        ]
                    ],
                    [
                        [
                            -119.1974120877425,
                            40.775372854826315
                        ],
                        [
                            -119.19701033467776,
                            40.775690588070944
                        ],
                        [
                            -119.1970089707909,
                            40.775691715228824
                        ],
                        [
                            -119.19658614305271,
                            40.77605673453342
                        ],
                        [
                            -119.1965847972098,
                            40.77605794913731
                        ],
                        [
                            -119.19618339273856,
                            40.77643658629135
                        ],
                        [
                            -119.19618207037541,
                            40.7764378913145
                        ],
                        [
                            -119.19580285339971,
                            40.77682942578718
                        ],
                        [
                            -119.19580156071794,
                            40.77683082378313
                        ],
                        [
                            -119.19544525328288,
                            40.77723451048769
                        ],
                        [
                            -119.1954439972557,
                            40.777236003435526
                        ],
                        [
                            -119.19513099108836,
                            40.77762648168468
                        ],
                        [
                            -119.1936888044305,
                            40.77699573313662
                        ],
                        [
                            -119.19402707136761,
                            40.77657375372017
                        ],
                        [
                            -119.19442467225305,
                            40.77612329386161
                        ],
                        [
                            -119.19484788515084,
                            40.77568634402898
                        ],
                        [
                            -119.19529590832147,
                            40.7752637405608
                        ],
                        [
                            -119.19576789203991,
                            40.77485629280053
                        ],
                        [
                            -119.19623863846407,
                            40.77448400060232
                        ],
                        [
                            -119.1974120877425,
                            40.775372854826315
                        ]
                    ],
                    [
                        [
                            -119.19718494413621,
                            40.772733545215814
                        ],
                        [
                            -119.19662362338426,
                            40.77307462917281
                        ],
                        [
                            -119.19662223084123,
                            40.773075514054376
                        ],
                        [
                            -119.19604927993944,
                            40.77345592939579
                        ],
                        [
                            -119.19604789339793,
                            40.77345689154825
                        ],
                        [
                            -119.19574696171983,
                            40.77367499254927
                        ],
                        [
                            -119.19572915122703,
                            40.77366464304914
                        ],
                        [
                            -119.19570251923943,
                            40.773651794499685
                        ],
                        [
                            -119.19567450988806,
                            40.77364075261777
                        ],
                        [
                            -119.19564533633933,
                            40.77363160143786
                        ],
                        [
                            -119.19561522061943,
                            40.77362441060519
                        ],
                        [
                            -119.19558439192475,
                            40.773619234845675
                        ],
                        [
                            -119.19555308487759,
                            40.7736161135495
                        ],
                        [
                            -119.19552153774065,
                            40.773615070471315
                        ],
                        [
                            -119.19548999060369,
                            40.7736161135495
                        ],
                        [
                            -119.19545868355655,
                            40.773619234845675
                        ],
                        [
                            -119.19542785486186,
                            40.77362441060519
                        ],
                        [
                            -119.19539773914195,
                            40.77363160143786
                        ],
                        [
                            -119.19536856559323,
                            40.77364075261777
                        ],
                        [
                            -119.19534055624186,
                            40.773651794499685
                        ],
                        [
                            -119.19531392425425,
                            40.77366464304914
                        ],
                        [
                            -119.19530223065615,
                            40.773671438082616
                        ],
                        [
                            -119.19487409624287,
                            40.773347119721414
                        ],
                        [
                            -119.1954108999183,
                            40.772958072862025
                        ],
                        [
                            -119.19601570804306,
                            40.77255650834274
                        ],
                        [
                            -119.19662845388471,
                            40.77218417832725
                        ],
                        [
                            -119.19718494413621,
                            40.772733545215814
                        ]
                    ],
                    [
                        [
                            -119.19685116453034,
                            40.77846858395957
                        ],
                        [
                            -119.19661558653793,
                            40.77879364628384
                        ],
                        [
                            -119.19661442767966,
                            40.77879533199179
                        ],
                        [
                            -119.19637022581175,
                            40.77917018651387
                        ],
                        [
                            -119.1963691287823,
                            40.77917196791801
                        ],
                        [
                            -119.19614674967788,
                            40.779554531226395
                        ],
                        [
                            -119.1961457239643,
                            40.77955640623598
                        ],
                        [
                            -119.19594559124126,
                            40.77994595022649
                        ],
                        [
                            -119.19594464660874,
                            40.779947915303346
                        ],
                        [
                            -119.19576714156588,
                            40.78034369857309
                        ],
                        [
                            -119.19576628782609,
                            40.78034574860517
                        ],
                        [
                            -119.19562424763623,
                            40.78071456372903
                        ],
                        [
                            -119.19472700700763,
                            40.780532412309896
                        ],
                        [
                            -119.19487603852211,
                            40.780145458544574
                        ],
                        [
                            -119.19506686891985,
                            40.7797199774147
                        ],
                        [
                            -119.19528205337723,
                            40.7793011478932
                        ],
                        [
                            -119.19552118983388,
                            40.77888976645126
                        ],
                        [
                            -119.19578383035572,
                            40.77848661671004
                        ],
                        [
                            -119.19605062463474,
                            40.77811848738157
                        ],
                        [
                            -119.19685116453034,
                            40.77846858395957
                        ]
                    ],
                    [
                        [
                            -119.19656807855657,
                            40.77212457501281
                        ],
                        [
                            -119.1959722709871,
                            40.772486612625286
                        ],
                        [
                            -119.19597087845902,
                            40.77248749749183
                        ],
                        [
                            -119.19536467981142,
                            40.772889985253734
                        ],
                        [
                            -119.19536329328544,
                            40.77289094738853
                        ],
                        [
                            -119.19480553362231,
                            40.77329518203739
                        ],
                        [
                            -119.19415756158038,
                            40.772804321284745
                        ],
                        [
                            -119.19472631123396,
                            40.772392124823064
                        ],
                        [
                            -119.19536436698627,
                            40.77196848825021
                        ],
                        [
                            -119.19601159876483,
                            40.77157520541693
                        ],
                        [
                            -119.19656807855657,
                            40.77212457501281
                        ]
                    ],
                    [
                        [
                            -119.1961708801217,
                            40.774432674523936
                        ],
                        [
                            -119.19571615306454,
                            40.77479229772448
                        ],
                        [
                            -119.19571478920487,
                            40.77479342484173
                        ],
                        [
                            -119.19524144938676,
                            40.77520204327751
                        ],
                        [
                            -119.19524010357003,
                            40.775203257835564
                        ],
                        [
                            -119.19480268762483,
                            40.77561585590547
                        ],
                        [
                            -119.1940729012719,
                            40.77519165861276
                        ],
                        [
                            -119.19451960576882,
                            40.77477030372704
                        ],
                        [
                            -119.19502075129718,
                            40.77433768583341
                        ],
                        [
                            -119.19530817059825,
                            40.77411038080093
                        ],
                        [
                            -119.19531392285091,
                            40.774113723390585
                        ],
                        [
                            -119.19534055494853,
                            40.77412657202938
                        ],
                        [
                            -119.19536856444921,
                            40.77413761399204
                        ],
                        [
                            -119.19539773818202,
                            40.77414676524163
                        ],
                        [
                            -119.19542785411517,
                            40.77415395613085
                        ],
                        [
                            -119.19545868304576,
                            40.77415913193202
                        ],
                        [
                            -119.19548999034437,
                            40.77416225325371
                        ],
                        [
                            -119.19552153774065,
                            40.774163296340475
                        ],
                        [
                            -119.19555308513694,
                            40.77416225325371
                        ],
                        [
                            -119.19558439243552,
                            40.77415913193202
                        ],
                        [
                            -119.19561522136613,
                            40.77415395613085
                        ],
                        [
                            -119.19564533729927,
                            40.77414676524163
                        ],
                        [
                            -119.19567451103207,
                            40.77413761399204
                        ],
                        [
                            -119.19570252053275,
                            40.77412657202938
                        ],
                        [
                            -119.19572915263036,
                            40.774113723390585
                        ],
                        [
                            -119.1957408485225,
                            40.774106926997874
                        ],
                        [
                            -119.1961708801217,
                            40.774432674523936
                        ]
                    ],
                    [
                        [
                            -119.19597345577984,
                            40.77808473887044
                        ],
                        [
                            -119.19571659923902,
                            40.77843915586255
                        ],
                        [
                            -119.19571544038476,
                            40.778440841531506
                        ],
                        [
                            -119.19545167022783,
                            40.77884572524771
                        ],
                        [
                            -119.19545057319846,
                            40.77884750661173
                        ],
                        [
                            -119.19521037366322,
                            40.77926071684552
                        ],
                        [
                            -119.19520934794534,
                            40.77926259181468
                        ],
                        [
                            -119.19499317662302,
                            40.779683342144864
                        ],
                        [
                            -119.1949922319815,
                            40.77968530718188
                        ],
                        [
                            -119.194800500757,
                            40.7801127968219
                        ],
                        [
                            -119.19479964700331,
                            40.78011484681578
                        ],
                        [
                            -119.19464522056084,
                            40.78051580827403
                        ],
                        [
                            -119.19373050321516,
                            40.78033009993525
                        ],
                        [
                            -119.19389214276575,
                            40.779910426203216
                        ],
                        [
                            -119.19409745420428,
                            40.7794526727204
                        ],
                        [
                            -119.19432896443111,
                            40.77900207983037
                        ],
                        [
                            -119.19458624024675,
                            40.77855950444865
                        ],
                        [
                            -119.19486879913164,
                            40.778125789552846
                        ],
                        [
                            -119.19515725253355,
                            40.777727781907394
                        ],
                        [
                            -119.19597345577984,
                            40.77808473887044
                        ]
                    ],
                    [
                        [
                            -119.19595122419231,
                            40.77151560158117
                        ],
                        [
                            -119.19532093011887,
                            40.77189859241571
                        ],
                        [
                            -119.19531953760573,
                            40.77189947726723
                        ],
                        [
                            -119.19468009134611,
                            40.77232403706623
                        ],
                        [
                            -119.19467870483568,
                            40.772324999183354
                        ],
                        [
                            -119.19408899968835,
                            40.772752382960455
                        ],
                        [
                            -119.19369693823782,
                            40.77245537716409
                        ],
                        [
                            -119.19428622466675,
                            40.772028298947575
                        ],
                        [
                            -119.1949456538231,
                            40.77159047339997
                        ],
                        [
                            -119.19561505494944,
                            40.77118372113766
                        ],
                        [
                            -119.19595122419231,
                            40.77151560158117
                        ]
                    ],
                    [
                        [
                            -119.19555468099733,
                            40.77112411688494
                        ],
                        [
                            -119.19490221707709,
                            40.7715205774901
                        ],
                        [
                            -119.19490082457355,
                            40.771521462331975
                        ],
                        [
                            -119.19424000491975,
                            40.77196021109522
                        ],
                        [
                            -119.1942386184193,
                            40.77196117320099
                        ],
                        [
                            -119.19362837695346,
                            40.77240343832723
                        ],
                        [
                            -119.19321073007282,
                            40.7720870451892
                        ],
                        [
                            -119.19382169407461,
                            40.771644258709685
                        ],
                        [
                            -119.19450368398621,
                            40.77119145608293
                        ],
                        [
                            -119.195196486068,
                            40.77077048621266
                        ],
                        [
                            -119.19555468099733,
                            40.77112411688494
                        ]
                    ],
                    [
                        [
                            -119.19523898851008,
                            40.77406018057417
                        ],
                        [
                            -119.19496901260382,
                            40.774273690529526
                        ],
                        [
                            -119.19496764875986,
                            40.77427481762333
                        ],
                        [
                            -119.19446514714713,
                            40.774708606167664
                        ],
                        [
                            -119.19446380134552,
                            40.77470982069926
                        ],
                        [
                            -119.19399870045386,
                            40.7751485280201
                        ],
                        [
                            -119.19326892479911,
                            40.774724325913425
                        ],
                        [
                            -119.19374331474762,
                            40.774276861691334
                        ],
                        [
                            -119.19427362221872,
                            40.77381907404773
                        ],
                        [
                            -119.19480553384547,
                            40.77339841636783
                        ],
                        [
                            -119.19523407120246,
                            40.773723039965056
                        ],
                        [
                            -119.19522503465348,
                            40.773731958306286
                        ],
                        [
                            -119.19520806811613,
                            40.77375212651451
                        ],
                        [
                            -119.19519348725717,
                            40.77377333780949
                        ],
                        [
                            -119.1951814030475,
                            40.77379543076141
                        ],
                        [
                            -119.19517190745724,
                            40.77381823723033
                        ],
                        [
                            -119.19516507275607,
                            40.77384158364592
                        ],
                        [
                            -119.19516095096283,
                            40.77386529232832
                        ],
                        [
                            -119.19515957344977,
                            40.77388918284043
                        ],
                        [
                            -119.1951609507035,
                            40.77391307336114
                        ],
                        [
                            -119.1951650722453,
                            40.77393678206904
                        ],
                        [
                            -119.19517190671054,
                            40.77396012852629
                        ],
                        [
                            -119.19518140208756,
                            40.773982935051755
                        ],
                        [
                            -119.1951934861132,
                            40.77400502807336
                        ],
                        [
                            -119.19520806682281,
                            40.774026239449086
                        ],
                        [
                            -119.19522503325014,
                            40.774046407746646
                        ],
                        [
                            -119.19523898851008,
                            40.77406018057417
                        ]
                    ],
                    [
                        [
                            -119.19508008418862,
                            40.77769403241949
                        ],
                        [
                            -119.19480156844887,
                            40.77807832809105
                        ],
                        [
                            -119.1948004095987,
                            40.778080013720306
                        ],
                        [
                            -119.19451672108075,
                            40.77851546255092
                        ],
                        [
                            -119.19451562405146,
                            40.77851724387411
                        ],
                        [
                            -119.19425728515502,
                            40.77896164800678
                        ],
                        [
                            -119.19425625943276,
                            40.778963522934774
                        ],
                        [
                            -119.19402376233444,
                            40.779416036592146
                        ],
                        [
                            -119.19402281768377,
                            40.779418001588624
                        ],
                        [
                            -119.19381660540667,
                            40.779877763542075
                        ],
                        [
                            -119.19381575163884,
                            40.77987981349705
                        ],
                        [
                            -119.19364871691705,
                            40.780313495011356
                        ],
                        [
                            -119.19203471252709,
                            40.77998579411269
                        ],
                        [
                            -119.19221780985359,
                            40.77951043967562
                        ],
                        [
                            -119.19244776639665,
                            40.778997767135316
                        ],
                        [
                            -119.19270706086563,
                            40.77849312141764
                        ],
                        [
                            -119.19299520705805,
                            40.77799746229115
                        ],
                        [
                            -119.19331166358475,
                            40.7775117337406
                        ],
                        [
                            -119.19363697687218,
                            40.777062881216175
                        ],
                        [
                            -119.19508008418862,
                            40.77769403241949
                        ]
                    ],
                    [
                        [
                            -119.19476266872294,
                            40.77565604824122
                        ],
                        [
                            -119.19436490079009,
                            40.776066727198746
                        ],
                        [
                            -119.19436360812983,
                            40.7760681251387
                        ],
                        [
                            -119.19396473138433,
                            40.77652003047632
                        ],
                        [
                            -119.19396347537482,
                            40.776521523363606
                        ],
                        [
                            -119.19361071689598,
                            40.77696158061045
                        ],
                        [
                            -119.1928111337093,
                            40.776611864553864
                        ],
                        [
                            -119.19317235118145,
                            40.77616126225687
                        ],
                        [
                            -119.19359452870827,
                            40.77568296529154
                        ],
                        [
                            -119.19403197640922,
                            40.77523132434766
                        ],
                        [
                            -119.19476266872294,
                            40.77565604824122
                        ]
                    ],
                    [
                        [
                            -119.1947377770904,
                            40.773347088803845
                        ],
                        [
                            -119.1942218838072,
                            40.773755078516174
                        ],
                        [
                            -119.19422051997893,
                            40.77375620558653
                        ],
                        [
                            -119.19368885643891,
                            40.774215163855914
                        ],
                        [
                            -119.19368751065242,
                            40.77421637836105
                        ],
                        [
                            -119.19319472459377,
                            40.77468119455517
                        ],
                        [
                            -119.19246495963702,
                            40.7742569876347
                        ],
                        [
                            -119.19296703525757,
                            40.7737834144539
                        ],
                        [
                            -119.19352650480405,
                            40.773300457443874
                        ],
                        [
                            -119.19408899915378,
                            40.772855617558704
                        ],
                        [
                            -119.1947377770904,
                            40.773347088803845
                        ]
                    ],
                    [
                        [
                            -119.19402124304594,
                            40.772804289367734
                        ],
                        [
                            -119.19347476667447,
                            40.773236461684576
                        ],
                        [
                            -119.19347340286188,
                            40.77323758873149
                        ],
                        [
                            -119.19291257726182,
                            40.77372171634246
                        ],
                        [
                            -119.19291123149046,
                            40.77372293082113
                        ],
                        [
                            -119.19239075999111,
                            40.7742138555611
                        ],
                        [
                            -119.19194813078447,
                            40.77395655301161
                        ],
                        [
                            -119.19246800453148,
                            40.77346619562601
                        ],
                        [
                            -119.19304622119665,
                            40.77296705851137
                        ],
                        [
                            -119.19362837583706,
                            40.77250667316988
                        ],
                        [
                            -119.19402124304594,
                            40.772804289367734
                        ]
                    ],
                    [
                        [
                            -119.19395868135187,
                            40.77518872005132
                        ],
                        [
                            -119.19353475761548,
                            40.77562639823781
                        ],
                        [
                            -119.19353346496764,
                            40.77562779614544
                        ],
                        [
                            -119.19311001159215,
                            40.77610753855612
                        ],
                        [
                            -119.19310875559286,
                            40.77610903140844
                        ],
                        [
                            -119.19273304672805,
                            40.776577711055836
                        ],
                        [
                            -119.19193347326609,
                            40.77622798915341
                        ],
                        [
                            -119.19231764160939,
                            40.77574876448747
                        ],
                        [
                            -119.19276439616779,
                            40.775242630772986
                        ],
                        [
                            -119.19322799977765,
                            40.774763991354114
                        ],
                        [
                            -119.19395868135187,
                            40.77518872005132
                        ]
                    ],
                    [
                        [
                            -119.19356062026702,
                            40.77245534447959
                        ],
                        [
                            -119.19299448324821,
                            40.772903062605735
                        ],
                        [
                            -119.19299311944572,
                            40.77290418963757
                        ],
                        [
                            -119.192413546737,
                            40.77340449733704
                        ],
                        [
                            -119.19241220097535,
                            40.77340571179871
                        ],
                        [
                            -119.1918739316159,
                            40.77391342036714
                        ],
                        [
                            -119.19140259437904,
                            40.77363942498958
                        ],
                        [
                            -119.19194125504583,
                            40.773131351197925
                        ],
                        [
                            -119.19253926039598,
                            40.7726151352557
                        ],
                        [
                            -119.1931421676478,
                            40.77213834094513
                        ],
                        [
                            -119.19356062026702,
                            40.77245534447959
                        ]
                    ],
                    [
                        [
                            -119.19355980900616,
                            40.77702913060281
                        ],
                        [
                            -119.19324443364026,
                            40.77746427123367
                        ],
                        [
                            -119.19324327479704,
                            40.777465956795375
                        ],
                        [
                            -119.19292568864083,
                            40.777953419212224
                        ],
                        [
                            -119.19292459161169,
                            40.77795520046594
                        ],
                        [
                            -119.19264483805631,
                            40.778436422868076
                        ],
                        [
                            -119.19178899148785,
                            40.77816784242262
                        ],
                        [
                            -119.1920766846918,
                            40.77767297439585
                        ],
                        [
                            -119.1924127118402,
                            40.777157217762635
                        ],
                        [
                            -119.19275930568972,
                            40.77667901210637
                        ],
                        [
                            -119.19355980900616,
                            40.77702913060281
                        ]
                    ],
                    [
                        [
                            -119.19315470529169,
                            40.774721386281875
                        ],
                        [
                            -119.19270462544522,
                            40.77518606332834
                        ],
                        [
                            -119.1927033328098,
                            40.77518746120366
                        ],
                        [
                            -119.192255302414,
                            40.77569504032996
                        ],
                        [
                            -119.1922540464249,
                            40.77569653314732
                        ],
                        [
                            -119.19185538670308,
                            40.77619383485203
                        ],
                        [
                            -119.19105582296575,
                            40.77584410710394
                        ],
                        [
                            -119.19146294265116,
                            40.775336260412395
                        ],
                        [
                            -119.19193427463178,
                            40.77480229030576
                        ],
                        [
                            -119.19242403445678,
                            40.77429665278119
                        ],
                        [
                            -119.19315470529169,
                            40.774721386281875
                        ]
                    ],
                    [
                        [
                            -119.19268213828968,
                            40.77664526058179
                        ],
                        [
                            -119.19234548232177,
                            40.7771097546526
                        ],
                        [
                            -119.19234432348254,
                            40.77711144017531
                        ],
                        [
                            -119.19200716670693,
                            40.777628930634876
                        ],
                        [
                            -119.19200606967789,
                            40.777630711848474
                        ],
                        [
                            -119.19170849326473,
                            40.77814258022207
                        ],
                        [
                            -119.19085265474033,
                            40.77787399300747
                        ],
                        [
                            -119.19115817129905,
                            40.77734847921773
                        ],
                        [
                            -119.1915137696901,
                            40.776802694809454
                        ],
                        [
                            -119.19188164472746,
                            40.776295136240776
                        ],
                        [
                            -119.19268213828968,
                            40.77664526058179
                        ]
                    ],
                    [
                        [
                            -119.19261839770591,
                            40.778485622761146
                        ],
                        [
                            -119.19237407525316,
                            40.77896112954696
                        ],
                        [
                            -119.19237313058689,
                            40.778963094474435
                        ],
                        [
                            -119.19214227318545,
                            40.77947777541745
                        ],
                        [
                            -119.19214141939356,
                            40.779479825306225
                        ],
                        [
                            -119.19195292631103,
                            40.779969188121385
                        ],
                        [
                            -119.19105570725657,
                            40.779787008559644
                        ],
                        [
                            -119.19125119384823,
                            40.77927950860049
                        ],
                        [
                            -119.19149537959952,
                            40.7787351305347
                        ],
                        [
                            -119.19176172207612,
                            40.77821678214095
                        ],
                        [
                            -119.19261839770591,
                            40.778485622761146
                        ]
                    ],
                    [
                        [
                            -119.19235074047108,
                            40.77425404700651
                        ],
                        [
                            -119.1918745042791,
                            40.774745722470556
                        ],
                        [
                            -119.19187321165609,
                            40.77474712031354
                        ],
                        [
                            -119.19140060384977,
                            40.775282535797984
                        ],
                        [
                            -119.1913993478709,
                            40.77528402858039
                        ],
                        [
                            -119.19097773678233,
                            40.775809952047425
                        ],
                        [
                            -119.1904916244914,
                            40.77559732235758
                        ],
                        [
                            -119.19091349892572,
                            40.77507107589136
                        ],
                        [
                            -119.19140063088341,
                            40.77451921115045
                        ],
                        [
                            -119.19190720552882,
                            40.77399621794842
                        ],
                        [
                            -119.19235074047108,
                            40.77425404700651
                        ]
                    ],
                    [
                        [
                            -119.19183391196904,
                            40.77395361161447
                        ],
                        [
                            -119.19134086076885,
                            40.77446264306381
                        ],
                        [
                            -119.19133956815384,
                            40.77446404088602
                        ],
                        [
                            -119.19085116037752,
                            40.7750173509834
                        ],
                        [
                            -119.1908499044052,
                            40.77501884374333
                        ],
                        [
                            -119.19041353864661,
                            40.77556316669763
                        ],
                        [
                            -119.18989608628088,
                            40.77533682427165
                        ],
                        [
                            -119.19033353530745,
                            40.77479115606992
                        ],
                        [
                            -119.19083734519387,
                            40.77422040270838
                        ],
                        [
                            -119.19136166901299,
                            40.77367908972882
                        ],
                        [
                            -119.19183391196904,
                            40.77395361161447
                        ]
                    ],
                    [
                        [
                            -119.1918044777162,
                            40.77626138391156
                        ],
                        [
                            -119.19144654059795,
                            40.77675523109598
                        ],
                        [
                            -119.19144538176275,
                            40.7767569165797
                        ],
                        [
                            -119.19108865374645,
                            40.777304434774905
                        ],
                        [
                            -119.19108755671749,
                            40.77730621594839
                        ],
                        [
                            -119.19077215675694,
                            40.777848730008024
                        ],
                        [
                            -119.18991632627653,
                            40.77758013602445
                        ],
                        [
                            -119.19023966687968,
                            40.77702397675718
                        ],
                        [
                            -119.19061483713482,
                            40.77644816488063
                        ],
                        [
                            -119.1910039939081,
                            40.775911253726164
                        ],
                        [
                            -119.1918044777162,
                            40.77626138391156
                        ]
                    ],
                    [
                        [
                            -119.19168205237182,
                            40.77819177983614
                        ],
                        [
                            -119.19142168887541,
                            40.778698492103246
                        ],
                        [
                            -119.19142074420014,
                            40.77870045699089
                        ],
                        [
                            -119.19117565757904,
                            40.77924684342029
                        ],
                        [
                            -119.19117480377327,
                            40.779248893270854
                        ],
                        [
                            -119.19097392120703,
                            40.779770401642786
                        ],
                        [
                            -119.19007670790603,
                            40.77958821457663
                        ],
                        [
                            -119.19028458456378,
                            40.77904856946023
                        ],
                        [
                            -119.19054300033346,
                            40.778472486104455
                        ],
                        [
                            -119.19082538479736,
                            40.77792293244134
                        ],
                        [
                            -119.19168205237182,
                            40.77819177983614
                        ]
                    ],
                    [
                        [
                            -119.19092682722751,
                            40.775877500672486
                        ],
                        [
                            -119.19054760846879,
                            40.77640070056395
                        ],
                        [
                            -119.1905464496376,
                            40.77640238600867
                        ],
                        [
                            -119.19017014975934,
                            40.77697993163249
                        ],
                        [
                            -119.19016905273047,
                            40.776981712765874
                        ],
                        [
                            -119.18982637233297,
                            40.77757113728269
                        ],
                        [
                            -119.18982534659044,
                            40.77757301201937
                        ],
                        [
                            -119.18951693871321,
                            40.77817319372726
                        ],
                        [
                            -119.18951599401996,
                            40.77817515853524
                        ],
                        [
                            -119.18924244652932,
                            40.7787849552302
                        ],
                        [
                            -119.1892415926958,
                            40.77878700500433
                        ],
                        [
                            -119.18901592855737,
                            40.77937280392
                        ],
                        [
                            -119.18846836452217,
                            40.779261606577364
                        ],
                        [
                            -119.18869659818775,
                            40.77866915193481
                        ],
                        [
                            -119.18897839360305,
                            40.77804098182906
                        ],
                        [
                            -119.189296128281,
                            40.77742266055926
                        ],
                        [
                            -119.18964920449145,
                            40.77681536418697
                        ],
                        [
                            -119.19003695698719,
                            40.77622024910029
                        ],
                        [
                            -119.19043979512831,
                            40.775664468650604
                        ],
                        [
                            -119.19092682722751,
                            40.775877500672486
                        ]
                    ],
                    [
                        [
                            -119.19074571532153,
                            40.77789792934311
                        ],
                        [
                            -119.19046931002876,
                            40.77843584682997
                        ],
                        [
                            -119.1904683653445,
                            40.77843781167778
                        ],
                        [
                            -119.19020904869362,
                            40.77901590335784
                        ],
                        [
                            -119.19020819487397,
                            40.77901795317019
                        ],
                        [
                            -119.18999492196278,
                            40.779571606890784
                        ],
                        [
                            -119.1890977144154,
                            40.77938941232027
                        ],
                        [
                            -119.18931798200059,
                            40.778817622254465
                        ],
                        [
                            -119.18959062859854,
                            40.77820983384472
                        ],
                        [
                            -119.18988905580235,
                            40.777629075173856
                        ],
                        [
                            -119.19074571532153,
                            40.77789792934311
                        ]
                    ],
                    [
                        [
                            -119.19036262874116,
                            40.775630715019666
                        ],
                        [
                            -119.18996972859519,
                            40.77617278439573
                        ],
                        [
                            -119.18996856976658,
                            40.77617446981539
                        ],
                        [
                            -119.18957968764899,
                            40.776771318623986
                        ],
                        [
                            -119.18957859062017,
                            40.776773099731585
                        ],
                        [
                            -119.18922445131793,
                            40.777382224637705
                        ],
                        [
                            -119.18922342557264,
                            40.77738409934838
                        ],
                        [
                            -119.1889047039873,
                            40.778004341169726
                        ],
                        [
                            -119.18890375928827,
                            40.7780063059521
                        ],
                        [
                            -119.18862106297293,
                            40.77863648431787
                        ],
                        [
                            -119.18862020913048,
                            40.77863853406744
                        ],
                        [
                            -119.18838657876395,
                            40.77924499760092
                        ],
                        [
                            -119.18780405340729,
                            40.77912669671795
                        ],
                        [
                            -119.18804069606544,
                            40.778512429648075
                        ],
                        [
                            -119.18833214892881,
                            40.77786274563582
                        ],
                        [
                            -119.18866077063163,
                            40.777223249891634
                        ],
                        [
                            -119.18902594266024,
                            40.7765951587648
                        ],
                        [
                            -119.18942697668857,
                            40.775979668204855
                        ],
                        [
                            -119.18984425656282,
                            40.77540397025207
                        ],
                        [
                            -119.19036262874116,
                            40.775630715019666
                        ]
                    ]
                ]
            }
        }
    ]
}