{
    "type": "FeatureCollection",
    "features": [
        {
            "type": "Feature",
            "properties": {
                "name": "9:00 B Plaza"
            },
            "geometry": {
                "type": "Polygon",
                "coordinates": [
                    [
                        [
                            -119.21610163995503,
                            40.78974736230199
                        ],
                        [
                            -119.21607008515593,
                            40.78974631921522
                        ],
                        [
                            -119.21603877051089,
                            40.78974319789353
                        ],
                        [
                            -119.2160079343461,
                            40.789738022092344
                        ],
                        [
                            -119.21597781134606,
                            40.789730831203116
                        ],
                        [
                            -119.21594863076747,
                            40.78972167995349
                        ],
                        [
                            -119.21592061469421,
                            40.78971063799082
                        ],
                        [
                            -119.21589397634725,
                            40.789697789352
                        ],
                        [
                            -119.2158689184617,
                            40.789683231823965
                        ],
                        [
                            -119.215845631744,
                            40.789667076199365
                        ],
                        [
                            -119.21582429342038,
                            40.78964944543341
                        ],
                        [
                            -119.21580506588813,
                            40.789630473707945
                        ],
                        [
                            -119.21578809547962,
                            40.789610305410356
                        ],
                        [
                            -119.21577351134859,
                            40.78958909403461
                        ],
                        [
                            -119.21576142448744,
                            40.78956700101299
                        ],
                        [
                            -119.21575192688236,
                            40.78954419448751
                        ],
                        [
                            -119.21574509081344,
                            40.78952084803025
                        ],
                        [
                            -119.2157409683046,
                            40.78949713932234
                        ],
                        [
                            -119.21573959072774,
                            40.789473248801634
                        ],
                        [
                            -119.21574096856412,
                            40.78944935828952
                        ],
                        [
                            -119.21574509132459,
                            40.78942564960713
                        ],
                        [
                            -119.21575192762964,
                            40.78940230319155
                        ],
                        [
                            -119.21576142544812,
                            40.78937949672265
                        ],
                        [
                            -119.21577351249347,
                            40.78935740377075
                        ],
                        [
                            -119.21578809677393,
                            40.78933619247579
                        ],
                        [
                            -119.21580506729258,
                            40.78931602426759
                        ],
                        [
                            -119.21582429489224,
                            40.789297052637394
                        ],
                        [
                            -119.21584563323857,
                            40.789279421969674
                        ],
                        [
                            -119.21586891993356,
                            40.78926326644332
                        ],
                        [
                            -119.21589397775166,
                            40.78924870901054
                        ],
                        [
                            -119.21592061598855,
                            40.78923586046112
                        ],
                        [
                            -119.21594863191238,
                            40.78922481857922
                        ],
                        [
                            -119.21597781230676,
                            40.78921566739933
                        ],
                        [
                            -119.21600793509337,
                            40.78920847656668
                        ],
                        [
                            -119.21603877102207,
                            40.78920330080717
                        ],
                        [
                            -119.21607008541547,
                            40.789200179511
                        ],
                        [
                            -119.21610163995503,
                            40.78919913643283
                        ],
                        [
                            -119.21613319449457,
                            40.789200179511
                        ],
                        [
                            -119.21616450888797,
                            40.78920330080717
                        ],
                        [
                            -119.21619534481665,
                            40.78920847656668
                        ],
                        [
                            -119.21622546760328,
                            40.78921566739933
                        ],
                        [
                            -119.21625464799769,
                            40.78922481857922
                        ],
                        [
                            -119.21628266392149,
                            40.78923586046112
                        ],
                        [
                            -119.2163093021584,
                            40.78924870901054
                        ],
                        [
                            -119.21633435997649,
                            40.78926326644332
                        ],
                        [
                            -119.21635764667147,
                            40.789279421969674
                        ],
                        [
                            -119.21637898501781,
                            40.789297052637394
                        ],
                        [
                            -119.21639821261748,
                            40.78931602426759
                        ],
                        [
                            -119.21641518313612,
                            40.78933619247579
                        ],
                        [
                            -119.21642976741657,
                            40.78935740377075
                        ],
                        [
                            -119.21644185446193,
                            40.78937949672265
                        ],
                        [
                            -119.2164513522804,
                            40.78940230319155
                        ],
                        [
                            -119.21645818858545,
                            40.78942564960713
                        ],
                        [
                            -119.21646231134592,
                            40.78944935828952
                        ],
                        [
                            -119.2164636891823,
                            40.789473248801634
                        ],
                        [
                            -119.21646231160544,
                            40.78949713932234
                        ],
                        [
                            -119.2164581890966,
                            40.78952084803025
                        ],
                        [
                            -119.21645135302768,
                            40.78954419448751
                        ],
                        [
                            -119.21644185542262,
                            40.78956700101299
                        ],
                        [
                            -119.21642976856145,
                            40.78958909403461
                        ],
                        [
                            -119.21641518443042,
                            40.789610305410356
                        ],
                        [
                            -119.21639821402192,
                            40.789630473707945
                        ],
                        [
                            -119.21637898648966,
                            40.78964944543341
                        ],
                        [
                            -119.21635764816604,
                            40.789667076199365
                        ],
                        [
                            -119.21633436144835,
                            40.789683231823965
                        ],
                        [
                            -119.2163093035628,
                            40.789697789352
                        ],
                        [
                            -119.21628266521583,
                            40.78971063799082
                        ],
                        [
                            -119.21625464914257,
                            40.78972167995349
                        ],
                        [
                            -119.21622546856398,
                            40.789730831203116
                        ],
                        [
                            -119.21619534556395,
                            40.789738022092344
                        ],
                        [
                            -119.21616450939915,
                            40.78974319789353
                        ],
                        [
                            -119.21613319475411,
                            40.78974631921522
                        ],
                        [
                            -119.21610163995503,
                            40.78974736230199
                        ]
                    ]
                ]
            }
        },
        {
            "type": "Feature",
            "properties": {
                "name": "3:00 B Plaza"
            },
            "geometry": {
                "type": "Polygon",
                "coordinates": [
                    [
                        [
                            -119.19964190436993,
                            40.77728427889644
                        ],
                        [
                            -119.19961035549157,
                            40.777283235809676
                        ],
                        [
                            -119.19957904672216,
                            40.77728011448798
                        ],
                        [
                            -119.19954821634327,
                            40.777274938686816
                        ],
                        [
                            -119.19951809899528,
                            40.777267747797595
                        ],
                        [
                            -119.19948892389193,
                            40.77725859654799
                        ],
                        [
                            -119.19946091307538,
                            40.77724755458532
                        ],
                        [
                            -119.19943427972662,
                            40.77723470594653
                        ],
                        [
                            -119.19940922654274,
                            40.77722014841852
                        ],
                        [
                            -119.19938594419438,
                            40.77720399279394
                        ],
                        [
                            -119.1993646098745,
                            40.777186362028
                        ],
                        [
                            -119.19934538594993,
                            40.77716739030255
                        ],
                        [
                            -119.19932841872553,
                            40.777147222005
                        ],
                        [
                            -119.19931383733092,
                            40.77712601062927
                        ],
                        [
                            -119.1993017527376,
                            40.77710391760766
                        ],
                        [
                            -119.1992922569145,
                            40.77708111108219
                        ],
                        [
                            -119.19928542212818,
                            40.77705776462495
                        ],
                        [
                            -119.1992813003928,
                            40.77703405591704
                        ],
                        [
                            -119.1992799230744,
                            40.77701016539633
                        ],
                        [
                            -119.19928130065217,
                            40.77698627488422
                        ],
                        [
                            -119.19928542263906,
                            40.776962566201824
                        ],
                        [
                            -119.19929225766133,
                            40.776939219786236
                        ],
                        [
                            -119.19930175369768,
                            40.77691641331731
                        ],
                        [
                            -119.1993138384751,
                            40.776894320365415
                        ],
                        [
                            -119.19932842001904,
                            40.77687310907043
                        ],
                        [
                            -119.19934538735346,
                            40.77685294086221
                        ],
                        [
                            -119.19936461134543,
                            40.77683396923199
                        ],
                        [
                            -119.199385945688,
                            40.77681633856424
                        ],
                        [
                            -119.19940922801368,
                            40.77680018303787
                        ],
                        [
                            -119.19943428113015,
                            40.776785625605086
                        ],
                        [
                            -119.19946091436891,
                            40.776772777055626
                        ],
                        [
                            -119.19948892503612,
                            40.776761735173714
                        ],
                        [
                            -119.19951809995538,
                            40.77675258399381
                        ],
                        [
                            -119.19954821709005,
                            40.77674539316114
                        ],
                        [
                            -119.19957904723303,
                            40.77674021740164
                        ],
                        [
                            -119.19961035575095,
                            40.77673709610546
                        ],
                        [
                            -119.19964190436993,
                            40.77673605302727
                        ],
                        [
                            -119.19967345298892,
                            40.77673709610546
                        ],
                        [
                            -119.19970476150684,
                            40.77674021740164
                        ],
                        [
                            -119.19973559164978,
                            40.77674539316114
                        ],
                        [
                            -119.19976570878447,
                            40.77675258399381
                        ],
                        [
                            -119.19979488370375,
                            40.776761735173714
                        ],
                        [
                            -119.19982289437095,
                            40.776772777055626
                        ],
                        [
                            -119.19984952760971,
                            40.776785625605086
                        ],
                        [
                            -119.19987458072619,
                            40.77680018303787
                        ],
                        [
                            -119.19989786305187,
                            40.77681633856424
                        ],
                        [
                            -119.19991919739444,
                            40.77683396923199
                        ],
                        [
                            -119.19993842138639,
                            40.77685294086221
                        ],
                        [
                            -119.19995538872082,
                            40.77687310907043
                        ],
                        [
                            -119.19996997026476,
                            40.776894320365415
                        ],
                        [
                            -119.19998205504218,
                            40.77691641331731
                        ],
                        [
                            -119.19999155107854,
                            40.776939219786236
                        ],
                        [
                            -119.1999983861008,
                            40.776962566201824
                        ],
                        [
                            -119.20000250808769,
                            40.77698627488422
                        ],
                        [
                            -119.20000388566547,
                            40.77701016539633
                        ],
                        [
                            -119.20000250834707,
                            40.77703405591704
                        ],
                        [
                            -119.19999838661168,
                            40.77705776462495
                        ],
                        [
                            -119.19999155182536,
                            40.77708111108219
                        ],
                        [
                            -119.19998205600227,
                            40.77710391760766
                        ],
                        [
                            -119.19996997140895,
                            40.77712601062927
                        ],
                        [
                            -119.19995539001434,
                            40.777147222005
                        ],
                        [
                            -119.19993842278994,
                            40.77716739030255
                        ],
                        [
                            -119.19991919886537,
                            40.777186362028
                        ],
                        [
                            -119.19989786454548,
                            40.77720399279394
                        ],
                        [
                            -119.19987458219713,
                            40.77722014841852
                        ],
                        [
                            -119.19984952901325,
                            40.77723470594653
                        ],
                        [
                            -119.19982289566448,
                            40.77724755458532
                        ],
                        [
                            -119.19979488484793,
                            40.77725859654799
                        ],
                        [
                            -119.19976570974458,
                            40.777267747797595
                        ],
                        [
                            -119.19973559239659,
                            40.777274938686816
                        ],
                        [
                            -119.19970476201767,
                            40.77728011448798
                        ],
                        [
                            -119.1996734532483,
                            40.777283235809676
                        ],
                        [
                            -119.19964190436993,
                            40.77728427889644
                        ]
                    ]
                ]
            }
        },
        {
            "type": "Feature",
            "properties": {
                "name": "4:30 B Plaza"
            },
            "geometry": {
                "type": "Polygon",
                "coordinates": [
                    [
                        [
                            -119.207871,
                            40.77470338208784
                        ],
                        [
                            -119.20783945234726,
                            40.77470233900109
                        ],
                        [
                            -119.20780814479417,
                            40.77469921767939
                        ],
                        [
                            -119.20777731561293,
                            40.77469404187822
                        ],
                        [
                            -119.20774719943499,
                            40.77468685098901
                        ],
                        [
                            -119.20771802546503,
                            40.774677699739414
                        ],
                        [
                            -119.20769001573663,
                            40.77466665777676
                        ],
                        [
                            -119.20766338342251,
                            40.77465380913797
                        ],
                        [
                            -119.2076383312119,
                            40.774639251609955
                        ],
                        [
                            -119.20761504976802,
                            40.77462309598539
                        ],
                        [
                            -119.20759371627693,
                            40.77460546521944
                        ],
                        [
                            -119.20757449309914,
                            40.77458649349401
                        ],
                        [
                            -119.2075575265339,
                            40.77456632519646
                        ],
                        [
                            -119.20754294570573,
                            40.77454511382073
                        ],
                        [
                            -119.20753086158187,
                            40.774523020799116
                        ],
                        [
                            -119.20752136612768,
                            40.77450021427366
                        ],
                        [
                            -119.20751453160686,
                            40.77447686781642
                        ],
                        [
                            -119.20751041003157,
                            40.7744531591085
                        ],
                        [
                            -119.20750903276665,
                            40.774429268587795
                        ],
                        [
                            -119.20751041029092,
                            40.774405378075684
                        ],
                        [
                            -119.20751453211764,
                            40.77438166939328
                        ],
                        [
                            -119.20752136687439,
                            40.7743583229777
                        ],
                        [
                            -119.20753086254183,
                            40.77433551650877
                        ],
                        [
                            -119.20754294684977,
                            40.77431342355686
                        ],
                        [
                            -119.20755752782725,
                            40.77429221226187
                        ],
                        [
                            -119.20757449450251,
                            40.77427204405366
                        ],
                        [
                            -119.20759371774767,
                            40.77425307242344
                        ],
                        [
                            -119.20761505126143,
                            40.774235441755685
                        ],
                        [
                            -119.20763833268266,
                            40.77421928622932
                        ],
                        [
                            -119.20766338482589,
                            40.774204728796505
                        ],
                        [
                            -119.20769001702998,
                            40.77419188024705
                        ],
                        [
                            -119.20771802660906,
                            40.77418083836514
                        ],
                        [
                            -119.20774720039493,
                            40.77417168718524
                        ],
                        [
                            -119.20777731635964,
                            40.77416449635257
                        ],
                        [
                            -119.20780814530495,
                            40.77415932059305
                        ],
                        [
                            -119.20783945260659,
                            40.77415619929687
                        ],
                        [
                            -119.207871,
                            40.77415515621869
                        ],
                        [
                            -119.2079025473934,
                            40.77415619929687
                        ],
                        [
                            -119.20793385469506,
                            40.77415932059305
                        ],
                        [
                            -119.20796468364034,
                            40.77416449635257
                        ],
                        [
                            -119.20799479960505,
                            40.77417168718524
                        ],
                        [
                            -119.20802397339094,
                            40.77418083836514
                        ],
                        [
                            -119.20805198297002,
                            40.77419188024705
                        ],
                        [
                            -119.20807861517412,
                            40.774204728796505
                        ],
                        [
                            -119.20810366731735,
                            40.77421928622932
                        ],
                        [
                            -119.20812694873855,
                            40.774235441755685
                        ],
                        [
                            -119.20814828225231,
                            40.77425307242344
                        ],
                        [
                            -119.20816750549749,
                            40.77427204405366
                        ],
                        [
                            -119.20818447217275,
                            40.77429221226187
                        ],
                        [
                            -119.20819905315021,
                            40.77431342355686
                        ],
                        [
                            -119.20821113745818,
                            40.77433551650877
                        ],
                        [
                            -119.20822063312559,
                            40.7743583229777
                        ],
                        [
                            -119.20822746788234,
                            40.77438166939328
                        ],
                        [
                            -119.20823158970909,
                            40.774405378075684
                        ],
                        [
                            -119.20823296723334,
                            40.774429268587795
                        ],
                        [
                            -119.2082315899684,
                            40.7744531591085
                        ],
                        [
                            -119.20822746839312,
                            40.77447686781642
                        ],
                        [
                            -119.20822063387232,
                            40.77450021427366
                        ],
                        [
                            -119.20821113841811,
                            40.774523020799116
                        ],
                        [
                            -119.20819905429424,
                            40.77454511382073
                        ],
                        [
                            -119.20818447346608,
                            40.77456632519646
                        ],
                        [
                            -119.20816750690084,
                            40.77458649349401
                        ],
                        [
                            -119.20814828372305,
                            40.77460546521944
                        ],
                        [
                            -119.20812695023196,
                            40.77462309598539
                        ],
                        [
                            -119.20810366878808,
                            40.774639251609955
                        ],
                        [
                            -119.20807861657747,
                            40.77465380913797
                        ],
                        [
                            -119.20805198426335,
                            40.77466665777676
                        ],
                        [
                            -119.20802397453497,
                            40.774677699739414
                        ],
                        [
                            -119.207994800565,
                            40.77468685098901
                        ],
                        [
                            -119.20796468438705,
                            40.77469404187822
                        ],
                        [
                            -119.20793385520582,
                            40.77469921767939
                        ],
                        [
                            -119.20790254765272,
                            40.77470233900109
                        ],
                        [
                            -119.207871,
                            40.77470338208784
                        ]
                    ]
                ]
            }
        },
        {
            "type": "Feature",
            "properties": {
                "name": "7:30 B Plaza"
            },
            "geometry": {
                "type": "Polygon",
                "coordinates": [
                    [
                        [
                            -119.21950979046623,
                            40.78351552826384
                        ],
                        [
                            -119.21947823862811,
                            40.78351448517708
                        ],
                        [
                            -119.2194469269215,
                            40.78351136385538
                        ],
                        [
                            -119.21941609365022,
                            40.783506188054204
                        ],
                        [
                            -119.21938597347682,
                            40.78349899716497
                        ],
                        [
                            -119.21935679563639,
                            40.78348984591536
                        ],
                        [
                            -119.21932878219204,
                            40.78347880395271
                        ],
                        [
                            -119.21930214634465,
                            40.783465955313886
                        ],
                        [
                            -119.21927709081044,
                            40.78345139778586
                        ],
                        [
                            -119.21925380627785,
                            40.78343524216129
                        ],
                        [
                            -119.21923246995651,
                            40.78341761139533
                        ],
                        [
                            -119.21921324422846,
                            40.78339863966987
                        ],
                        [
                            -119.21919627541234,
                            40.783378471372316
                        ],
                        [
                            -119.21918169264977,
                            40.78335725999658
                        ],
                        [
                            -119.21916960692279,
                            40.78333516697494
                        ],
                        [
                            -119.2191601102089,
                            40.78331236044947
                        ],
                        [
                            -119.2191532747814,
                            40.78328901399223
                        ],
                        [
                            -119.21914915265936,
                            40.78326530528432
                        ],
                        [
                            -119.21914777521174,
                            40.78324141476361
                        ],
                        [
                            -119.2191491529188,
                            40.7832175242515
                        ],
                        [
                            -119.2191532752924,
                            40.7831938155691
                        ],
                        [
                            -119.21916011095594,
                            40.78317046915353
                        ],
                        [
                            -119.21916960788317,
                            40.783147662684605
                        ],
                        [
                            -119.21918169379431,
                            40.783125569732704
                        ],
                        [
                            -119.21919627670623,
                            40.78310435843773
                        ],
                        [
                            -119.21921324563243,
                            40.78308419022954
                        ],
                        [
                            -119.2192324714279,
                            40.78306521859932
                        ],
                        [
                            -119.21925380777192,
                            40.78304758793159
                        ],
                        [
                            -119.21927709228181,
                            40.78303143240523
                        ],
                        [
                            -119.21930214774866,
                            40.78301687497244
                        ],
                        [
                            -119.21932878348593,
                            40.783004026422994
                        ],
                        [
                            -119.21935679678093,
                            40.7829929845411
                        ],
                        [
                            -119.2193859744372,
                            40.78298383336121
                        ],
                        [
                            -119.21941609439729,
                            40.78297664252854
                        ],
                        [
                            -119.2194469274325,
                            40.782971466769034
                        ],
                        [
                            -119.21947823888759,
                            40.78296834547287
                        ],
                        [
                            -119.21950979046623,
                            40.782967302394674
                        ],
                        [
                            -119.2195413420449,
                            40.78296834547287
                        ],
                        [
                            -119.21957265349997,
                            40.782971466769034
                        ],
                        [
                            -119.2196034865352,
                            40.78297664252854
                        ],
                        [
                            -119.21963360649528,
                            40.78298383336121
                        ],
                        [
                            -119.21966278415157,
                            40.7829929845411
                        ],
                        [
                            -119.21969079744653,
                            40.783004026422994
                        ],
                        [
                            -119.21971743318383,
                            40.78301687497244
                        ],
                        [
                            -119.21974248865065,
                            40.78303143240523
                        ],
                        [
                            -119.21976577316056,
                            40.78304758793159
                        ],
                        [
                            -119.21978710950457,
                            40.78306521859932
                        ],
                        [
                            -119.21980633530004,
                            40.78308419022954
                        ],
                        [
                            -119.21982330422624,
                            40.78310435843773
                        ],
                        [
                            -119.21983788713815,
                            40.783125569732704
                        ],
                        [
                            -119.21984997304932,
                            40.783147662684605
                        ],
                        [
                            -119.21985946997653,
                            40.78317046915353
                        ],
                        [
                            -119.21986630564008,
                            40.7831938155691
                        ],
                        [
                            -119.21987042801366,
                            40.7832175242515
                        ],
                        [
                            -119.21987180572074,
                            40.78324141476361
                        ],
                        [
                            -119.21987042827313,
                            40.78326530528432
                        ],
                        [
                            -119.21986630615108,
                            40.78328901399223
                        ],
                        [
                            -119.21985947072359,
                            40.78331236044947
                        ],
                        [
                            -119.21984997400968,
                            40.78333516697494
                        ],
                        [
                            -119.2198378882827,
                            40.78335725999658
                        ],
                        [
                            -119.21982330552015,
                            40.783378471372316
                        ],
                        [
                            -119.21980633670401,
                            40.78339863966987
                        ],
                        [
                            -119.21978711097599,
                            40.78341761139533
                        ],
                        [
                            -119.21976577465462,
                            40.78343524216129
                        ],
                        [
                            -119.21974249012203,
                            40.78345139778586
                        ],
                        [
                            -119.21971743458782,
                            40.783465955313886
                        ],
                        [
                            -119.21969079874044,
                            40.78347880395271
                        ],
                        [
                            -119.21966278529611,
                            40.78348984591536
                        ],
                        [
                            -119.21963360745565,
                            40.78349899716497
                        ],
                        [
                            -119.21960348728224,
                            40.783506188054204
                        ],
                        [
                            -119.21957265401097,
                            40.78351136385538
                        ],
                        [
                            -119.21954134230435,
                            40.78351448517708
                        ],
                        [
                            -119.21950979046623,
                            40.78351552826384
                        ]
                    ]
                ]
            }
        },
        {
            "type": "Feature",
            "properties": {
                "name": "3:00 G Plaza"
            },
            "geometry": {
                "type": "Polygon",
                "coordinates": [
                    [
                        [
                            -119.19552153774065,
                            40.774163296340475
                        ],
                        [
                            -119.19548999034437,
                            40.77416225325371
                        ],
                        [
                            -119.19545868304576,
                            40.77415913193202
                        ],
                        [
                            -119.19542785411517,
                            40.77415395613085
                        ],
                        [
                            -119.19539773818202,
                            40.77414676524163
                        ],
                        [
                            -119.19536856444921,
                            40.77413761399204
                        ],
                        [
                            -119.19534055494853,
                            40.77412657202938
                        ],
                        [
                            -119.19531392285091,
                            40.774113723390585
                        ],
                        [
                            -119.19528887084397,
                            40.77409916586258
                        ],
                        [
                            -119.19526558958931,
                            40.774083010238016
                        ],
                        [
                            -119.19524425627165,
                            40.77406537947207
                        ],
                        [
                            -119.19522503325014,
                            40.774046407746646
                        ],
                        [
                            -119.19520806682281,
                            40.774026239449086
                        ],
                        [
                            -119.1951934861132,
                            40.77400502807336
                        ],
                        [
                            -119.19518140208756,
                            40.773982935051755
                        ],
                        [
                            -119.19517190671054,
                            40.77396012852629
                        ],
                        [
                            -119.1951650722453,
                            40.77393678206904
                        ],
                        [
                            -119.1951609507035,
                            40.77391307336114
                        ],
                        [
                            -119.19515957344977,
                            40.77388918284043
                        ],
                        [
                            -119.19516095096283,
                            40.77386529232832
                        ],
                        [
                            -119.19516507275607,
                            40.77384158364592
                        ],
                        [
                            -119.19517190745724,
                            40.77381823723033
                        ],
                        [
                            -119.1951814030475,
                            40.77379543076141
                        ],
                        [
                            -119.19519348725717,
                            40.77377333780949
                        ],
                        [
                            -119.19520806811613,
                            40.77375212651451
                        ],
                        [
                            -119.19522503465348,
                            40.773731958306286
                        ],
                        [
                            -119.19524425774233,
                            40.77371298667607
                        ],
                        [
                            -119.1952655910827,
                            40.77369535600832
                        ],
                        [
                            -119.19528887231465,
                            40.773679200481936
                        ],
                        [
                            -119.19531392425425,
                            40.77366464304914
                        ],
                        [
                            -119.19534055624186,
                            40.773651794499685
                        ],
                        [
                            -119.19536856559323,
                            40.77364075261777
                        ],
                        [
                            -119.19539773914195,
                            40.77363160143786
                        ],
                        [
                            -119.19542785486186,
                            40.77362441060519
                        ],
                        [
                            -119.19545868355655,
                            40.773619234845675
                        ],
                        [
                            -119.19548999060369,
                            40.7736161135495
                        ],
                        [
                            -119.19552153774065,
                            40.773615070471315
                        ],
                        [
                            -119.19555308487759,
                            40.7736161135495
                        ],
                        [
                            -119.19558439192475,
                            40.773619234845675
                        ],
                        [
                            -119.19561522061943,
                            40.77362441060519
                        ],
                        [
                            -119.19564533633933,
                            40.77363160143786
                        ],
                        [
                            -119.19567450988806,
                            40.77364075261777
                        ],
                        [
                            -119.19570251923943,
                            40.773651794499685
                        ],
                        [
                            -119.19572915122703,
                            40.77366464304914
                        ],
                        [
                            -119.19575420316663,
                            40.773679200481936
                        ],
                        [
                            -119.19577748439859,
                            40.77369535600832
                        ],
                        [
                            -119.19579881773895,
                            40.77371298667607
                        ],
                        [
                            -119.1958180408278,
                            40.773731958306286
                        ],
                        [
                            -119.19583500736515,
                            40.77375212651451
                        ],
                        [
                            -119.19584958822412,
                            40.77377333780949
                        ],
                        [
                            -119.1958616724338,
                            40.77379543076141
                        ],
                        [
                            -119.19587116802404,
                            40.77381823723033
                        ],
                        [
                            -119.19587800272522,
                            40.77384158364592
                        ],
                        [
                            -119.19588212451846,
                            40.77386529232832
                        ],
                        [
                            -119.19588350203152,
                            40.77388918284043
                        ],
                        [
                            -119.19588212477778,
                            40.77391307336114
                        ],
                        [
                            -119.195878003236,
                            40.77393678206904
                        ],
                        [
                            -119.19587116877074,
                            40.77396012852629
                        ],
                        [
                            -119.19586167339375,
                            40.773982935051755
                        ],
                        [
                            -119.19584958936811,
                            40.77400502807336
                        ],
                        [
                            -119.19583500865848,
                            40.774026239449086
                        ],
                        [
                            -119.19581804223114,
                            40.774046407746646
                        ],
                        [
                            -119.19579881920963,
                            40.77406537947207
                        ],
                        [
                            -119.19577748589197,
                            40.774083010238016
                        ],
                        [
                            -119.19575420463731,
                            40.77409916586258
                        ],
                        [
                            -119.19572915263036,
                            40.774113723390585
                        ],
                        [
                            -119.19570252053275,
                            40.77412657202938
                        ],
                        [
                            -119.19567451103207,
                            40.77413761399204
                        ],
                        [
                            -119.19564533729927,
                            40.77414676524163
                        ],
                        [
                            -119.19561522136613,
                            40.77415395613085
                        ],
                        [
                            -119.19558439243552,
                            40.77415913193202
                        ],
                        [
                            -119.19555308513694,
                            40.77416225325371
                        ],
                        [
                            -119.19552153774065,
                            40.774163296340475
                        ]
                    ]
                ]
            }
        },
        {
            "type": "Feature",
            "properties": {
                "name": "4:30 G Plaza"
            },
            "geometry": {
                "type": "Polygon",
                "coordinates": [
                    [
                        [
                            -119.207871,
                            40.770290163841125
                        ],
                        [
                            -119.20783945444263,
                            40.770289120754356
                        ],
                        [
                            -119.20780814896898,
                            40.770285999432666
                        ],
                        [
                            -119.20777732183541,
                            40.770280823631495
                        ],
                        [
                            -119.20774720765777,
                            40.77027363274229
                        ],
                        [
                            -119.20771803562552,
                            40.7702644814927
                        ],
                        [
                            -119.20769002775754,
                            40.770253439530045
                        ],
                        [
                            -119.20766339721234,
                            40.77024059089126
                        ],
                        [
                            -119.20763834666568,
                            40.770226033363265
                        ],
                        [
                            -119.20761506676808,
                            40.77020987773871
                        ],
                        [
                            -119.20759373469394,
                            40.77019224697276
                        ],
                        [
                            -119.20757451279296,
                            40.770173275247345
                        ],
                        [
                            -119.20755754735461,
                            40.770153106949785
                        ],
                        [
                            -119.20754296749487,
                            40.77013189557407
                        ],
                        [
                            -119.20753088417361,
                            40.77010980255246
                        ],
                        [
                            -119.20752138935009,
                            40.77008699602701
                        ],
                        [
                            -119.20751455528318,
                            40.77006364956977
                        ],
                        [
                            -119.20751043398164,
                            40.770039940861864
                        ],
                        [
                            -119.20750905680815,
                            40.770016050341155
                        ],
                        [
                            -119.20751043424092,
                            40.76999215982904
                        ],
                        [
                            -119.20751455579384,
                            40.76996845114664
                        ],
                        [
                            -119.20752139009662,
                            40.76994510473105
                        ],
                        [
                            -119.20753088513335,
                            40.769922298262124
                        ],
                        [
                            -119.20754296863866,
                            40.76990020531021
                        ],
                        [
                            -119.20755754864767,
                            40.769878994015215
                        ],
                        [
                            -119.20757451419601,
                            40.769858825806985
                        ],
                        [
                            -119.20759373616436,
                            40.76983985417676
                        ],
                        [
                            -119.20761506826119,
                            40.769822223509
                        ],
                        [
                            -119.20763834813607,
                            40.76980606798262
                        ],
                        [
                            -119.20766339861537,
                            40.76979151054981
                        ],
                        [
                            -119.2076900290506,
                            40.76977866200034
                        ],
                        [
                            -119.20771803676931,
                            40.76976762011842
                        ],
                        [
                            -119.2077472086175,
                            40.76975846893852
                        ],
                        [
                            -119.20777732258196,
                            40.769751278105836
                        ],
                        [
                            -119.20780814947966,
                            40.769746102346325
                        ],
                        [
                            -119.20783945470191,
                            40.76974298105015
                        ],
                        [
                            -119.207871,
                            40.76974193797196
                        ],
                        [
                            -119.20790254529807,
                            40.76974298105015
                        ],
                        [
                            -119.20793385052033,
                            40.769746102346325
                        ],
                        [
                            -119.20796467741803,
                            40.769751278105836
                        ],
                        [
                            -119.20799479138248,
                            40.76975846893852
                        ],
                        [
                            -119.20802396323069,
                            40.76976762011842
                        ],
                        [
                            -119.2080519709494,
                            40.76977866200034
                        ],
                        [
                            -119.20807860138463,
                            40.76979151054981
                        ],
                        [
                            -119.20810365186391,
                            40.76980606798262
                        ],
                        [
                            -119.20812693173879,
                            40.769822223509
                        ],
                        [
                            -119.20814826383562,
                            40.76983985417676
                        ],
                        [
                            -119.20816748580397,
                            40.769858825806985
                        ],
                        [
                            -119.20818445135232,
                            40.769878994015215
                        ],
                        [
                            -119.20819903136132,
                            40.76990020531021
                        ],
                        [
                            -119.20821111486664,
                            40.769922298262124
                        ],
                        [
                            -119.20822060990338,
                            40.76994510473105
                        ],
                        [
                            -119.20822744420614,
                            40.76996845114664
                        ],
                        [
                            -119.20823156575906,
                            40.76999215982904
                        ],
                        [
                            -119.20823294319183,
                            40.770016050341155
                        ],
                        [
                            -119.20823156601836,
                            40.770039940861864
                        ],
                        [
                            -119.2082274447168,
                            40.77006364956977
                        ],
                        [
                            -119.2082206106499,
                            40.77008699602701
                        ],
                        [
                            -119.20821111582637,
                            40.77010980255246
                        ],
                        [
                            -119.2081990325051,
                            40.77013189557407
                        ],
                        [
                            -119.20818445264538,
                            40.770153106949785
                        ],
                        [
                            -119.20816748720704,
                            40.770173275247345
                        ],
                        [
                            -119.20814826530604,
                            40.77019224697276
                        ],
                        [
                            -119.2081269332319,
                            40.77020987773871
                        ],
                        [
                            -119.20810365333432,
                            40.770226033363265
                        ],
                        [
                            -119.20807860278767,
                            40.77024059089126
                        ],
                        [
                            -119.20805197224246,
                            40.770253439530045
                        ],
                        [
                            -119.20802396437448,
                            40.7702644814927
                        ],
                        [
                            -119.20799479234222,
                            40.77027363274229
                        ],
                        [
                            -119.20796467816457,
                            40.770280823631495
                        ],
                        [
                            -119.207933851031,
                            40.770285999432666
                        ],
                        [
                            -119.20790254555735,
                            40.770289120754356
                        ],
                        [
                            -119.207871,
                            40.770290163841125
                        ]
                    ]
                ]
            }
        },
        {
            "type": "Feature",
            "properties": {
                "name": "7:30 G Plaza"
            },
            "geometry": {
                "type": "Polygon",
                "coordinates": [
                    [
                        [
                            -119.2253382359524,
                            40.78351479606117
                        ],
                        [
                            -119.22530668411464,
                            40.78351375297439
                        ],
                        [
                            -119.22527537240835,
                            40.7835106316527
                        ],
                        [
                            -119.22524453913745,
                            40.78350545585151
                        ],
                        [
                            -119.22521441896434,
                            40.783498264962304
                        ],
                        [
                            -119.22518524112425,
                            40.78348911371269
                        ],
                        [
                            -119.22515722768019,
                            40.78347807175002
                        ],
                        [
                            -119.22513059183309,
                            40.78346522311122
                        ],
                        [
                            -119.22510553629918,
                            40.78345066558319
                        ],
                        [
                            -119.22508225176684,
                            40.78343450995861
                        ],
                        [
                            -119.22506091544571,
                            40.78341687919265
                        ],
                        [
                            -119.22504168971788,
                            40.783397907467204
                        ],
                        [
                            -119.22502472090193,
                            40.78337773916964
                        ],
                        [
                            -119.22501013813958,
                            40.78335652779389
                        ],
                        [
                            -119.2249980524127,
                            40.78333443477227
                        ],
                        [
                            -119.2249885556989,
                            40.7833116282468
                        ],
                        [
                            -119.22498172027149,
                            40.78328828178955
                        ],
                        [
                            -119.2249775981495,
                            40.78326457308164
                        ],
                        [
                            -119.22497622070189,
                            40.78324068256092
                        ],
                        [
                            -119.22497759840896,
                            40.783216792048826
                        ],
                        [
                            -119.22498172078251,
                            40.78319308336643
                        ],
                        [
                            -119.22498855644595,
                            40.783169736950846
                        ],
                        [
                            -119.22499805337307,
                            40.78314693048193
                        ],
                        [
                            -119.22501013928411,
                            40.78312483753003
                        ],
                        [
                            -119.22502472219585,
                            40.783103626235054
                        ],
                        [
                            -119.22504169112187,
                            40.783083458026844
                        ],
                        [
                            -119.22506091691712,
                            40.78306448639665
                        ],
                        [
                            -119.22508225326092,
                            40.7830468557289
                        ],
                        [
                            -119.22510553777055,
                            40.78303070020255
                        ],
                        [
                            -119.22513059323711,
                            40.78301614276977
                        ],
                        [
                            -119.22515722897411,
                            40.783003294220315
                        ],
                        [
                            -119.2251852422688,
                            40.782992252338424
                        ],
                        [
                            -119.22521441992473,
                            40.78298310115852
                        ],
                        [
                            -119.22524453988447,
                            40.78297591032587
                        ],
                        [
                            -119.22527537291936,
                            40.782970734566355
                        ],
                        [
                            -119.22530668437408,
                            40.78296761327019
                        ],
                        [
                            -119.2253382359524,
                            40.782966570192
                        ],
                        [
                            -119.22536978753072,
                            40.78296761327019
                        ],
                        [
                            -119.22540109898546,
                            40.782970734566355
                        ],
                        [
                            -119.22543193202034,
                            40.78297591032587
                        ],
                        [
                            -119.22546205198007,
                            40.78298310115852
                        ],
                        [
                            -119.225491229636,
                            40.782992252338424
                        ],
                        [
                            -119.2255192429307,
                            40.783003294220315
                        ],
                        [
                            -119.2255458786677,
                            40.78301614276977
                        ],
                        [
                            -119.22557093413425,
                            40.78303070020255
                        ],
                        [
                            -119.22559421864389,
                            40.7830468557289
                        ],
                        [
                            -119.22561555498768,
                            40.78306448639665
                        ],
                        [
                            -119.22563478078293,
                            40.783083458026844
                        ],
                        [
                            -119.22565174970894,
                            40.783103626235054
                        ],
                        [
                            -119.2256663326207,
                            40.78312483753003
                        ],
                        [
                            -119.22567841853174,
                            40.78314693048193
                        ],
                        [
                            -119.22568791545886,
                            40.783169736950846
                        ],
                        [
                            -119.2256947511223,
                            40.78319308336643
                        ],
                        [
                            -119.22569887349586,
                            40.783216792048826
                        ],
                        [
                            -119.22570025120292,
                            40.78324068256092
                        ],
                        [
                            -119.22569887375532,
                            40.78326457308164
                        ],
                        [
                            -119.22569475163333,
                            40.78328828178955
                        ],
                        [
                            -119.2256879162059,
                            40.7833116282468
                        ],
                        [
                            -119.2256784194921,
                            40.78333443477227
                        ],
                        [
                            -119.22566633376522,
                            40.78335652779389
                        ],
                        [
                            -119.22565175100287,
                            40.78337773916964
                        ],
                        [
                            -119.22563478218692,
                            40.783397907467204
                        ],
                        [
                            -119.22561555645909,
                            40.78341687919265
                        ],
                        [
                            -119.22559422013796,
                            40.78343450995861
                        ],
                        [
                            -119.22557093560563,
                            40.78345066558319
                        ],
                        [
                            -119.2255458800717,
                            40.78346522311122
                        ],
                        [
                            -119.22551924422463,
                            40.78347807175002
                        ],
                        [
                            -119.22549123078055,
                            40.78348911371269
                        ],
                        [
                            -119.22546205294046,
                            40.783498264962304
                        ],
                        [
                            -119.22543193276736,
                            40.78350545585151
                        ],
                        [
                            -119.22540109949645,
                            40.7835106316527
                        ],
                        [
                            -119.22536978779016,
                            40.78351375297439
                        ],
                        [
                            -119.2253382359524,
                            40.78351479606117
                        ]
                    ]
                ]
            }
        },
        {
            "type": "Feature",
            "properties": {
                "name": "9:00 G Plaza"
            },
            "geometry": {
                "type": "Polygon",
                "coordinates": [
                    [
                        [
                            -119.22022394059412,
                            40.79286761265521
                        ],
                        [
                            -119.22019238431217,
                            40.79286656956843
                        ],
                        [
                            -119.22016106819548,
                            40.79286344824675
                        ],
                        [
                            -119.22013023058159,
                            40.79285827244556
                        ],
                        [
                            -119.22010010616596,
                            40.79285108155633
                        ],
                        [
                            -119.22007092421605,
                            40.7928419303067
                        ],
                        [
                            -119.2200429068262,
                            40.79283088834402
                        ],
                        [
                            -119.22001626722738,
                            40.7928180397052
                        ],
                        [
                            -119.21999120816429,
                            40.792803482177156
                        ],
                        [
                            -119.21996792035226,
                            40.79278732655256
                        ],
                        [
                            -119.21994658102588,
                            40.79276969578659
                        ],
                        [
                            -119.21992735259006,
                            40.79275072406112
                        ],
                        [
                            -119.21991038138401,
                            40.79273055576355
                        ],
                        [
                            -119.21989579656766,
                            40.79270934438778
                        ],
                        [
                            -119.21988370913853,
                            40.792687251366154
                        ],
                        [
                            -119.2198742110871,
                            40.79266444484067
                        ],
                        [
                            -119.21986737469695,
                            40.79264109838342
                        ],
                        [
                            -119.2198632519944,
                            40.79261738967549
                        ],
                        [
                            -119.21986187435279,
                            40.79259349915479
                        ],
                        [
                            -119.21986325225394,
                            40.79256960864268
                        ],
                        [
                            -119.21986737520821,
                            40.79254589996028
                        ],
                        [
                            -119.21987421183451,
                            40.79252255354472
                        ],
                        [
                            -119.21988371009934,
                            40.79249974707581
                        ],
                        [
                            -119.21989579771274,
                            40.79247765412392
                        ],
                        [
                            -119.21991038267855,
                            40.79245644282896
                        ],
                        [
                            -119.21992735399469,
                            40.79243627462077
                        ],
                        [
                            -119.21994658249795,
                            40.79241730299058
                        ],
                        [
                            -119.21996792184704,
                            40.79239967232286
                        ],
                        [
                            -119.21999120963638,
                            40.79238351679652
                        ],
                        [
                            -119.22001626863201,
                            40.79236895936374
                        ],
                        [
                            -119.22004290812073,
                            40.79235611081432
                        ],
                        [
                            -119.22007092536113,
                            40.79234506893243
                        ],
                        [
                            -119.2201001071268,
                            40.79233591775255
                        ],
                        [
                            -119.22013023132895,
                            40.79232872691989
                        ],
                        [
                            -119.22016106870673,
                            40.792323551160386
                        ],
                        [
                            -119.22019238457172,
                            40.792320429864226
                        ],
                        [
                            -119.22022394059412,
                            40.792319386786055
                        ],
                        [
                            -119.22025549661653,
                            40.792320429864226
                        ],
                        [
                            -119.22028681248149,
                            40.792323551160386
                        ],
                        [
                            -119.22031764985927,
                            40.79232872691989
                        ],
                        [
                            -119.22034777406145,
                            40.79233591775255
                        ],
                        [
                            -119.22037695582712,
                            40.79234506893243
                        ],
                        [
                            -119.2204049730675,
                            40.79235611081432
                        ],
                        [
                            -119.22043161255623,
                            40.79236895936374
                        ],
                        [
                            -119.22045667155187,
                            40.79238351679652
                        ],
                        [
                            -119.22047995934119,
                            40.79239967232286
                        ],
                        [
                            -119.22050129869028,
                            40.79241730299058
                        ],
                        [
                            -119.22052052719353,
                            40.79243627462077
                        ],
                        [
                            -119.22053749850967,
                            40.79245644282896
                        ],
                        [
                            -119.2205520834755,
                            40.79247765412392
                        ],
                        [
                            -119.22056417108888,
                            40.79249974707581
                        ],
                        [
                            -119.22057366935373,
                            40.79252255354472
                        ],
                        [
                            -119.22058050598004,
                            40.79254589996028
                        ],
                        [
                            -119.22058462893429,
                            40.79256960864268
                        ],
                        [
                            -119.22058600683543,
                            40.79259349915479
                        ],
                        [
                            -119.22058462919385,
                            40.79261738967549
                        ],
                        [
                            -119.2205805064913,
                            40.79264109838342
                        ],
                        [
                            -119.22057367010115,
                            40.79266444484067
                        ],
                        [
                            -119.22056417204972,
                            40.792687251366154
                        ],
                        [
                            -119.22055208462058,
                            40.79270934438778
                        ],
                        [
                            -119.22053749980422,
                            40.79273055576355
                        ],
                        [
                            -119.22052052859817,
                            40.79275072406112
                        ],
                        [
                            -119.22050130016237,
                            40.79276969578659
                        ],
                        [
                            -119.22047996083597,
                            40.79278732655256
                        ],
                        [
                            -119.22045667302395,
                            40.792803482177156
                        ],
                        [
                            -119.22043161396086,
                            40.7928180397052
                        ],
                        [
                            -119.22040497436204,
                            40.79283088834402
                        ],
                        [
                            -119.22037695697217,
                            40.7928419303067
                        ],
                        [
                            -119.22034777502229,
                            40.79285108155633
                        ],
                        [
                            -119.22031765060666,
                            40.79285827244556
                        ],
                        [
                            -119.22028681299275,
                            40.79286344824675
                        ],
                        [
                            -119.22025549687608,
                            40.79286656956843
                        ],
                        [
                            -119.22022394059412,
                            40.79286761265521
                        ]
                    ]
                ]
            }
        },
        {
            "type": "Feature",
            "properties": {
                "name": "6:00 G Plaza"
            },
            "geometry": {
                "type": "Polygon",
                "coordinates": [
                    [
                        [
                            -119.22022046225935,
                            40.774163296340475
                        ],
                        [
                            -119.22018891486307,
                            40.77416225325371
                        ],
                        [
                            -119.22015760756446,
                            40.77415913193202
                        ],
                        [
                            -119.22012677863387,
                            40.77415395613085
                        ],
                        [
                            -119.22009666270071,
                            40.77414676524163
                        ],
                        [
                            -119.22006748896791,
                            40.77413761399204
                        ],
                        [
                            -119.22003947946723,
                            40.77412657202938
                        ],
                        [
                            -119.22001284736962,
                            40.774113723390585
                        ],
                        [
                            -119.21998779536267,
                            40.77409916586258
                        ],
                        [
                            -119.21996451410801,
                            40.774083010238016
                        ],
                        [
                            -119.21994318079035,
                            40.77406537947207
                        ],
                        [
                            -119.21992395776884,
                            40.774046407746646
                        ],
                        [
                            -119.21990699134152,
                            40.774026239449086
                        ],
                        [
                            -119.2198924106319,
                            40.77400502807336
                        ],
                        [
                            -119.21988032660626,
                            40.773982935051755
                        ],
                        [
                            -119.21987083122924,
                            40.77396012852629
                        ],
                        [
                            -119.21986399676398,
                            40.77393678206904
                        ],
                        [
                            -119.2198598752222,
                            40.77391307336114
                        ],
                        [
                            -119.21985849796847,
                            40.77388918284043
                        ],
                        [
                            -119.21985987548153,
                            40.77386529232832
                        ],
                        [
                            -119.21986399727476,
                            40.77384158364592
                        ],
                        [
                            -119.21987083197594,
                            40.77381823723033
                        ],
                        [
                            -119.21988032756619,
                            40.77379543076141
                        ],
                        [
                            -119.21989241177587,
                            40.77377333780949
                        ],
                        [
                            -119.21990699263483,
                            40.77375212651451
                        ],
                        [
                            -119.21992395917218,
                            40.773731958306286
                        ],
                        [
                            -119.21994318226103,
                            40.77371298667607
                        ],
                        [
                            -119.2199645156014,
                            40.77369535600832
                        ],
                        [
                            -119.21998779683335,
                            40.773679200481936
                        ],
                        [
                            -119.22001284877295,
                            40.77366464304914
                        ],
                        [
                            -119.22003948076056,
                            40.773651794499685
                        ],
                        [
                            -119.22006749011193,
                            40.77364075261777
                        ],
                        [
                            -119.22009666366066,
                            40.77363160143786
                        ],
                        [
                            -119.22012677938055,
                            40.77362441060519
                        ],
                        [
                            -119.22015760807523,
                            40.773619234845675
                        ],
                        [
                            -119.22018891512239,
                            40.7736161135495
                        ],
                        [
                            -119.22022046225935,
                            40.773615070471315
                        ],
                        [
                            -119.22025200939629,
                            40.7736161135495
                        ],
                        [
                            -119.22028331644346,
                            40.773619234845675
                        ],
                        [
                            -119.22031414513813,
                            40.77362441060519
                        ],
                        [
                            -119.22034426085803,
                            40.77363160143786
                        ],
                        [
                            -119.22037343440677,
                            40.77364075261777
                        ],
                        [
                            -119.22040144375813,
                            40.773651794499685
                        ],
                        [
                            -119.22042807574573,
                            40.77366464304914
                        ],
                        [
                            -119.22045312768533,
                            40.773679200481936
                        ],
                        [
                            -119.22047640891729,
                            40.77369535600832
                        ],
                        [
                            -119.22049774225765,
                            40.77371298667607
                        ],
                        [
                            -119.2205169653465,
                            40.773731958306286
                        ],
                        [
                            -119.22053393188385,
                            40.77375212651451
                        ],
                        [
                            -119.22054851274281,
                            40.77377333780949
                        ],
                        [
                            -119.2205605969525,
                            40.77379543076141
                        ],
                        [
                            -119.22057009254274,
                            40.77381823723033
                        ],
                        [
                            -119.22057692724393,
                            40.77384158364592
                        ],
                        [
                            -119.22058104903715,
                            40.77386529232832
                        ],
                        [
                            -119.22058242655022,
                            40.77388918284043
                        ],
                        [
                            -119.22058104929648,
                            40.77391307336114
                        ],
                        [
                            -119.2205769277547,
                            40.77393678206904
                        ],
                        [
                            -119.22057009328944,
                            40.77396012852629
                        ],
                        [
                            -119.22056059791245,
                            40.773982935051755
                        ],
                        [
                            -119.22054851388678,
                            40.77400502807336
                        ],
                        [
                            -119.22053393317717,
                            40.774026239449086
                        ],
                        [
                            -119.22051696674984,
                            40.774046407746646
                        ],
                        [
                            -119.22049774372833,
                            40.77406537947207
                        ],
                        [
                            -119.22047641041067,
                            40.774083010238016
                        ],
                        [
                            -119.22045312915601,
                            40.77409916586258
                        ],
                        [
                            -119.22042807714907,
                            40.774113723390585
                        ],
                        [
                            -119.22040144505145,
                            40.77412657202938
                        ],
                        [
                            -119.22037343555077,
                            40.77413761399204
                        ],
                        [
                            -119.22034426181797,
                            40.77414676524163
                        ],
                        [
                            -119.22031414588483,
                            40.77415395613085
                        ],
                        [
                            -119.22028331695422,
                            40.77415913193202
                        ],
                        [
                            -119.22025200965561,
                            40.77416225325371
                        ],
                        [
                            -119.22022046225935,
                            40.774163296340475
                        ]
                    ]
                ]
            }
        },
        {
            "type": "Feature",
            "properties": {
                "name": "The Man Plaza"
            },
            "geometry": {
                "type": "Polygon",
                "coordinates": [
                    [
                        [
                            -119.207871,
                            40.78379022586917
                        ],
                        [
                            -119.20780789606374,
                            40.78378813968703
                        ],
                        [
                            -119.20774527239841,
                            40.78378189701813
                        ],
                        [
                            -119.20768360561928,
                            40.7837715453741
                        ],
                        [
                            -119.20762336505858,
                            40.7837571635391
                        ],
                        [
                            -119.20756500919303,
                            40.78373886097017
                        ],
                        [
                            -119.20750898215445,
                            40.783716776964056
                        ],
                        [
                            -119.20745571034918,
                            40.78369107959708
                        ],
                        [
                            -119.20740559921288,
                            40.78366196444579
                        ],
                        [
                            -119.20735903012459,
                            40.783629653098394
                        ],
                        [
                            -119.20731635750425,
                            40.78359439146825
                        ],
                        [
                            -119.20727790611524,
                            40.783556447922116
                        ],
                        [
                            -119.20724396859272,
                            40.78351611123762
                        ],
                        [
                            -119.20721480321679,
                            40.783473688405365
                        ],
                        [
                            -119.20719063194672,
                            40.78342950229241
                        ],
                        [
                            -119.20717163873209,
                            40.78338388918492
                        ],
                        [
                            -119.20715796811302,
                            40.78333719622875
                        ],
                        [
                            -119.20714972412047,
                            40.78328977878741
                        ],
                        [
                            -119.20714696948464,
                            40.7832419977374
                        ],
                        [
                            -119.20714972515823,
                            40.78319421672177
                        ],
                        [
                            -119.20715797015708,
                            40.78314679938251
                        ],
                        [
                            -119.20717164172028,
                            40.78310010659302
                        ],
                        [
                            -119.20719063578825,
                            40.78305449371174
                        ],
                        [
                            -119.20721480779495,
                            40.78301030787766
                        ],
                        [
                            -119.2072439737684,
                            40.78296788536848
                        ],
                        [
                            -119.20727791173114,
                            40.78292754904144
                        ],
                        [
                            -119.20731636338981,
                            40.78288960587627
                        ],
                        [
                            -119.20735903610095,
                            40.78285434463901
                        ],
                        [
                            -119.20740560509844,
                            40.782822033684525
                        ],
                        [
                            -119.20745571596512,
                            40.7827929189142
                        ],
                        [
                            -119.20750898733013,
                            40.78276722190466
                        ],
                        [
                            -119.20756501377119,
                            40.78274513822162
                        ],
                        [
                            -119.2076233689001,
                            40.78272683593157
                        ],
                        [
                            -119.20768360860744,
                            40.782712454322784
                        ],
                        [
                            -119.20774527444243,
                            40.78270210284544
                        ],
                        [
                            -119.20780789710155,
                            40.78269586027861
                        ],
                        [
                            -119.207871,
                            40.78269377413085
                        ],
                        [
                            -119.20793410289843,
                            40.78269586027861
                        ],
                        [
                            -119.20799672555755,
                            40.78270210284544
                        ],
                        [
                            -119.20805839139254,
                            40.782712454322784
                        ],
                        [
                            -119.20811863109988,
                            40.78272683593157
                        ],
                        [
                            -119.20817698622879,
                            40.78274513822162
                        ],
                        [
                            -119.20823301266985,
                            40.78276722190466
                        ],
                        [
                            -119.20828628403486,
                            40.7827929189142
                        ],
                        [
                            -119.20833639490154,
                            40.782822033684525
                        ],
                        [
                            -119.20838296389904,
                            40.78285434463901
                        ],
                        [
                            -119.20842563661017,
                            40.78288960587627
                        ],
                        [
                            -119.20846408826884,
                            40.78292754904144
                        ],
                        [
                            -119.2084980262316,
                            40.78296788536848
                        ],
                        [
                            -119.20852719220504,
                            40.78301030787766
                        ],
                        [
                            -119.20855136421174,
                            40.78305449371174
                        ],
                        [
                            -119.2085703582797,
                            40.78310010659302
                        ],
                        [
                            -119.2085840298429,
                            40.78314679938251
                        ],
                        [
                            -119.20859227484175,
                            40.78319421672177
                        ],
                        [
                            -119.20859503051534,
                            40.7832419977374
                        ],
                        [
                            -119.20859227587954,
                            40.78328977878741
                        ],
                        [
                            -119.20858403188696,
                            40.78333719622875
                        ],
                        [
                            -119.20857036126789,
                            40.78338388918492
                        ],
                        [
                            -119.20855136805326,
                            40.78342950229241
                        ],
                        [
                            -119.2085271967832,
                            40.783473688405365
                        ],
                        [
                            -119.20849803140726,
                            40.78351611123762
                        ],
                        [
                            -119.20846409388476,
                            40.783556447922116
                        ],
                        [
                            -119.20842564249573,
                            40.78359439146825
                        ],
                        [
                            -119.20838296987539,
                            40.783629653098394
                        ],
                        [
                            -119.2083364007871,
                            40.78366196444579
                        ],
                        [
                            -119.20828628965081,
                            40.78369107959708
                        ],
                        [
                            -119.20823301784553,
                            40.783716776964056
                        ],
                        [
                            -119.20817699080696,
                            40.78373886097017
                        ],
                        [
                            -119.20811863494141,
                            40.7837571635391
                        ],
                        [
                            -119.20805839438071,
                            40.7837715453741
                        ],
                        [
                            -119.20799672760157,
                            40.78378189701813
                        ],
                        [
                            -119.20793410393624,
                            40.78378813968703
                        ],
                        [
                            -119.207871,
                            40.78379022586917
                        ]
                    ]
                ]
            }
        },
        {
            "type": "Feature",
            "properties": {
                "name": "2:00 B Plaza"
            },
            "geometry": {
                "type": "Polygon",
                "coordinates": [
                    [
                        [
                            -119.19662917775949,
                            40.78123466487399
                        ],
                        [
                            -119.19659762700485,
                            40.78123362178722
                        ],
                        [
                            -119.19656631637349,
                            40.781230500465526
                        ],
                        [
                            -119.196535484161,
                            40.78122532466435
                        ],
                        [
                            -119.1965053650219,
                            40.78121813377513
                        ],
                        [
                            -119.19647618818347,
                            40.78120898252552
                        ],
                        [
                            -119.19644817570108,
                            40.781197940562855
                        ],
                        [
                            -119.19642154076838,
                            40.781185091924065
                        ],
                        [
                            -119.19639648609454,
                            40.781170534396026
                        ],
                        [
                            -119.19637320236154,
                            40.781154378771454
                        ],
                        [
                            -119.19635186677289,
                            40.7811367480055
                        ],
                        [
                            -119.19633264170504,
                            40.781117776280055
                        ],
                        [
                            -119.19631567347159,
                            40.781097607982495
                        ],
                        [
                            -119.19630109120982,
                            40.78107639660675
                        ],
                        [
                            -119.19628900589782,
                            40.78105430358514
                        ],
                        [
                            -119.19627950951003,
                            40.781031497059665
                        ],
                        [
                            -119.19627267431727,
                            40.78100815060242
                        ],
                        [
                            -119.19626855233678,
                            40.78098444189451
                        ],
                        [
                            -119.19626717493645,
                            40.7809605513738
                        ],
                        [
                            -119.19626855259618,
                            40.78093666086169
                        ],
                        [
                            -119.19627267482822,
                            40.78091295217929
                        ],
                        [
                            -119.19627951025699,
                            40.78088960576372
                        ],
                        [
                            -119.1962890068581,
                            40.7808667992948
                        ],
                        [
                            -119.19630109235422,
                            40.7808447063429
                        ],
                        [
                            -119.19631567476537,
                            40.78082349504791
                        ],
                        [
                            -119.19633264310886,
                            40.78080332683972
                        ],
                        [
                            -119.19635186824412,
                            40.7807843552095
                        ],
                        [
                            -119.19637320385546,
                            40.780766724541756
                        ],
                        [
                            -119.19639648756578,
                            40.780750569015396
                        ],
                        [
                            -119.19642154217219,
                            40.780736011582604
                        ],
                        [
                            -119.19644817699485,
                            40.780723163033166
                        ],
                        [
                            -119.19647618932785,
                            40.78071212115125
                        ],
                        [
                            -119.19650536598219,
                            40.78070296997136
                        ],
                        [
                            -119.19653548490797,
                            40.78069577913869
                        ],
                        [
                            -119.19656631688444,
                            40.78069060337918
                        ],
                        [
                            -119.19659762726428,
                            40.780687482083
                        ],
                        [
                            -119.19662917775949,
                            40.78068643900483
                        ],
                        [
                            -119.19666072825471,
                            40.780687482083
                        ],
                        [
                            -119.19669203863455,
                            40.78069060337918
                        ],
                        [
                            -119.196722870611,
                            40.78069577913869
                        ],
                        [
                            -119.19675298953679,
                            40.78070296997136
                        ],
                        [
                            -119.19678216619113,
                            40.78071212115125
                        ],
                        [
                            -119.19681017852412,
                            40.780723163033166
                        ],
                        [
                            -119.19683681334679,
                            40.780736011582604
                        ],
                        [
                            -119.19686186795322,
                            40.780750569015396
                        ],
                        [
                            -119.19688515166352,
                            40.780766724541756
                        ],
                        [
                            -119.19690648727487,
                            40.7807843552095
                        ],
                        [
                            -119.19692571241013,
                            40.78080332683972
                        ],
                        [
                            -119.19694268075362,
                            40.78082349504791
                        ],
                        [
                            -119.19695726316476,
                            40.7808447063429
                        ],
                        [
                            -119.1969693486609,
                            40.7808667992948
                        ],
                        [
                            -119.19697884526201,
                            40.78088960576372
                        ],
                        [
                            -119.19698568069077,
                            40.78091295217929
                        ],
                        [
                            -119.19698980292281,
                            40.78093666086169
                        ],
                        [
                            -119.19699118058254,
                            40.7809605513738
                        ],
                        [
                            -119.1969898031822,
                            40.78098444189451
                        ],
                        [
                            -119.19698568120172,
                            40.78100815060242
                        ],
                        [
                            -119.19697884600893,
                            40.781031497059665
                        ],
                        [
                            -119.19696934962117,
                            40.78105430358514
                        ],
                        [
                            -119.19695726430915,
                            40.78107639660675
                        ],
                        [
                            -119.19694268204738,
                            40.781097607982495
                        ],
                        [
                            -119.19692571381394,
                            40.781117776280055
                        ],
                        [
                            -119.19690648874608,
                            40.7811367480055
                        ],
                        [
                            -119.19688515315744,
                            40.781154378771454
                        ],
                        [
                            -119.19686186942444,
                            40.781170534396026
                        ],
                        [
                            -119.19683681475061,
                            40.781185091924065
                        ],
                        [
                            -119.1968101798179,
                            40.781197940562855
                        ],
                        [
                            -119.1967821673355,
                            40.78120898252552
                        ],
                        [
                            -119.19675299049706,
                            40.78121813377513
                        ],
                        [
                            -119.19672287135796,
                            40.78122532466435
                        ],
                        [
                            -119.1966920391455,
                            40.781230500465526
                        ],
                        [
                            -119.19666072851413,
                            40.78123362178722
                        ],
                        [
                            -119.19662917775949,
                            40.78123466487399
                        ]
                    ]
                ]
            }
        },
        {
            "type": "Feature",
            "properties": {
                "name": "10:00 B Plaza"
            },
            "geometry": {
                "type": "Polygon",
                "coordinates": [
                    [
                        [
                            -119.21088372680403,
                            40.79202851808679
                        ],
                        [
                            -119.21085217092084,
                            40.79202747500001
                        ],
                        [
                            -119.21082085519997,
                            40.792024353678315
                        ],
                        [
                            -119.21079001797577,
                            40.79201917787713
                        ],
                        [
                            -119.21075989394085,
                            40.792011986987895
                        ],
                        [
                            -119.21073071235972,
                            40.79200283573828
                        ],
                        [
                            -119.21070269532396,
                            40.7919917937756
                        ],
                        [
                            -119.21067605606179,
                            40.791978945136776
                        ],
                        [
                            -119.21065099731538,
                            40.79196438760874
                        ],
                        [
                            -119.21062770979763,
                            40.791948231984136
                        ],
                        [
                            -119.21060637074096,
                            40.79193060121816
                        ],
                        [
                            -119.21058714254812,
                            40.791911629492695
                        ],
                        [
                            -119.21057017155658,
                            40.79189146119512
                        ],
                        [
                            -119.21055558692451,
                            40.791870249819375
                        ],
                        [
                            -119.21054349964815,
                            40.791848156797734
                        ],
                        [
                            -119.21053400171678,
                            40.791825350272255
                        ],
                        [
                            -119.21052716541301,
                            40.79180200381501
                        ],
                        [
                            -119.21052304276253,
                            40.79177829510708
                        ],
                        [
                            -119.21052166513837,
                            40.79175440458638
                        ],
                        [
                            -119.21052304302208,
                            40.79173051407427
                        ],
                        [
                            -119.21052716592423,
                            40.79170680539188
                        ],
                        [
                            -119.21053400246413,
                            40.7916834589763
                        ],
                        [
                            -119.21054350060894,
                            40.7916606525074
                        ],
                        [
                            -119.21055558806958,
                            40.7916385595555
                        ],
                        [
                            -119.21057017285106,
                            40.791617348260544
                        ],
                        [
                            -119.21058714395274,
                            40.79159718005236
                        ],
                        [
                            -119.210606372213,
                            40.79157820842217
                        ],
                        [
                            -119.21062771129239,
                            40.791560577754446
                        ],
                        [
                            -119.21065099878739,
                            40.79154442222809
                        ],
                        [
                            -119.21067605746639,
                            40.79152986479533
                        ],
                        [
                            -119.21070269661841,
                            40.79151701624589
                        ],
                        [
                            -119.21073071350476,
                            40.79150597436401
                        ],
                        [
                            -119.21075989490164,
                            40.791496823184126
                        ],
                        [
                            -119.21079001872313,
                            40.79148963235147
                        ],
                        [
                            -119.21082085571119,
                            40.79148445659197
                        ],
                        [
                            -119.2108521711804,
                            40.7914813352958
                        ],
                        [
                            -119.21088372680403,
                            40.79148029221762
                        ],
                        [
                            -119.21091528242762,
                            40.7914813352958
                        ],
                        [
                            -119.21094659789684,
                            40.79148445659197
                        ],
                        [
                            -119.21097743488491,
                            40.79148963235147
                        ],
                        [
                            -119.21100755870638,
                            40.791496823184126
                        ],
                        [
                            -119.2110367401033,
                            40.79150597436401
                        ],
                        [
                            -119.21106475698961,
                            40.79151701624589
                        ],
                        [
                            -119.21109139614164,
                            40.79152986479533
                        ],
                        [
                            -119.21111645482064,
                            40.79154442222809
                        ],
                        [
                            -119.21113974231565,
                            40.791560577754446
                        ],
                        [
                            -119.21116108139506,
                            40.79157820842217
                        ],
                        [
                            -119.21118030965529,
                            40.79159718005236
                        ],
                        [
                            -119.21119728075698,
                            40.791617348260544
                        ],
                        [
                            -119.21121186553846,
                            40.7916385595555
                        ],
                        [
                            -119.2112239529991,
                            40.7916606525074
                        ],
                        [
                            -119.2112334511439,
                            40.7916834589763
                        ],
                        [
                            -119.2112402876838,
                            40.79170680539188
                        ],
                        [
                            -119.21124441058595,
                            40.79173051407427
                        ],
                        [
                            -119.21124578846965,
                            40.79175440458638
                        ],
                        [
                            -119.2112444108455,
                            40.79177829510708
                        ],
                        [
                            -119.21124028819501,
                            40.79180200381501
                        ],
                        [
                            -119.21123345189126,
                            40.791825350272255
                        ],
                        [
                            -119.21122395395989,
                            40.791848156797734
                        ],
                        [
                            -119.21121186668351,
                            40.791870249819375
                        ],
                        [
                            -119.21119728205146,
                            40.79189146119512
                        ],
                        [
                            -119.2111803110599,
                            40.791911629492695
                        ],
                        [
                            -119.21116108286706,
                            40.79193060121816
                        ],
                        [
                            -119.21113974381039,
                            40.791948231984136
                        ],
                        [
                            -119.21111645629266,
                            40.79196438760874
                        ],
                        [
                            -119.21109139754623,
                            40.791978945136776
                        ],
                        [
                            -119.21106475828408,
                            40.7919917937756
                        ],
                        [
                            -119.21103674124831,
                            40.79200283573828
                        ],
                        [
                            -119.2110075596672,
                            40.792011986987895
                        ],
                        [
                            -119.21097743563226,
                            40.79201917787713
                        ],
                        [
                            -119.21094659840807,
                            40.792024353678315
                        ],
                        [
                            -119.2109152826872,
                            40.79202747500001
                        ],
                        [
                            -119.21088372680403,
                            40.79202851808679
                        ]
                    ]
                ]
            }
        },
        {
            "type": "Feature",
            "properties": {
                "name": "Café",
                "ref": "cafe"
            },
            "geometry": {
                "type": "Polygon",
                "coordinates": [
                    [
                        [
                            -119.21554727164684,
                            40.77773039471209
                        ],
                        [
                            -119.21551256764765,
                            40.77772924731617
                        ],
                        [
                            -119.21547812777041,
                            40.7777258138609
                        ],
                        [
                            -119.21544421412688,
                            40.77772012047732
                        ],
                        [
                            -119.21541108482357,
                            40.77771221049608
                        ],
                        [
                            -119.21537899199745,
                            40.77770214411768
                        ],
                        [
                            -119.21534817989685,
                            40.77768999795432
                        ],
                        [
                            -119.21531888302252,
                            40.77767586444672
                        ],
                        [
                            -119.21529132434284,
                            40.777659851160664
                        ],
                        [
                            -119.21526571359696,
                            40.77764207996824
                        ],
                        [
                            -119.2152422456984,
                            40.77762268612029
                        ],
                        [
                            -119.2152210992518,
                            40.77760181721707
                        ],
                        [
                            -119.2152024351934,
                            40.777579632084844
                        ],
                        [
                            -119.21518639556648,
                            40.777556299567095
                        ],
                        [
                            -119.21517310244012,
                            40.777531997239485
                        ],
                        [
                            -119.21516265698067,
                            40.77750691005837
                        ],
                        [
                            -119.21515513868131,
                            40.77748122895311
                        ],
                        [
                            -119.21515060475762,
                            40.777455149373
                        ],
                        [
                            -119.21514908971207,
                            40.77742886979975
                        ],
                        [
                            -119.21515060507147,
                            40.777402590236896
                        ],
                        [
                            -119.21515513929943,
                            40.77737651068766
                        ],
                        [
                            -119.21516265788432,
                            40.77735082963281
                        ],
                        [
                            -119.21517310360187,
                            40.77732574252011
                        ],
                        [
                            -119.21518639695094,
                            40.777301440276844
                        ],
                        [
                            -119.2152024367586,
                            40.77727810785681
                        ],
                        [
                            -119.21522110095015,
                            40.777255922832694
                        ],
                        [
                            -119.21524224747829,
                            40.77723505404468
                        ],
                        [
                            -119.21526571540429,
                            40.77721566031556
                        ],
                        [
                            -119.2152913261227,
                            40.77719788924196
                        ],
                        [
                            -119.21531888472082,
                            40.77718187607112
                        ],
                        [
                            -119.21534818146203,
                            40.77716774267164
                        ],
                        [
                            -119.21537899338195,
                            40.77715559660598
                        ],
                        [
                            -119.2154110859853,
                            40.77714553031192
                        ],
                        [
                            -119.21544421503053,
                            40.77713762039909
                        ],
                        [
                            -119.21547812838855,
                            40.77713192706593
                        ],
                        [
                            -119.21551256796148,
                            40.777128493641534
                        ],
                        [
                            -119.21554727164684,
                            40.777127346256016
                        ],
                        [
                            -119.2155819753322,
                            40.777128493641534
                        ],
                        [
                            -119.21561641490513,
                            40.77713192706593
                        ],
                        [
                            -119.21565032826315,
                            40.77713762039909
                        ],
                        [
                            -119.21568345730839,
                            40.77714553031192
                        ],
                        [
                            -119.21571554991174,
                            40.77715559660598
                        ],
                        [
                            -119.21574636183163,
                            40.77716774267164
                        ],
                        [
                            -119.21577565857285,
                            40.77718187607112
                        ],
                        [
                            -119.21580321717097,
                            40.77719788924196
                        ],
                        [
                            -119.2158288278894,
                            40.77721566031556
                        ],
                        [
                            -119.2158522958154,
                            40.77723505404468
                        ],
                        [
                            -119.21587344234354,
                            40.777255922832694
                        ],
                        [
                            -119.21589210653507,
                            40.77727810785681
                        ],
                        [
                            -119.21590814634273,
                            40.777301440276844
                        ],
                        [
                            -119.21592143969181,
                            40.77732574252011
                        ],
                        [
                            -119.21593188540935,
                            40.77735082963281
                        ],
                        [
                            -119.21593940399426,
                            40.77737651068766
                        ],
                        [
                            -119.21594393822221,
                            40.777402590236896
                        ],
                        [
                            -119.21594545358161,
                            40.77742886979975
                        ],
                        [
                            -119.21594393853604,
                            40.777455149373
                        ],
                        [
                            -119.21593940461237,
                            40.77748122895311
                        ],
                        [
                            -119.21593188631302,
                            40.77750691005837
                        ],
                        [
                            -119.21592144085353,
                            40.777531997239485
                        ],
                        [
                            -119.2159081477272,
                            40.777556299567095
                        ],
                        [
                            -119.21589210810028,
                            40.777579632084844
                        ],
                        [
                            -119.21587344404188,
                            40.77760181721707
                        ],
                        [
                            -119.21585229759528,
                            40.77762268612029
                        ],
                        [
                            -119.21582882969672,
                            40.77764207996824
                        ],
                        [
                            -119.21580321895084,
                            40.777659851160664
                        ],
                        [
                            -119.21577566027116,
                            40.77767586444672
                        ],
                        [
                            -119.21574636339683,
                            40.77768999795432
                        ],
                        [
                            -119.21571555129623,
                            40.77770214411768
                        ],
                        [
                            -119.21568345847011,
                            40.77771221049608
                        ],
                        [
                            -119.2156503291668,
                            40.77772012047732
                        ],
                        [
                            -119.21561641552327,
                            40.7777258138609
                        ],
                        [
                            -119.21558197564603,
                            40.77772924731617
                        ],
                        [
                            -119.21554727164684,
                            40.77773039471209
                        ]
                    ]
                ]
            }
        },
        {
            "type": "Feature",
            "properties": {
                "ref": "centerPlaza",
                "name": "Center Camp Plaza"
            },
            "geometry": {
                "type": "Polygon",
                "coordinates": [
                    [
                        [
                            -119.21554727164684,
                            40.7783060318747
                        ],
                        [
                            -119.2154463136868,
                            40.7783026939668
                        ],
                        [
                            -119.21534612410797,
                            40.77829270564758
                        ],
                        [
                            -119.21524746544299,
                            40.77827614293717
                        ],
                        [
                            -119.21515108857133,
                            40.77825313189265
                        ],
                        [
                            -119.21505772700405,
                            40.77822384764853
                        ],
                        [
                            -119.2149680913005,
                            40.778188513083784
                        ],
                        [
                            -119.21488286365997,
                            40.77814739712513
                        ],
                        [
                            -119.21480269272902,
                            40.77810081270031
                        ],
                        [
                            -119.21472818866478,
                            40.77804911435599
                        ],
                        [
                            -119.21465991849077,
                            40.777992695559256
                        ],
                        [
                            -119.21459840178161,
                            40.77793198570268
                        ],
                        [
                            -119.21454410670871,
                            40.77786744683602
                        ],
                        [
                            -119.21449744647755,
                            40.77779957014943
                        ],
                        [
                            -119.21445877618326,
                            40.77772887223491
                        ],
                        [
                            -119.21442839010862,
                            40.7776558911544
                        ],
                        [
                            -119.21440651948518,
                            40.777581182344576
                        ],
                        [
                            -119.21439333073407,
                            40.77750531438946
                        ],
                        [
                            -119.21438892420029,
                            40.77742886469296
                        ],
                        [
                            -119.21439333339002,
                            40.777352415084444
                        ],
                        [
                            -119.2144065247164,
                            40.77727654739059
                        ],
                        [
                            -119.21442839775615,
                            40.77720183900738
                        ],
                        [
                            -119.21445878601469,
                            40.77712885850587
                        ],
                        [
                            -119.21449745819422,
                            40.77705816130514
                        ],
                        [
                            -119.21454411995458,
                            40.77699028544545
                        ],
                        [
                            -119.2145984161542,
                            40.77692574749366
                        ],
                        [
                            -119.21465993355343,
                            40.77686503861212
                        ],
                        [
                            -119.2147282039598,
                            40.77680862082102
                        ],
                        [
                            -119.21480270779168,
                            40.77675692348232
                        ],
                        [
                            -119.21488287803255,
                            40.776710340032544
                        ],
                        [
                            -119.21496810454639,
                            40.77666922498878
                        ],
                        [
                            -119.21505773872069,
                            40.77663389125091
                        ],
                        [
                            -119.21515109840277,
                            40.7766046077206
                        ],
                        [
                            -119.21524747309049,
                            40.77658159725507
                        ],
                        [
                            -119.21534612933918,
                            40.77656503497126
                        ],
                        [
                            -119.21544631634274,
                            40.77655504691331
                        ],
                        [
                            -119.21554727164684,
                            40.7765517090934
                        ],
                        [
                            -119.21564822695095,
                            40.77655504691331
                        ],
                        [
                            -119.2157484139545,
                            40.77656503497126
                        ],
                        [
                            -119.2158470702032,
                            40.77658159725507
                        ],
                        [
                            -119.21594344489091,
                            40.7766046077206
                        ],
                        [
                            -119.216036804573,
                            40.77663389125091
                        ],
                        [
                            -119.2161264387473,
                            40.77666922498878
                        ],
                        [
                            -119.21621166526113,
                            40.776710340032544
                        ],
                        [
                            -119.216291835502,
                            40.77675692348232
                        ],
                        [
                            -119.21636633933389,
                            40.77680862082102
                        ],
                        [
                            -119.21643460974025,
                            40.77686503861212
                        ],
                        [
                            -119.21649612713948,
                            40.77692574749366
                        ],
                        [
                            -119.2165504233391,
                            40.77699028544545
                        ],
                        [
                            -119.21659708509947,
                            40.77705816130514
                        ],
                        [
                            -119.216635757279,
                            40.77712885850587
                        ],
                        [
                            -119.21666614553753,
                            40.77720183900738
                        ],
                        [
                            -119.21668801857729,
                            40.77727654739059
                        ],
                        [
                            -119.21670120990366,
                            40.777352415084444
                        ],
                        [
                            -119.21670561909337,
                            40.77742886469296
                        ],
                        [
                            -119.21670121255961,
                            40.77750531438946
                        ],
                        [
                            -119.21668802380847,
                            40.777581182344576
                        ],
                        [
                            -119.21666615318503,
                            40.7776558911544
                        ],
                        [
                            -119.21663576711042,
                            40.77772887223491
                        ],
                        [
                            -119.21659709681612,
                            40.77779957014943
                        ],
                        [
                            -119.21655043658495,
                            40.77786744683602
                        ],
                        [
                            -119.21649614151207,
                            40.77793198570268
                        ],
                        [
                            -119.2164346248029,
                            40.777992695559256
                        ],
                        [
                            -119.2163663546289,
                            40.77804911435599
                        ],
                        [
                            -119.21629185056466,
                            40.77810081270031
                        ],
                        [
                            -119.21621167963372,
                            40.77814739712513
                        ],
                        [
                            -119.21612645199318,
                            40.778188513083784
                        ],
                        [
                            -119.21603681628963,
                            40.77822384764853
                        ],
                        [
                            -119.21594345472235,
                            40.77825313189265
                        ],
                        [
                            -119.2158470778507,
                            40.77827614293717
                        ],
                        [
                            -119.2157484191857,
                            40.77829270564758
                        ],
                        [
                            -119.21564822960688,
                            40.7783026939668
                        ],
                        [
                            -119.21554727164684,
                            40.7783060318747
                        ]
                    ],
                    [
                        [
                            -119.21554727164684,
                            40.77773039471209
                        ],
                        [
                            -119.21551256764765,
                            40.77772924731617
                        ],
                        [
                            -119.21547812777041,
                            40.7777258138609
                        ],
                        [
                            -119.21544421412688,
                            40.77772012047732
                        ],
                        [
                            -119.21541108482357,
                            40.77771221049608
                        ],
                        [
                            -119.21537899199745,
                            40.77770214411768
                        ],
                        [
                            -119.21534817989685,
                            40.77768999795432
                        ],
                        [
                            -119.21531888302252,
                            40.77767586444672
                        ],
                        [
                            -119.21529132434284,
                            40.777659851160664
                        ],
                        [
                            -119.21526571359696,
                            40.77764207996824
                        ],
                        [
                            -119.2152422456984,
                            40.77762268612029
                        ],
                        [
                            -119.2152210992518,
                            40.77760181721707
                        ],
                        [
                            -119.2152024351934,
                            40.777579632084844
                        ],
                        [
                            -119.21518639556648,
                            40.777556299567095
                        ],
                        [
                            -119.21517310244012,
                            40.777531997239485
                        ],
                        [
                            -119.21516265698067,
                            40.77750691005837
                        ],
                        [
                            -119.21515513868131,
                            40.77748122895311
                        ],
                        [
                            -119.21515060475762,
                            40.777455149373
                        ],
                        [
                            -119.21514908971207,
                            40.77742886979975
                        ],
                        [
                            -119.21515060507147,
                            40.777402590236896
                        ],
                        [
                            -119.21515513929943,
                            40.77737651068766
                        ],
                        [
                            -119.21516265788432,
                            40.77735082963281
                        ],
                        [
                            -119.21517310360187,
                            40.77732574252011
                        ],
                        [
                            -119.21518639695094,
                            40.777301440276844
                        ],
                        [
                            -119.2152024367586,
                            40.77727810785681
                        ],
                        [
                            -119.21522110095015,
                            40.777255922832694
                        ],
                        [
                            -119.21524224747829,
                            40.77723505404468
                        ],
                        [
                            -119.21526571540429,
                            40.77721566031556
                        ],
                        [
                            -119.2152913261227,
                            40.77719788924196
                        ],
                        [
                            -119.21531888472082,
                            40.77718187607112
                        ],
                        [
                            -119.21534818146203,
                            40.77716774267164
                        ],
                        [
                            -119.21537899338195,
                            40.77715559660598
                        ],
                        [
                            -119.2154110859853,
                            40.77714553031192
                        ],
                        [
                            -119.21544421503053,
                            40.77713762039909
                        ],
                        [
                            -119.21547812838855,
                            40.77713192706593
                        ],
                        [
                            -119.21551256796148,
                            40.777128493641534
                        ],
                        [
                            -119.21554727164684,
                            40.777127346256016
                        ],
                        [
                            -119.2155819753322,
                            40.777128493641534
                        ],
                        [
                            -119.21561641490513,
                            40.77713192706593
                        ],
                        [
                            -119.21565032826315,
                            40.77713762039909
                        ],
                        [
                            -119.21568345730839,
                            40.77714553031192
                        ],
                        [
                            -119.21571554991174,
                            40.77715559660598
                        ],
                        [
                            -119.21574636183163,
                            40.77716774267164
                        ],
                        [
                            -119.21577565857285,
                            40.77718187607112
                        ],
                        [
                            -119.21580321717097,
                            40.77719788924196
                        ],
                        [
                            -119.2158288278894,
                            40.77721566031556
                        ],
                        [
                            -119.2158522958154,
                            40.77723505404468
                        ],
                        [
                            -119.21587344234354,
                            40.777255922832694
                        ],
                        [
                            -119.21589210653507,
                            40.77727810785681
                        ],
                        [
                            -119.21590814634273,
                            40.777301440276844
                        ],
                        [
                            -119.21592143969181,
                            40.77732574252011
                        ],
                        [
                            -119.21593188540935,
                            40.77735082963281
                        ],
                        [
                            -119.21593940399426,
                            40.77737651068766
                        ],
                        [
                            -119.21594393822221,
                            40.777402590236896
                        ],
                        [
                            -119.21594545358161,
                            40.77742886979975
                        ],
                        [
                            -119.21594393853604,
                            40.777455149373
                        ],
                        [
                            -119.21593940461237,
                            40.77748122895311
                        ],
                        [
                            -119.21593188631302,
                            40.77750691005837
                        ],
                        [
                            -119.21592144085353,
                            40.777531997239485
                        ],
                        [
                            -119.2159081477272,
                            40.777556299567095
                        ],
                        [
                            -119.21589210810028,
                            40.777579632084844
                        ],
                        [
                            -119.21587344404188,
                            40.77760181721707
                        ],
                        [
                            -119.21585229759528,
                            40.77762268612029
                        ],
                        [
                            -119.21582882969672,
                            40.77764207996824
                        ],
                        [
                            -119.21580321895084,
                            40.777659851160664
                        ],
                        [
                            -119.21577566027116,
                            40.77767586444672
                        ],
                        [
                            -119.21574636339683,
                            40.77768999795432
                        ],
                        [
                            -119.21571555129623,
                            40.77770214411768
                        ],
                        [
                            -119.21568345847011,
                            40.77771221049608
                        ],
                        [
                            -119.2156503291668,
                            40.77772012047732
                        ],
                        [
                            -119.21561641552327,
                            40.7777258138609
                        ],
                        [
                            -119.21558197564603,
                            40.77772924731617
                        ],
                        [
                            -119.21554727164684,
                            40.77773039471209
                        ]
                    ]
                ]
            }
        },
        {
            "type": "Feature",
            "properties": {
                "name": "3:00 Portal",
                "ref": "3portal"
            },
            "geometry": {
                "type": "Polygon",
                "coordinates": [
                    [
                        [
                            -119.20180553394788,
                            40.77815725803625
                        ],
                        [
                            -119.1999384338965,
                            40.7771673771006
                        ],
                        [
                            -119.19993842278994,
                            40.77716739030255
                        ],
                        [
                            -119.19991919886537,
                            40.777186362028
                        ],
                        [
                            -119.19989786454548,
                            40.77720399279394
                        ],
                        [
                            -119.19987458219713,
                            40.77722014841852
                        ],
                        [
                            -119.19984954345233,
                            40.77723469755649
                        ],
                        [
                            -119.2011568420714,
                            40.77864835167302
                        ],
                        [
                            -119.20119882396556,
                            40.77861210748735
                        ],
                        [
                            -119.20147188077509,
                            40.7783961453811
                        ],
                        [
                            -119.20175711600758,
                            40.778189407297894
                        ],
                        [
                            -119.20180553394788,
                            40.77815725803625
                        ]
                    ]
                ]
            }
        },
        {
            "type": "Feature",
            "properties": {
                "name": "4:30 Portal",
                "ref": "43portal"
            },
            "geometry": {
                "type": "Polygon",
                "coordinates": [
                    [
                        [
                            -119.20832965294305,
                            40.77639887066739
                        ],
                        [
                            -119.20793386154678,
                            40.774699216614835
                        ],
                        [
                            -119.20793385520582,
                            40.77469921767939
                        ],
                        [
                            -119.20790254765272,
                            40.77470233900109
                        ],
                        [
                            -119.207871,
                            40.77470338208784
                        ],
                        [
                            -119.20783945234726,
                            40.77470233900109
                        ],
                        [
                            -119.20780814479417,
                            40.77469921767939
                        ],
                        [
                            -119.20780813845322,
                            40.774699216614835
                        ],
                        [
                            -119.20741234705694,
                            40.77639887066739
                        ],
                        [
                            -119.20747626859327,
                            40.776395698332344
                        ],
                        [
                            -119.207871,
                            40.776389176635526
                        ],
                        [
                            -119.20826573140671,
                            40.776395698332344
                        ],
                        [
                            -119.20832965294305,
                            40.77639887066739
                        ]
                    ]
                ]
            }
        },
        {
            "type": "Feature",
            "properties": {
                "name": "6:00 Portal",
                "ref": "6portal"
            },
            "geometry": {
                "type": "Polygon",
                "coordinates": [
                    [
                        [
                            -119.21499909763017,
                            40.778200735837885
                        ],
                        [
                            -119.2149680913005,
                            40.778188513083784
                        ],
                        [
                            -119.21488286365997,
                            40.77814739712513
                        ],
                        [
                            -119.21480269272902,
                            40.77810081270031
                        ],
                        [
                            -119.21472818866478,
                            40.77804911435599
                        ],
                        [
                            -119.21465991849077,
                            40.777992695559256
                        ],
                        [
                            -119.21459840178161,
                            40.77793198570268
                        ],
                        [
                            -119.21454410670871,
                            40.77786744683602
                        ],
                        [
                            -119.2145278125491,
                            40.77784374370514
                        ],
                        [
                            -119.20827154124287,
                            40.7811606327437
                        ],
                        [
                            -119.21061833616464,
                            40.782937894884014
                        ],
                        [
                            -119.21499909763017,
                            40.778200735837885
                        ]
                    ]
                ]
            }
        },
        {
            "type": "Feature",
            "properties": {
                "name": "7:30 Portal",
                "ref": "73portal"
            },
            "geometry": {
                "type": "Polygon",
                "coordinates": [
                    [
                        [
                            -119.21915327946289,
                            40.78319380132527
                        ],
                        [
                            -119.21690937949322,
                            40.78289411615108
                        ],
                        [
                            -119.21692102865063,
                            40.78318184508847
                        ],
                        [
                            -119.21692138140999,
                            40.783241646467445
                        ],
                        [
                            -119.21691590073189,
                            40.78348080698262
                        ],
                        [
                            -119.21690782429597,
                            40.78358869766495
                        ],
                        [
                            -119.21915327226642,
                            40.78328899952716
                        ],
                        [
                            -119.21914915265936,
                            40.78326530528432
                        ],
                        [
                            -119.21914777521174,
                            40.78324141476361
                        ],
                        [
                            -119.2191491529188,
                            40.7832175242515
                        ],
                        [
                            -119.2191532752924,
                            40.7831938155691
                        ],
                        [
                            -119.21915327946289,
                            40.78319380132527
                        ]
                    ]
                ]
            }
        },
        {
            "type": "Feature",
            "properties": {
                "name": "9:00 Portal",
                "ref": "9portal"
            },
            "geometry": {
                "type": "Polygon",
                "coordinates": [
                    [
                        [
                            -119.21589399310781,
                            40.78924870160374
                        ],
                        [
                            -119.21458706747285,
                            40.78783540189537
                        ],
                        [
                            -119.2143266554978,
                            40.78804502751267
                        ],
                        [
                            -119.2140438111079,
                            40.7882536732805
                        ],
                        [
                            -119.21393726114233,
                            40.78832568570418
                        ],
                        [
                            -119.21580507988303,
                            40.789316011844754
                        ],
                        [
                            -119.21582429489224,
                            40.789297052637394
                        ],
                        [
                            -119.21584563323857,
                            40.789279421969674
                        ],
                        [
                            -119.21586891993356,
                            40.78926326644332
                        ],
                        [
                            -119.21589397775166,
                            40.78924870901054
                        ],
                        [
                            -119.21589399310781,
                            40.78924870160374
                        ]
                    ]
                ]
            }
        }
    ]
}