{
    "type": "FeatureCollection",
    "features": [
        {
            "type": "Feature",
            "properties": {
                "ref": "esplanade",
                "name": "Esplanade",
                "type": "arc"
            },
            "geometry": {
                "type": "MultiLineString",
                "coordinates": [
                    [
                        [
                            -119.19912923629876,
                            40.781468028962934
                        ],
                        [
                            -119.19923976562835,
                            40.78118099472103
                        ],
                        [
                            -119.19936672347438,
                            40.780897884209544
                        ],
                        [
                            -119.199509867981,
                            40.780619236291834
                        ],
                        [
                            -119.19966892649322,
                            40.78034558133057
                        ],
                        [
                            -119.19984359607709,
                            40.780077440178644
                        ],
                        [
                            -119.20003354409779,
                            40.779815323188146
                        ],
                        [
                            -119.20023840885358,
                            40.779559729239445
                        ],
                        [
                            -119.20045780026553,
                            40.77931114479208
                        ],
                        [
                            -119.20069130062076,
                            40.77907004295937
                        ],
                        [
                            -119.20093846536824,
                            40.778836882608445
                        ],
                        [
                            -119.20119882396556,
                            40.77861210748735
                        ],
                        [
                            -119.20147188077509,
                            40.7783961453811
                        ],
                        [
                            -119.20175711600758,
                            40.778189407297894
                        ],
                        [
                            -119.20205398671177,
                            40.77799228668754
                        ],
                        [
                            -119.20236192780779,
                            40.7778051586931
                        ],
                        [
                            -119.20268035316259,
                            40.777628379437424
                        ],
                        [
                            -119.20300865670534,
                            40.77746228534597
                        ],
                        [
                            -119.20334621358059,
                            40.777307192507
                        ],
                        [
                            -119.20369238133696,
                            40.77716339607053
                        ],
                        [
                            -119.20404650114938,
                            40.77703116968703
                        ],
                        [
                            -119.20440789907211,
                            40.776910764987136
                        ],
                        [
                            -119.2047758873207,
                            40.776802411103205
                        ],
                        [
                            -119.20514976557996,
                            40.77670631423355
                        ],
                        [
                            -119.20552882233576,
                            40.77662265725048
                        ],
                        [
                            -119.20591233622798,
                            40.77655159935256
                        ],
                        [
                            -119.20629957742234,
                            40.776493275761894
                        ],
                        [
                            -119.2066898089978,
                            40.77644779746711
                        ],
                        [
                            -119.20708228834809,
                            40.77641525101227
                        ],
                        [
                            -119.20747626859327,
                            40.776395698332344
                        ],
                        [
                            -119.207871,
                            40.776389176635526
                        ],
                        [
                            -119.20826573140671,
                            40.776395698332344
                        ],
                        [
                            -119.20865971165189,
                            40.77641525101227
                        ],
                        [
                            -119.20905219100219,
                            40.77644779746711
                        ],
                        [
                            -119.20944242257765,
                            40.776493275761894
                        ],
                        [
                            -119.209829663772,
                            40.77655159935256
                        ],
                        [
                            -119.21021317766423,
                            40.77662265725048
                        ],
                        [
                            -119.21059223442003,
                            40.77670631423355
                        ],
                        [
                            -119.21096611267929,
                            40.776802411103205
                        ],
                        [
                            -119.21133410092789,
                            40.776910764987136
                        ],
                        [
                            -119.2116954988506,
                            40.77703116968703
                        ],
                        [
                            -119.21204961866303,
                            40.77716339607053
                        ],
                        [
                            -119.21239578641939,
                            40.777307192507
                        ],
                        [
                            -119.21273334329464,
                            40.77746228534597
                        ],
                        [
                            -119.2130616468374,
                            40.777628379437424
                        ],
                        [
                            -119.21338007219221,
                            40.7778051586931
                        ]
                    ],
                    [
                        [
                            -119.21500234489251,
                            40.77902276114756
                        ],
                        [
                            -119.21523861453447,
                            40.77926231092186
                        ],
                        [
                            -119.21546086202272,
                            40.77950943625227
                        ],
                        [
                            -119.2156686642114,
                            40.77976366680356
                        ],
                        [
                            -119.21570845590219,
                            40.779815323188146
                        ],
                        [
                            -119.2158616254336,
                            40.78002451871219
                        ],
                        [
                            -119.21603937825526,
                            40.780291495506745
                        ],
                        [
                            -119.21620158417564,
                            40.7805640890525
                        ],
                        [
                            -119.21634793427253,
                            40.78084178051804
                        ],
                        [
                            -119.21647814979175,
                            40.78112404136248
                        ],
                        [
                            -119.21659198267876,
                            40.78141033434108
                        ],
                        [
                            -119.21661276370124,
                            40.781468028962934
                        ],
                        [
                            -119.21668921605242,
                            40.78170011452745
                        ],
                        [
                            -119.2167696646192,
                            40.78199283035057
                        ],
                        [
                            -119.21683317502762,
                            40.78228792464431
                        ],
                        [
                            -119.21687962616154,
                            40.7825848357079
                        ],
                        [
                            -119.21690892937261,
                            40.7828829983748
                        ],
                        [
                            -119.21692102865063,
                            40.78318184508847
                        ],
                        [
                            -119.21692138140999,
                            40.783241646467445
                        ],
                        [
                            -119.21691590073189,
                            40.78348080698262
                        ],
                        [
                            -119.21689355514532,
                            40.783779314963965
                        ],
                        [
                            -119.216854034196,
                            40.784076800795724
                        ],
                        [
                            -119.2167974128865,
                            40.78437269817913
                        ],
                        [
                            -119.21672379877576,
                            40.784666443831775
                        ],
                        [
                            -119.21663333177614,
                            40.78495747855984
                        ],
                        [
                            -119.21661323060434,
                            40.78501531133634
                        ],
                        [
                            -119.21652618388859,
                            40.78524524832295
                        ],
                        [
                            -119.21640255887692,
                            40.785529205289045
                        ],
                        [
                            -119.21626269188148,
                            40.78580880887754
                        ],
                        [
                            -119.21610684897286,
                            40.78608352678885
                        ],
                        [
                            -119.21593532664676,
                            40.78635283601795
                        ],
                        [
                            -119.21574845126091,
                            40.78661622385056
                        ],
                        [
                            -119.21570926460208,
                            40.786668146513016
                        ],
                        [
                            -119.21554657841484,
                            40.78687318883958
                        ],
                        [
                            -119.21533009227397,
                            40.78712324176022
                        ],
                        [
                            -119.2150994048392,
                            40.787365906541815
                        ],
                        [
                            -119.21485495516335,
                            40.787600721174684
                        ],
                        [
                            -119.2145972085159,
                            40.787827238590246
                        ],
                        [
                            -119.2143266554978,
                            40.78804502751267
                        ],
                        [
                            -119.2140438111079,
                            40.7882536732805
                        ],
                        [
                            -119.21374921376257,
                            40.78845277863668
                        ],
                        [
                            -119.21344342427085,
                            40.788641964485365
                        ],
                        [
                            -119.21312702476672,
                            40.78882087061427
                        ],
                        [
                            -119.2128006176006,
                            40.78898915638102
                        ],
                        [
                            -119.21246482419232,
                            40.7891465013622
                        ],
                        [
                            -119.21239659511932,
                            40.789176630726715
                        ],
                        [
                            -119.21212028384738,
                            40.78929260596385
                        ],
                        [
                            -119.2117676525394,
                            40.78942719199254
                        ],
                        [
                            -119.2114076016604,
                            40.78955000318533
                        ],
                        [
                            -119.21104081674173,
                            40.789660805698205
                        ],
                        [
                            -119.210667996148,
                            40.789759388551666
                        ],
                        [
                            -119.21028984974637,
                            40.78984556403284
                        ],
                        [
                            -119.21021364456733,
                            40.789861295385144
                        ]
                    ]
                ]
            }
        },
        {
            "type": "Feature",
            "properties": {
                "ref": "a",
                "name": "Ararat",
                "type": "arc"
            },
            "geometry": {
                "type": "MultiLineString",
                "coordinates": [
                    [
                        [
                            -119.19760821711213,
                            40.781159290627635
                        ],
                        [
                            -119.19773798556078,
                            40.780822314120954
                        ],
                        [
                            -119.19788704067115,
                            40.78048994429881
                        ],
                        [
                            -119.19805509845436,
                            40.780162813772165
                        ],
                        [
                            -119.1982418387667,
                            40.77984154517064
                        ],
                        [
                            -119.1984469059211,
                            40.77952674995781
                        ],
                        [
                            -119.19866990936565,
                            40.77921902726803
                        ],
                        [
                            -119.19891042442859,
                            40.778918962766596
                        ],
                        [
                            -119.19916799312804,
                            40.77862712753578
                        ],
                        [
                            -119.19944212504491,
                            40.77834407698845
                        ],
                        [
                            -119.19973229825723,
                            40.77807034981177
                        ],
                        [
                            -119.20003796033461,
                            40.77780646694255
                        ],
                        [
                            -119.2003585293902,
                            40.7775529305766
                        ],
                        [
                            -119.20069339518871,
                            40.77731022321363
                        ],
                        [
                            -119.20104192030813,
                            40.77707880673977
                        ],
                        [
                            -119.20140344135302,
                            40.77685912154921
                        ],
                        [
                            -119.20177727021685,
                            40.77665158570679
                        ],
                        [
                            -119.20216269539164,
                            40.77645659415314
                        ],
                        [
                            -119.20255898332115,
                            40.77627451795376
                        ],
                        [
                            -119.20296537979685,
                            40.776105703593466
                        ],
                        [
                            -119.20338111139203,
                            40.77595047231775
                        ],
                        [
                            -119.203805386933,
                            40.775809119521966
                        ],
                        [
                            -119.20423739900359,
                            40.77568191418981
                        ],
                        [
                            -119.20467632548039,
                            40.77556909838195
                        ],
                        [
                            -119.20512133109601,
                            40.775470886775885
                        ],
                        [
                            -119.20557156902714,
                            40.77538746625783
                        ],
                        [
                            -119.20602618250435,
                            40.775318995567524
                        ],
                        [
                            -119.20648430644094,
                            40.7752656049964
                        ],
                        [
                            -119.20694506907736,
                            40.77522739614
                        ],
                        [
                            -119.2074075936385,
                            40.77520444170482
                        ],
                        [
                            -119.207871,
                            40.775196785370106
                        ],
                        [
                            -119.2083344063615,
                            40.77520444170482
                        ],
                        [
                            -119.20879693092262,
                            40.77522739614
                        ],
                        [
                            -119.20925769355907,
                            40.7752656049964
                        ],
                        [
                            -119.20971581749563,
                            40.775318995567524
                        ],
                        [
                            -119.21017043097284,
                            40.77538746625783
                        ],
                        [
                            -119.21062066890397,
                            40.775470886775885
                        ],
                        [
                            -119.21106567451959,
                            40.77556909838195
                        ],
                        [
                            -119.21150460099639,
                            40.77568191418981
                        ],
                        [
                            -119.21193661306698,
                            40.775809119521966
                        ],
                        [
                            -119.21236088860796,
                            40.77595047231775
                        ],
                        [
                            -119.21277662020316,
                            40.776105703593466
                        ],
                        [
                            -119.21318301667883,
                            40.77627451795376
                        ],
                        [
                            -119.21357930460836,
                            40.77645659415314
                        ],
                        [
                            -119.21396472978313,
                            40.77665158570679
                        ],
                        [
                            -119.21433855864696,
                            40.77685912154921
                        ],
                        [
                            -119.21470007969185,
                            40.77707880673977
                        ]
                    ],
                    [
                        [
                            -119.21600970174276,
                            40.77807034981177
                        ],
                        [
                            -119.21629987495508,
                            40.77834407698845
                        ],
                        [
                            -119.21657400687194,
                            40.77862712753578
                        ],
                        [
                            -119.21683157557139,
                            40.778918962766596
                        ],
                        [
                            -119.21707209063435,
                            40.77921902726803
                        ],
                        [
                            -119.21729509407888,
                            40.77952674995781
                        ],
                        [
                            -119.21750016123329,
                            40.77984154517064
                        ],
                        [
                            -119.21768690154562,
                            40.780162813772165
                        ],
                        [
                            -119.21785495932883,
                            40.78048994429881
                        ],
                        [
                            -119.21800401443922,
                            40.780822314120954
                        ],
                        [
                            -119.21813378288785,
                            40.781159290627635
                        ],
                        [
                            -119.21824401738301,
                            40.78150023243015
                        ],
                        [
                            -119.218334507803,
                            40.7818444905824
                        ],
                        [
                            -119.21840508159816,
                            40.78219140981588
                        ],
                        [
                            -119.21845560412181,
                            40.782540329786656
                        ],
                        [
                            -119.21848597888868,
                            40.78289058633201
                        ],
                        [
                            -119.21849614776107,
                            40.78324151273458
                        ],
                        [
                            -119.21848609106186,
                            40.78359244099133
                        ],
                        [
                            -119.21845582761443,
                            40.78394270308514
                        ],
                        [
                            -119.21840541470932,
                            40.784291632256426
                        ],
                        [
                            -119.21833494799752,
                            40.78463856427245
                        ],
                        [
                            -119.21824456131077,
                            40.784982838691974
                        ],
                        [
                            -119.2181344264092,
                            40.78532380012269
                        ],
                        [
                            -119.21800475265657,
                            40.78566079946914
                        ],
                        [
                            -119.2178557866239,
                            40.785993195168786
                        ],
                        [
                            -119.21768781162224,
                            40.786320354413704
                        ],
                        [
                            -119.21750114716515,
                            40.78664165435575
                        ],
                        [
                            -119.21729614836252,
                            40.786956483292784
                        ],
                        [
                            -119.21707320524598,
                            40.78726424183383
                        ],
                        [
                            -119.2168327420282,
                            40.787564344040696
                        ],
                        [
                            -119.21657521629645,
                            40.78785621854419
                        ],
                        [
                            -119.21630111814287,
                            40.788139309632534
                        ],
                        [
                            -119.2160109692324,
                            40.78841307831005
                        ],
                        [
                            -119.21570532181049,
                            40.78867700332405
                        ],
                        [
                            -119.21538475765249,
                            40.78893058215797
                        ],
                        [
                            -119.21504988695638,
                            40.78917333198891
                        ],
                        [
                            -119.21470134718146,
                            40.789404790607556
                        ],
                        [
                            -119.21433980183474,
                            40.78962451729895
                        ],
                        [
                            -119.21396593920764,
                            40.78983209368238
                        ],
                        [
                            -119.21358047106519,
                            40.790027124508704
                        ],
                        [
                            -119.21318413129052,
                            40.79020923841354
                        ],
                        [
                            -119.2127776744868,
                            40.790378088625076
                        ],
                        [
                            -119.21236187453988,
                            40.790533353625015
                        ],
                        [
                            -119.2119375231436,
                            40.79067473776131
                        ],
                        [
                            -119.21150542829152,
                            40.79080197181175
                        ],
                        [
                            -119.21106641273697,
                            40.7909148134971
                        ],
                        [
                            -119.21062131242533,
                            40.79101304794295
                        ]
                    ]
                ]
            }
        },
        {
            "type": "Feature",
            "properties": {
                "ref": "b",
                "name": "Bodhi",
                "type": "arc"
            },
            "geometry": {
                "type": "MultiLineString",
                "coordinates": [
                    [
                        [
                            -119.19662917775949,
                            40.780960551939415
                        ],
                        [
                            -119.19677133110883,
                            40.780591428953166
                        ],
                        [
                            -119.19693461078032,
                            40.780227352289394
                        ],
                        [
                            -119.19711870565696,
                            40.77986901490007
                        ],
                        [
                            -119.19732326502042,
                            40.77951709880245
                        ],
                        [
                            -119.19754789922078,
                            40.77917227378148
                        ],
                        [
                            -119.1977921804202,
                            40.7788351961157
                        ],
                        [
                            -119.19805564340915,
                            40.77850650732889
                        ],
                        [
                            -119.19833778649352,
                            40.7781868329697
                        ],
                        [
                            -119.198638072451,
                            40.77787678142199
                        ],
                        [
                            -119.19895592955477,
                            40.77757694274772
                        ],
                        [
                            -119.1992907526627,
                            40.777287887564775
                        ],
                        [
                            -119.19964190436993,
                            40.777010165961855
                        ],
                        [
                            -119.20000871622265,
                            40.77674430645244
                        ],
                        [
                            -119.20039048999048,
                            40.776490814969854
                        ],
                        [
                            -119.20078649899567,
                            40.776250173905275
                        ],
                        [
                            -119.20119598949584,
                            40.776022841190624
                        ],
                        [
                            -119.20161818211822,
                            40.775809249427866
                        ],
                        [
                            -119.20205227334232,
                            40.77560980506666
                        ],
                        [
                            -119.20249743702836,
                            40.77542488763162
                        ],
                        [
                            -119.20295282598849,
                            40.77525484900092
                        ],
                        [
                            -119.20341757359792,
                            40.775100012737326
                        ],
                        [
                            -119.20389079544283,
                            40.77496067347322
                        ],
                        [
                            -119.20437159100197,
                            40.77483709635053
                        ],
                        [
                            -119.20485904535849,
                            40.77472951651677
                        ],
                        [
                            -119.20535223093944,
                            40.774638138678114
                        ],
                        [
                            -119.20585020927894,
                            40.77456313671029
                        ],
                        [
                            -119.20635203280193,
                            40.77450465332816
                        ],
                        [
                            -119.20685674662526,
                            40.7744627998144
                        ],
                        [
                            -119.20736339037268,
                            40.77443765580809
                        ],
                        [
                            -119.207871,
                            40.77442926915328
                        ],
                        [
                            -119.20837860962732,
                            40.77443765580809
                        ],
                        [
                            -119.20888525337472,
                            40.7744627998144
                        ],
                        [
                            -119.20938996719808,
                            40.77450465332816
                        ],
                        [
                            -119.20989179072104,
                            40.77456313671029
                        ],
                        [
                            -119.21038976906054,
                            40.774638138678114
                        ],
                        [
                            -119.21088295464149,
                            40.77472951651677
                        ],
                        [
                            -119.21137040899802,
                            40.77483709635053
                        ],
                        [
                            -119.21185120455715,
                            40.77496067347322
                        ],
                        [
                            -119.21232442640206,
                            40.775100012737326
                        ],
                        [
                            -119.21278917401152,
                            40.77525484900092
                        ],
                        [
                            -119.21324456297164,
                            40.77542488763162
                        ],
                        [
                            -119.21368972665766,
                            40.77560980506666
                        ],
                        [
                            -119.21412381788176,
                            40.775809249427866
                        ],
                        [
                            -119.21454601050415,
                            40.776022841190624
                        ],
                        [
                            -119.21495550100431,
                            40.776250173905275
                        ],
                        [
                            -119.21535151000951,
                            40.776490814969854
                        ],
                        [
                            -119.21573328377735,
                            40.77674430645244
                        ],
                        [
                            -119.21610009563007,
                            40.777010165961855
                        ]
                    ],
                    [
                        [
                            -119.21610009563007,
                            40.777010165961855
                        ],
                        [
                            -119.21645124733729,
                            40.777287887564775
                        ],
                        [
                            -119.21678607044521,
                            40.77757694274772
                        ],
                        [
                            -119.21710392754899,
                            40.77787678142199
                        ],
                        [
                            -119.21740421350647,
                            40.7781868329697
                        ],
                        [
                            -119.21768635659083,
                            40.77850650732889
                        ],
                        [
                            -119.2179498195798,
                            40.7788351961157
                        ],
                        [
                            -119.21819410077921,
                            40.77917227378148
                        ],
                        [
                            -119.21841873497956,
                            40.77951709880245
                        ],
                        [
                            -119.21862329434302,
                            40.77986901490007
                        ],
                        [
                            -119.21880738921966,
                            40.780227352289394
                        ],
                        [
                            -119.21897066889115,
                            40.780591428953166
                        ],
                        [
                            -119.2191128222405,
                            40.780960551939415
                        ],
                        [
                            -119.21923357834663,
                            40.781334018679786
                        ],
                        [
                            -119.21933270700256,
                            40.78171111832636
                        ],
                        [
                            -119.21941001915617,
                            40.78209113310429
                        ],
                        [
                            -119.21946536727283,
                            40.782473339677644
                        ],
                        [
                            -119.21949864561898,
                            40.78285701052604
                        ],
                        [
                            -119.21950979046623,
                            40.78324141532927
                        ],
                        [
                            -119.21949878021576,
                            40.78362582235736
                        ],
                        [
                            -119.21946563544205,
                            40.784009499863366
                        ],
                        [
                            -119.2194104188569,
                            40.78439171747643
                        ],
                        [
                            -119.21933323519282,
                            40.784771747592146
                        ],
                        [
                            -119.21923423100654,
                            40.78514886675785
                        ],
                        [
                            -119.21911359440296,
                            40.78552235705016
                        ],
                        [
                            -119.21897155467956,
                            40.78589150744189
                        ],
                        [
                            -119.2188083818926,
                            40.786255615156115
                        ],
                        [
                            -119.21862438634567,
                            40.786613987004564
                        ],
                        [
                            -119.2184199180011,
                            40.78696594070773
                        ],
                        [
                            -119.21819536581616,
                            40.78731080619444
                        ],
                        [
                            -119.21795115700445,
                            40.78764792687819
                        ],
                        [
                            -119.21768775622459,
                            40.78797666090785
                        ],
                        [
                            -119.21740566469724,
                            40.7882963823904
                        ],
                        [
                            -119.21710541925233,
                            40.788606482583354
                        ],
                        [
                            -119.21678759130843,
                            40.788906371054544
                        ],
                        [
                            -119.21645278578565,
                            40.78919547680708
                        ],
                        [
                            -119.21610163995503,
                            40.789473249367404
                        ],
                        [
                            -119.21573482222571,
                            40.78973915983424
                        ],
                        [
                            -119.21535303087275,
                            40.78999270188642
                        ],
                        [
                            -119.21495699270773,
                            40.79023339274791
                        ],
                        [
                            -119.21454746169495,
                            40.79046077410781
                        ],
                        [
                            -119.21412521751553,
                            40.79067441299393
                        ],
                        [
                            -119.21369106408234,
                            40.790873902597966
                        ],
                        [
                            -119.21324582800864,
                            40.791058863051
                        ],
                        [
                            -119.21279035703313,
                            40.79122894214745
                        ],
                        [
                            -119.21232551840477,
                            40.79138381601657
                        ],
                        [
                            -119.21185219723013,
                            40.79152318973981
                        ],
                        [
                            -119.21137129478647,
                            40.79164679791297
                        ],
                        [
                            -119.21088372680403,
                            40.791754405152204
                        ]
                    ]
                ]
            }
        },
        {
            "type": "Feature",
            "properties": {
                "ref": "c",
                "name": "Ceiba",
                "type": "arc"
            },
            "geometry": {
                "type": "MultiLineString",
                "coordinates": [
                    [
                        [
                            -119.1956501442656,
                            40.78076180497714
                        ],
                        [
                            -119.19580468337712,
                            40.78036053571938
                        ],
                        [
                            -119.19598218841998,
                            40.77996475244964
                        ],
                        [
                            -119.19618232114303,
                            40.77957520845913
                        ],
                        [
                            -119.19640470024744,
                            40.779192645150744
                        ],
                        [
                            -119.19664890211536,
                            40.77881779062866
                        ],
                        [
                            -119.19691446161816,
                            40.77845135831327
                        ],
                        [
                            -119.19720087300446,
                            40.77809404558424
                        ],
                        [
                            -119.19750759086432,
                            40.77774653245411
                        ],
                        [
                            -119.19783403116924,
                            40.77740948027498
                        ],
                        [
                            -119.19817957238516,
                            40.77708353048082
                        ],
                        [
                            -119.19854355665659,
                            40.776769303367665
                        ],
                        [
                            -119.19892529105968,
                            40.77646739691422
                        ],
                        [
                            -119.19932404892164,
                            40.77617838564477
                        ],
                        [
                            -119.19973907120425,
                            40.775902819536924
                        ],
                        [
                            -119.20016956794836,
                            40.77564122297595
                        ],
                        [
                            -119.20061471977743,
                            40.775394093757896
                        ],
                        [
                            -119.20107367945636,
                            40.775161902143324
                        ],
                        [
                            -119.20154557350317,
                            40.77494508996332
                        ],
                        [
                            -119.20202950385054,
                            40.77474406977969
                        ],
                        [
                            -119.20252454955366,
                            40.7745592241008
                        ],
                        [
                            -119.20302976854138,
                            40.774390904654496
                        ],
                        [
                            -119.20354419940756,
                            40.77423943171968
                        ],
                        [
                            -119.20406686323861,
                            40.77410509351755
                        ],
                        [
                            -119.20459676547458,
                            40.77398814566387
                        ],
                        [
                            -119.20513289779943,
                            40.77388881068314
                        ],
                        [
                            -119.20567424005759,
                            40.77380727758579
                        ],
                        [
                            -119.2062197621929,
                            40.77374370150889
                        ],
                        [
                            -119.20676842620607,
                            40.773698203421475
                        ],
                        [
                            -119.20731918812722,
                            40.7736708698945
                        ],
                        [
                            -119.207871,
                            40.773661752936455
                        ],
                        [
                            -119.20842281187278,
                            40.7736708698945
                        ],
                        [
                            -119.20897357379393,
                            40.773698203421475
                        ],
                        [
                            -119.20952223780708,
                            40.77374370150889
                        ],
                        [
                            -119.21006775994239,
                            40.77380727758579
                        ],
                        [
                            -119.21060910220058,
                            40.77388881068314
                        ],
                        [
                            -119.2111452345254,
                            40.77398814566387
                        ],
                        [
                            -119.21167513676137,
                            40.77410509351755
                        ],
                        [
                            -119.21219780059243,
                            40.77423943171968
                        ],
                        [
                            -119.21271223145861,
                            40.774390904654496
                        ],
                        [
                            -119.21321745044632,
                            40.7745592241008
                        ],
                        [
                            -119.21371249614944,
                            40.77474406977969
                        ],
                        [
                            -119.21419642649684,
                            40.77494508996332
                        ],
                        [
                            -119.21466832054364,
                            40.775161902143324
                        ],
                        [
                            -119.21512728022255,
                            40.775394093757896
                        ],
                        [
                            -119.21557243205162,
                            40.77564122297595
                        ],
                        [
                            -119.21600292879573,
                            40.775902819536924
                        ],
                        [
                            -119.21641795107834,
                            40.77617838564477
                        ],
                        [
                            -119.21681670894031,
                            40.77646739691422
                        ]
                    ],
                    [
                        [
                            -119.21681670894031,
                            40.77646739691422
                        ],
                        [
                            -119.21719844334339,
                            40.776769303367665
                        ],
                        [
                            -119.21756242761482,
                            40.77708353048082
                        ],
                        [
                            -119.21790796883076,
                            40.77740948027498
                        ],
                        [
                            -119.21823440913566,
                            40.77774653245411
                        ],
                        [
                            -119.21854112699552,
                            40.77809404558424
                        ],
                        [
                            -119.21882753838182,
                            40.77845135831327
                        ],
                        [
                            -119.21909309788464,
                            40.77881779062866
                        ],
                        [
                            -119.21933729975254,
                            40.779192645150744
                        ],
                        [
                            -119.21955967885695,
                            40.77957520845913
                        ],
                        [
                            -119.21975981158,
                            40.77996475244964
                        ],
                        [
                            -119.21993731662286,
                            40.78036053571938
                        ],
                        [
                            -119.22009185573438,
                            40.78076180497714
                        ],
                        [
                            -119.22022313435758,
                            40.78116779647657
                        ],
                        [
                            -119.22033090219327,
                            40.781577737469235
                        ],
                        [
                            -119.22041495367968,
                            40.78199084767505
                        ],
                        [
                            -119.22047512838685,
                            40.782406340767025
                        ],
                        [
                            -119.22051131132525,
                            40.782823425867754
                        ],
                        [
                            -119.22052343316831,
                            40.78324130905456
                        ],
                        [
                            -119.2205114703875,
                            40.78365919487063
                        ],
                        [
                            -119.22047544530074,
                            40.78407628783912
                        ],
                        [
                            -119.22041542603336,
                            40.78449179397748
                        ],
                        [
                            -119.22033152639185,
                            40.784904922309
                        ],
                        [
                            -119.22022390565049,
                            40.78531488636877
                        ],
                        [
                            -119.22009276825165,
                            40.78572090570111
                        ],
                        [
                            -119.2199383634197,
                            40.78612220734581
                        ],
                        [
                            -119.21976098468961,
                            40.78651802731001
                        ],
                        [
                            -119.21956096935128,
                            40.78690761202323
                        ],
                        [
                            -119.2193386978101,
                            40.78729021977265
                        ],
                        [
                            -119.21909459286545,
                            40.78766512211588
                        ],
                        [
                            -119.21882911890813,
                            40.78803160526858
                        ],
                        [
                            -119.21854278103858,
                            40.78838897146415
                        ],
                        [
                            -119.2182361241072,
                            40.78873654028319
                        ],
                        [
                            -119.21790973167877,
                            40.78907364994973
                        ],
                        [
                            -119.21756422492305,
                            40.78939965859231
                        ],
                        [
                            -119.21720026143319,
                            40.78971394546702
                        ],
                        [
                            -119.2168185339749,
                            40.79001591214033
                        ],
                        [
                            -119.21641976916811,
                            40.79030498362964
                        ],
                        [
                            -119.21600472610398,
                            40.79058060949905
                        ],
                        [
                            -119.21557419489967,
                            40.790842264908456
                        ],
                        [
                            -119.21512899519412,
                            40.79108945161392
                        ],
                        [
                            -119.21466997458674,
                            40.79132169891739
                        ],
                        [
                            -119.21419800702319,
                            40.79153856456397
                        ],
                        [
                            -119.21371399113029,
                            40.79173963558489
                        ],
                        [
                            -119.21321884850398,
                            40.79192452908493
                        ],
                        [
                            -119.21271352195296,
                            40.79209289297228
                        ],
                        [
                            -119.21219897370209,
                            40.7922444066298
                        ],
                        [
                            -119.21167618355824,
                            40.79237878152639
                        ],
                        [
                            -119.21114614704273,
                            40.79249576176701
                        ]
                    ]
                ]
            }
        },
        {
            "type": "Feature",
            "properties": {
                "ref": "d",
                "name": "Delphi",
                "type": "arc"
            },
            "geometry": {
                "type": "MultiLineString",
                "coordinates": [
                    [
                        [
                            -119.19467111663064,
                            40.78056304974093
                        ],
                        [
                            -119.19483804236575,
                            40.78012963441969
                        ],
                        [
                            -119.19502977359025,
                            40.77970214477966
                        ],
                        [
                            -119.19524594491257,
                            40.77928139444948
                        ],
                        [
                            -119.19548614444781,
                            40.77886818421569
                        ],
                        [
                            -119.19574991460475,
                            40.77846330049948
                        ],
                        [
                            -119.19603675295949,
                            40.77806751386082
                        ],
                        [
                            -119.19634611321442,
                            40.77768157753281
                        ],
                        [
                            -119.19667740624027,
                            40.77730622598919
                        ],
                        [
                            -119.19703000119937,
                            40.77694217354762
                        ],
                        [
                            -119.19740322674811,
                            40.77659011301122
                        ],
                        [
                            -119.19779637231596,
                            40.776250714351384
                        ],
                        [
                            -119.19820868945907,
                            40.77592462343384
                        ],
                        [
                            -119.19863939328542,
                            40.77561246079078
                        ],
                        [
                            -119.19908766394907,
                            40.77531482044112
                        ],
                        [
                            -119.19955264821076,
                            40.775032268761315
                        ],
                        [
                            -119.2000334610613,
                            40.774765343408724
                        ],
                        [
                            -119.20052918740558,
                            40.774514552299614
                        ],
                        [
                            -119.20103888380324,
                            40.77428037264383
                        ],
                        [
                            -119.20156158026299,
                            40.77406325003774
                        ],
                        [
                            -119.20209628208717,
                            40.773863597617435
                        ],
                        [
                            -119.20264197176307,
                            40.773681795273525
                        ],
                        [
                            -119.20319761089738,
                            40.77351818892922
                        ],
                        [
                            -119.20376214219004,
                            40.773373089883044
                        ],
                        [
                            -119.20433449144403,
                            40.77324677421717
                        ],
                        [
                            -119.20491356960677,
                            40.773139482272924
                        ],
                        [
                            -119.20549827484011,
                            40.77305141819399
                        ],
                        [
                            -119.20608749461375,
                            40.772982749538635
                        ],
                        [
                            -119.20668010781962,
                            40.77293360696121
                        ],
                        [
                            -119.20727498690202,
                            40.77290408396404
                        ],
                        [
                            -119.207871,
                            40.772894236719644
                        ],
                        [
                            -119.20846701309797,
                            40.77290408396404
                        ],
                        [
                            -119.20906189218036,
                            40.77293360696121
                        ],
                        [
                            -119.20965450538624,
                            40.772982749538635
                        ],
                        [
                            -119.2102437251599,
                            40.77305141819399
                        ],
                        [
                            -119.21082843039319,
                            40.773139482272924
                        ],
                        [
                            -119.21140750855596,
                            40.77324677421717
                        ],
                        [
                            -119.21197985780996,
                            40.773373089883044
                        ],
                        [
                            -119.21254438910262,
                            40.77351818892922
                        ],
                        [
                            -119.21310002823691,
                            40.773681795273525
                        ],
                        [
                            -119.21364571791283,
                            40.773863597617435
                        ],
                        [
                            -119.21418041973698,
                            40.77406325003774
                        ],
                        [
                            -119.21470311619674,
                            40.77428037264383
                        ],
                        [
                            -119.21521281259442,
                            40.774514552299614
                        ],
                        [
                            -119.21570853893869,
                            40.774765343408724
                        ],
                        [
                            -119.21618935178923,
                            40.775032268761315
                        ],
                        [
                            -119.21665433605091,
                            40.77531482044112
                        ],
                        [
                            -119.21710260671458,
                            40.77561246079078
                        ],
                        [
                            -119.21753331054092,
                            40.77592462343384
                        ]
                    ],
                    [
                        [
                            -119.21753331054092,
                            40.77592462343384
                        ],
                        [
                            -119.21794562768402,
                            40.776250714351384
                        ],
                        [
                            -119.21833877325187,
                            40.77659011301122
                        ],
                        [
                            -119.21871199880061,
                            40.77694217354762
                        ],
                        [
                            -119.21906459375971,
                            40.77730622598919
                        ],
                        [
                            -119.21939588678558,
                            40.77768157753281
                        ],
                        [
                            -119.2197052470405,
                            40.77806751386082
                        ],
                        [
                            -119.21999208539523,
                            40.77846330049948
                        ],
                        [
                            -119.22025585555217,
                            40.77886818421569
                        ],
                        [
                            -119.22049605508744,
                            40.77928139444948
                        ],
                        [
                            -119.22071222640976,
                            40.77970214477966
                        ],
                        [
                            -119.22090395763426,
                            40.78012963441969
                        ],
                        [
                            -119.22107088336934,
                            40.78056304974093
                        ],
                        [
                            -119.22121268541561,
                            40.781001565820574
                        ],
                        [
                            -119.22132909337488,
                            40.78144434801106
                        ],
                        [
                            -119.22141988516842,
                            40.7818905535282
                        ],
                        [
                            -119.22148488746353,
                            40.78233933305483
                        ],
                        [
                            -119.22152397600729,
                            40.78278983235715
                        ],
                        [
                            -119.221537075867,
                            40.78324119391043
                        ],
                        [
                            -119.22152416157681,
                            40.783692558531115
                        ],
                        [
                            -119.2214852571903,
                            40.78414306701234
                        ],
                        [
                            -119.22142043623855,
                            40.7845918617595
                        ],
                        [
                            -119.2213298215944,
                            40.78503808842295
                        ],
                        [
                            -119.22121358524235,
                            40.7854808975246
                        ],
                        [
                            -119.22107194795508,
                            40.785919446075454
                        ],
                        [
                            -119.22090517887685,
                            40.78635289918082
                        ],
                        [
                            -119.22071359501481,
                            40.786780431630326
                        ],
                        [
                            -119.22049756063902,
                            40.787201229469545
                        ],
                        [
                            -119.22025748659216,
                            40.78761449155035
                        ],
                        [
                            -119.21999382951043,
                            40.788019431056945
                        ],
                        [
                            -119.21970709095712,
                            40.788415277004816
                        ],
                        [
                            -119.21939781647029,
                            40.78880127570943
                        ],
                        [
                            -119.2190665945265,
                            40.78917669222235
                        ],
                        [
                            -119.21871405542238,
                            40.78954081173146
                        ],
                        [
                            -119.21834087007649,
                            40.789892940923224
                        ],
                        [
                            -119.21794774875342,
                            40.7902324093037
                        ],
                        [
                            -119.21753543971246,
                            40.79055857047658
                        ],
                        [
                            -119.21710472778398,
                            40.79087080337498
                        ],
                        [
                            -119.21665643287558,
                            40.791168513445285
                        ],
                        [
                            -119.21619140841104,
                            40.791451133780434
                        ],
                        [
                            -119.21571053970553,
                            40.79171812620057
                        ],
                        [
                            -119.2152147422792,
                            40.79196898227899
                        ],
                        [
                            -119.21470496011342,
                            40.792203224311386
                        ],
                        [
                            -119.21418216385227,
                            40.792420406226675
                        ],
                        [
                            -119.21364734895289,
                            40.79262011443738
                        ],
                        [
                            -119.21310153378859,
                            40.79280196862832
                        ],
                        [
                            -119.21254575770773,
                            40.79296562248165
                        ],
                        [
                            -119.2119810790526,
                            40.793110764337314
                        ],
                        [
                            -119.21140857314178,
                            40.79323711778732
                        ]
                    ]
                ]
            }
        },
        {
            "type": "Feature",
            "properties": {
                "ref": "e",
                "name": "Eternal",
                "type": "arc"
            },
            "geometry": {
                "type": "LineString",
                "coordinates": [
                    [
                        -119.19367461237633,
                        40.78036073680728
                    ],
                    [
                        -119.1938541468093,
                        40.77989460159939
                    ],
                    [
                        -119.19406035908641,
                        40.77943483964594
                    ],
                    [
                        -119.19429285618473,
                        40.778982325988565
                    ],
                    [
                        -119.19455119508117,
                        40.7785379218559
                    ],
                    [
                        -119.19483488359913,
                        40.778102473025285
                    ],
                    [
                        -119.19514338134847,
                        40.77767680821416
                    ],
                    [
                        -119.19547610075722,
                        40.77726173750392
                    ],
                    [
                        -119.19583240819227,
                        40.77685805079936
                    ],
                    [
                        -119.19621162516798,
                        40.776466516326686
                    ],
                    [
                        -119.19661302963921,
                        40.77608787917265
                    ],
                    [
                        -119.1970358573774,
                        40.775722859868054
                    ],
                    [
                        -119.19747930342619,
                        40.77537215301784
                    ],
                    [
                        -119.19794252363435,
                        40.7750364259806
                    ],
                    [
                        -119.19842463626291,
                        40.77471631760003
                    ],
                    [
                        -119.19892472366325,
                        40.774412436990595
                    ],
                    [
                        -119.19944183402346,
                        40.77412536237981
                    ],
                    [
                        -119.19997498317906,
                        40.77385564000924
                    ],
                    [
                        -119.20052315648502,
                        40.77360378309643
                    ],
                    [
                        -119.20108531074538,
                        40.773370270859544
                    ],
                    [
                        -119.201660376197,
                        40.773155547606756
                    ],
                    [
                        -119.20224725854318,
                        40.77296002189195
                    ],
                    [
                        -119.20284484103418,
                        40.77278406573841
                    ],
                    [
                        -119.20345198658953,
                        40.772628013931964
                    ],
                    [
                        -119.20406753995941,
                        40.772492163384904
                    ],
                    [
                        -119.2046903299198,
                        40.77237677257182
                    ],
                    [
                        -119.20531917149813,
                        40.77228206103859
                    ],
                    [
                        -119.20595286822486,
                        40.77220820898523
                    ],
                    [
                        -119.20659021440663,
                        40.77215535692359
                    ],
                    [
                        -119.20722999741696,
                        40.772123605410364
                    ],
                    [
                        -119.207871,
                        40.77211301485609
                    ],
                    [
                        -119.20851200258302,
                        40.772123605410364
                    ],
                    [
                        -119.20915178559336,
                        40.77215535692359
                    ],
                    [
                        -119.20978913177514,
                        40.77220820898523
                    ],
                    [
                        -119.21042282850185,
                        40.77228206103859
                    ],
                    [
                        -119.21105167008021,
                        40.77237677257182
                    ],
                    [
                        -119.2116744600406,
                        40.772492163384904
                    ],
                    [
                        -119.21229001341045,
                        40.772628013931964
                    ],
                    [
                        -119.21289715896583,
                        40.77278406573841
                    ],
                    [
                        -119.2134947414568,
                        40.77296002189195
                    ],
                    [
                        -119.21408162380301,
                        40.773155547606756
                    ],
                    [
                        -119.2146566892546,
                        40.773370270859544
                    ],
                    [
                        -119.21521884351498,
                        40.77360378309643
                    ],
                    [
                        -119.21576701682093,
                        40.77385564000924
                    ],
                    [
                        -119.21630016597652,
                        40.77412536237981
                    ],
                    [
                        -119.21681727633674,
                        40.774412436990595
                    ],
                    [
                        -119.21731736373707,
                        40.77471631760003
                    ],
                    [
                        -119.21779947636563,
                        40.7750364259806
                    ],
                    [
                        -119.2182626965738,
                        40.77537215301784
                    ],
                    [
                        -119.21870614262261,
                        40.775722859868054
                    ],
                    [
                        -119.21912897036077,
                        40.77608787917265
                    ],
                    [
                        -119.21953037483203,
                        40.776466516326686
                    ],
                    [
                        -119.2199095918077,
                        40.77685805079936
                    ],
                    [
                        -119.22026589924276,
                        40.77726173750392
                    ],
                    [
                        -119.22059861865151,
                        40.77767680821416
                    ],
                    [
                        -119.22090711640087,
                        40.778102473025285
                    ],
                    [
                        -119.2211908049188,
                        40.7785379218559
                    ],
                    [
                        -119.22144914381526,
                        40.778982325988565
                    ],
                    [
                        -119.2216816409136,
                        40.77943483964594
                    ],
                    [
                        -119.22188785319068,
                        40.77989460159939
                    ],
                    [
                        -119.22206738762367,
                        40.78036073680728
                    ],
                    [
                        -119.22221990194173,
                        40.78083235807956
                    ],
                    [
                        -119.22234510528166,
                        40.78130856776555
                    ],
                    [
                        -119.22244275874553,
                        40.78178845946199
                    ],
                    [
                        -119.22251267585989,
                        40.78227111973767
                    ],
                    [
                        -119.2225547229351,
                        40.78275562987163
                    ],
                    [
                        -119.22256881932444,
                        40.78324106760173
                    ],
                    [
                        -119.22255493758209,
                        40.78372650887989
                    ],
                    [
                        -119.22251310352027,
                        40.784211029631024
                    ],
                    [
                        -119.22244339616454,
                        40.78469370751216
                    ],
                    [
                        -119.22234594760818,
                        40.785173623668406
                    ],
                    [
                        -119.22222094276515,
                        40.78564986448236
                    ],
                    [
                        -119.22206861902265,
                        40.78612152331386
                    ],
                    [
                        -119.22188926579359,
                        40.786587702226385
                    ],
                    [
                        -119.22168322396966,
                        40.787047513697274
                    ],
                    [
                        -119.22145088527643,
                        40.787500082308014
                    ],
                    [
                        -119.22119269153156,
                        40.78794454641176
                    ],
                    [
                        -119.22090913380688,
                        40.78838005977475
                    ],
                    [
                        -119.22060075149717,
                        40.788805793188416
                    ],
                    [
                        -119.22026813129582,
                        40.789220936049254
                    ],
                    [
                        -119.2199119060809,
                        40.789624697903356
                    ],
                    [
                        -119.21953275371227,
                        40.79001630995259
                    ],
                    [
                        -119.21913139574343,
                        40.790395026519796
                    ],
                    [
                        -119.218708596049,
                        40.79076012646979
                    ],
                    [
                        -119.2182651593719,
                        40.791110914583875
                    ],
                    [
                        -119.21780192979206,
                        40.79144672288497
                    ],
                    [
                        -119.21731978911976,
                        40.79176691191094
                    ],
                    [
                        -119.21681965521708,
                        40.79207087193355
                    ],
                    [
                        -119.21630248024977,
                        40.79235802412089
                    ],
                    [
                        -119.21576924887408,
                        40.79262782164101
                    ],
                    [
                        -119.21522097636074,
                        40.79287975070443
                    ],
                    [
                        -119.21465870666076,
                        40.79311333154386
                    ],
                    [
                        -119.21408351041588,
                        40.79332811932903
                    ],
                    [
                        -119.21349648291812,
                        40.79352370501491
                    ],
                    [
                        -119.212898742022,
                        40.793699716121836
                    ],
                    [
                        -119.2122914260135,
                        40.79385581744571
                    ],
                    [
                        -119.2116756914397,
                        40.79399171169743
                    ]
                ]
            }
        },
        {
            "type": "Feature",
            "properties": {
                "ref": "f",
                "name": "Fulcrum",
                "type": "arc"
            },
            "geometry": {
                "type": "LineString",
                "coordinates": [
                    [
                        -119.19197882084597,
                        40.78001643017968
                    ],
                    [
                        -119.19217981423735,
                        40.77949461425674
                    ],
                    [
                        -119.19241067163878,
                        40.77897993331373
                    ],
                    [
                        -119.192670952991,
                        40.77847336689791
                    ],
                    [
                        -119.19296016226764,
                        40.777975879090675
                    ],
                    [
                        -119.19327774842385,
                        40.777488416673826
                    ],
                    [
                        -119.19362310644911,
                        40.77701190732898
                    ],
                    [
                        -119.19399557852249,
                        40.776547257873425
                    ],
                    [
                        -119.194394455268,
                        40.776095352535805
                    ],
                    [
                        -119.19481897710752,
                        40.775657051274926
                    ],
                    [
                        -119.19526833570912,
                        40.77523318814476
                    ],
                    [
                        -119.19574167552723,
                        40.77482456970898
                    ],
                    [
                        -119.19623809543282,
                        40.7744319735077
                    ],
                    [
                        -119.19675665042925,
                        40.77405614657958
                    ],
                    [
                        -119.19729635345143,
                        40.7736978040421
                    ],
                    [
                        -119.19785617724457,
                        40.773357627732366
                    ],
                    [
                        -119.19843505631884,
                        40.77303626491147
                    ],
                    [
                        -119.19903188897611,
                        40.772734327034556
                    ],
                    [
                        -119.19964553940568,
                        40.77245238858896
                    ],
                    [
                        -119.20027483984383,
                        40.77219098600267
                    ],
                    [
                        -119.20091859279427,
                        40.771950616625205
                    ],
                    [
                        -119.20157557330423,
                        40.77173173778273
                    ],
                    [
                        -119.20224453129286,
                        40.77153476590925
                    ],
                    [
                        -119.20292419392685,
                        40.77136007575555
                    ],
                    [
                        -119.203613268039,
                        40.77120799967733
                    ],
                    [
                        -119.20431044258524,
                        40.771078827003876
                    ],
                    [
                        -119.20501439113531,
                        40.77097280348849
                    ],
                    [
                        -119.20572377439247,
                        40.77089013084176
                    ],
                    [
                        -119.20643724273772,
                        40.770830966348335
                    ],
                    [
                        -119.20715343879313,
                        40.77079542256833
                    ],
                    [
                        -119.207871,
                        40.77078356712337
                    ],
                    [
                        -119.20858856120688,
                        40.77079542256833
                    ],
                    [
                        -119.20930475726227,
                        40.770830966348335
                    ],
                    [
                        -119.21001822560751,
                        40.77089013084176
                    ],
                    [
                        -119.2107276088647,
                        40.77097280348849
                    ],
                    [
                        -119.21143155741474,
                        40.771078827003876
                    ],
                    [
                        -119.21212873196097,
                        40.77120799967733
                    ],
                    [
                        -119.21281780607313,
                        40.77136007575555
                    ],
                    [
                        -119.21349746870712,
                        40.77153476590925
                    ],
                    [
                        -119.21416642669575,
                        40.77173173778273
                    ],
                    [
                        -119.21482340720574,
                        40.771950616625205
                    ],
                    [
                        -119.21546716015615,
                        40.77219098600267
                    ],
                    [
                        -119.2160964605943,
                        40.77245238858896
                    ],
                    [
                        -119.21671011102389,
                        40.772734327034556
                    ],
                    [
                        -119.21730694368117,
                        40.77303626491147
                    ],
                    [
                        -119.2178858227554,
                        40.773357627732366
                    ],
                    [
                        -119.21844564654855,
                        40.7736978040421
                    ],
                    [
                        -119.21898534957074,
                        40.77405614657958
                    ],
                    [
                        -119.21950390456718,
                        40.7744319735077
                    ],
                    [
                        -119.22000032447275,
                        40.77482456970898
                    ],
                    [
                        -119.22047366429088,
                        40.77523318814476
                    ],
                    [
                        -119.22092302289246,
                        40.775657051274926
                    ],
                    [
                        -119.221347544732,
                        40.776095352535805
                    ],
                    [
                        -119.22174642147749,
                        40.776547257873425
                    ],
                    [
                        -119.22211889355088,
                        40.77701190732898
                    ],
                    [
                        -119.22246425157613,
                        40.777488416673826
                    ],
                    [
                        -119.22278183773234,
                        40.777975879090675
                    ],
                    [
                        -119.22307104700901,
                        40.77847336689791
                    ],
                    [
                        -119.22333132836121,
                        40.77897993331373
                    ],
                    [
                        -119.22356218576265,
                        40.77949461425674
                    ],
                    [
                        -119.22376317915402,
                        40.78001643017968
                    ],
                    [
                        -119.22393392528534,
                        40.780544387932665
                    ],
                    [
                        -119.22407409845053,
                        40.781077482652556
                    ],
                    [
                        -119.22418343111245,
                        40.781614699674684
                    ],
                    [
                        -119.22426171441761,
                        40.78215501646352
                    ],
                    [
                        -119.22430879859941,
                        40.78269740455847
                    ],
                    [
                        -119.22432459326879,
                        40.783240831531074
                    ],
                    [
                        -119.2243090675921,
                        40.78378426295006
                    ],
                    [
                        -119.22426225035582,
                        40.784326664350296
                    ],
                    [
                        -119.22418422991736,
                        40.78486700320208
                    ],
                    [
                        -119.22407515404274,
                        40.785404250876894
                    ],
                    [
                        -119.22393522963117,
                        40.78593738460591
                    ],
                    [
                        -119.2237647223266,
                        40.78646538942761
                    ],
                    [
                        -119.22356395601751,
                        40.78698726012062
                    ],
                    [
                        -119.22333331222568,
                        40.7875020031182
                    ],
                    [
                        -119.22307322938464,
                        40.78800863840085
                    ],
                    [
                        -119.22278420200996,
                        40.78850620136303
                    ],
                    [
                        -119.22246677976216,
                        40.78899374465097
                    ],
                    [
                        -119.22212156640428,
                        40.78947033996759
                    ],
                    [
                        -119.22174921865623,
                        40.78993507984131
                    ],
                    [
                        -119.22135044494787,
                        40.79038707935532
                    ],
                    [
                        -119.22092600407308,
                        40.790825477834105
                    ],
                    [
                        -119.22047670374768,
                        40.79124944048377
                    ],
                    [
                        -119.2200033990736,
                        40.791658159983285
                    ],
                    [
                        -119.21950699091249,
                        40.79205085802334
                    ],
                    [
                        -119.21898842417163,
                        40.79242678679023
                    ],
                    [
                        -119.2184486860054,
                        40.79278523039143
                    ],
                    [
                        -119.21788880393612,
                        40.79312550622069
                    ],
                    [
                        -119.21730984389717,
                        40.793446966259474
                    ],
                    [
                        -119.21671290820278,
                        40.793748998312786
                    ],
                    [
                        -119.21609913344786,
                        40.79403102717655
                    ],
                    [
                        -119.21546968834232,
                        40.794292515734625
                    ],
                    [
                        -119.2148257714835,
                        40.794532965983194
                    ],
                    [
                        -119.21416860907158,
                        40.794751919980634
                    ],
                    [
                        -119.21349945257177,
                        40.79494896072094
                    ],
                    [
                        -119.21281957632817,
                        40.795123712929225
                    ],
                    [
                        -119.21213027513372,
                        40.79527584377752
                    ]
                ]
            }
        },
        {
            "type": "Feature",
            "properties": {
                "ref": "g",
                "name": "Great Oak",
                "type": "arc"
            },
            "geometry": {
                "type": "LineString",
                "coordinates": [
                    [
                        -119.19099981518349,
                        40.77981764391712
                    ],
                    [
                        -119.19121319842844,
                        40.77926368271102
                    ],
                    [
                        -119.19145828504955,
                        40.77871729628162
                    ],
                    [
                        -119.19173460782409,
                        40.77817952450688
                    ],
                    [
                        -119.19204164011806,
                        40.77765139084438
                    ],
                    [
                        -119.19237879689368,
                        40.77713390038482
                    ],
                    [
                        -119.19274543582729,
                        40.77662803794059
                    ],
                    [
                        -119.19314085853625,
                        40.77613476617309
                    ],
                    [
                        -119.19356431191174,
                        40.77565502376241
                    ],
                    [
                        -119.19401498955543,
                        40.77518972362267
                    ],
                    [
                        -119.194492033317,
                        40.77473975116654
                    ],
                    [
                        -119.19499453492973,
                        40.77430596262221
                    ],
                    [
                        -119.19552153774065,
                        40.773889183405906
                    ],
                    [
                        -119.1960720385327,
                        40.77349020655318
                    ],
                    [
                        -119.19664498943449,
                        40.773109791211766
                    ],
                    [
                        -119.19723929991476,
                        40.772748661199046
                    ],
                    [
                        -119.19785383885745,
                        40.772407503626646
                    ],
                    [
                        -119.19848743671332,
                        40.77208696759492
                    ],
                    [
                        -119.1991388877243,
                        40.77178766295974
                    ],
                    [
                        -119.19980695221628,
                        40.77151015917391
                    ],
                    [
                        -119.20049035895566,
                        40.77125498420535
                    ],
                    [
                        -119.20118780756592,
                        40.77102262353423
                    ],
                    [
                        -119.20189797099874,
                        40.7708135192308
                    ],
                    [
                        -119.20261949805581,
                        40.770628069115645
                    ],
                    [
                        -119.203351015956,
                        40.77046662600422
                    ],
                    [
                        -119.2040911329433,
                        40.77032949703666
                    ],
                    [
                        -119.20483844093052,
                        40.77021694309451
                    ],
                    [
                        -119.2055915181739,
                        40.77012917830523
                    ],
                    [
                        -119.20634893197337,
                        40.770066369635614
                    ],
                    [
                        -119.2071092413935,
                        40.77002863657463
                    ],
                    [
                        -119.207871,
                        40.77001605090655
                    ],
                    [
                        -119.20863275860648,
                        40.77002863657463
                    ],
                    [
                        -119.20939306802663,
                        40.770066369635614
                    ],
                    [
                        -119.21015048182609,
                        40.77012917830523
                    ],
                    [
                        -119.21090355906948,
                        40.77021694309451
                    ],
                    [
                        -119.21165086705668,
                        40.77032949703666
                    ],
                    [
                        -119.21239098404396,
                        40.77046662600422
                    ],
                    [
                        -119.21312250194417,
                        40.770628069115645
                    ],
                    [
                        -119.21384402900124,
                        40.7708135192308
                    ],
                    [
                        -119.21455419243406,
                        40.77102262353423
                    ],
                    [
                        -119.21525164104432,
                        40.77125498420535
                    ],
                    [
                        -119.2159350477837,
                        40.77151015917391
                    ],
                    [
                        -119.21660311227569,
                        40.77178766295974
                    ],
                    [
                        -119.21725456328666,
                        40.77208696759492
                    ],
                    [
                        -119.21788816114254,
                        40.772407503626646
                    ],
                    [
                        -119.21850270008522,
                        40.772748661199046
                    ],
                    [
                        -119.2190970105655,
                        40.773109791211766
                    ],
                    [
                        -119.21966996146728,
                        40.77349020655318
                    ],
                    [
                        -119.22022046225935,
                        40.773889183405906
                    ],
                    [
                        -119.22074746507026,
                        40.77430596262221
                    ],
                    [
                        -119.22124996668298,
                        40.77473975116654
                    ],
                    [
                        -119.22172701044457,
                        40.77518972362267
                    ],
                    [
                        -119.22217768808824,
                        40.77565502376241
                    ],
                    [
                        -119.22260114146373,
                        40.77613476617309
                    ],
                    [
                        -119.22299656417269,
                        40.77662803794059
                    ],
                    [
                        -119.22336320310632,
                        40.77713390038482
                    ],
                    [
                        -119.22370035988192,
                        40.77765139084438
                    ],
                    [
                        -119.22400739217589,
                        40.77817952450688
                    ],
                    [
                        -119.22428371495043,
                        40.77871729628162
                    ],
                    [
                        -119.22452880157154,
                        40.77926368271102
                    ],
                    [
                        -119.22474218481649,
                        40.77981764391712
                    ],
                    [
                        -119.22492345776833,
                        40.78037812557956
                    ],
                    [
                        -119.225072274596,
                        40.780944060941145
                    ],
                    [
                        -119.22518835121862,
                        40.78151437283733
                    ],
                    [
                        -119.2252714658522,
                        40.78208797574579
                    ],
                    [
                        -119.2253214594381,
                        40.782663777851894
                    ],
                    [
                        -119.2253382359524,
                        40.78324068312659
                    ],
                    [
                        -119.22532176259494,
                        40.7838175934124
                    ],
                    [
                        -119.22527206985866,
                        40.78439341051367
                    ],
                    [
                        -119.22518925147786,
                        40.78496703828723
                    ],
                    [
                        -119.22507346425648,
                        40.785537384729224
                    ],
                    [
                        -119.22492492777603,
                        40.786103364054405
                    ],
                    [
                        -119.22474392398377,
                        40.78666389876364
                    ],
                    [
                        -119.22453079666231,
                        40.78721792169601
                    ],
                    [
                        -119.2242859507808,
                        40.7877643780614
                    ],
                    [
                        -119.22400985172989,
                        40.78830222744957
                    ],
                    [
                        -119.22370302444082,
                        40.788830445812266
                    ],
                    [
                        -119.22336605239127,
                        40.789348027414185
                    ],
                    [
                        -119.22299957649889,
                        40.789853986749264
                    ],
                    [
                        -119.22260429390555,
                        40.790347360418714
                    ],
                    [
                        -119.2221809566537,
                        40.7908272089669
                    ],
                    [
                        -119.22173037025789,
                        40.79129261867195
                    ],
                    [
                        -119.22125339217399,
                        40.791742703287326
                    ],
                    [
                        -119.22075093016892,
                        40.79217660573124
                    ],
                    [
                        -119.22022394059412,
                        40.79259349972064
                    ],
                    [
                        -119.21967342656598,
                        40.79299259134645
                    ],
                    [
                        -119.2191004360566,
                        40.79337312058744
                    ],
                    [
                        -119.21850605989869,
                        40.793734362759416
                    ],
                    [
                        -119.21789142970812,
                        40.79407562989714
                    ],
                    [
                        -119.21725771572865,
                        40.79439627206638
                    ],
                    [
                        -119.21660612460205,
                        40.79469567860352
                    ],
                    [
                        -119.2159378970689,
                        40.794973279280214
                    ],
                    [
                        -119.21525430560347,
                        40.79522854539112
                    ],
                    [
                        -119.2145566519883,
                        40.79546099076245
                    ],
                    [
                        -119.21384626483187,
                        40.79567017267934
                    ],
                    [
                        -119.21312449703514,
                        40.79585569273048
                    ],
                    [
                        -119.21239272321145,
                        40.79601719756818
                    ]
                ]
            }
        },
        {
            "type": "Feature",
            "properties": {
                "ref": "h",
                "name": "Heiau",
                "type": "arc"
            },
            "geometry": {
                "type": "LineString",
                "coordinates": [
                    [
                        -119.19002081538073,
                        40.779618849381144
                    ],
                    [
                        -119.19024658934053,
                        40.77903274309998
                    ],
                    [
                        -119.19050590599142,
                        40.77845465141993
                    ],
                    [
                        -119.19079827094097,
                        40.777885674547825
                    ],
                    [
                        -119.19112312694189,
                        40.777326895315454
                    ],
                    [
                        -119.19147985495819,
                        40.77677937712025
                    ],
                    [
                        -119.19186777534844,
                        40.776244161902994
                    ],
                    [
                        -119.19228614916403,
                        40.77572226816678
                    ],
                    [
                        -119.19273417955984,
                        40.77521468904048
                    ],
                    [
                        -119.19321101331423,
                        40.77472239039085
                    ],
                    [
                        -119.19371574245632,
                        40.77424630898641
                    ],
                    [
                        -119.19424740599634,
                        40.77378735071703
                    ],
                    [
                        -119.19480499175663,
                        40.773346388872106
                    ],
                    [
                        -119.19538743829924,
                        40.77292426248113
                    ],
                    [
                        -119.19599363694684,
                        40.77252177471923
                    ],
                    [
                        -119.19662243389277,
                        40.77213969138108
                    ],
                    [
                        -119.19727263239642,
                        40.77177873942595
                    ],
                    [
                        -119.1979429950597,
                        40.771439605596626
                    ],
                    [
                        -119.19863224618028,
                        40.77112293511484
                    ],
                    [
                        -119.19933907417706,
                        40.770829330455534
                    ],
                    [
                        -119.20006213408355,
                        40.7705593502026
                    ],
                    [
                        -119.20080005010404,
                        40.770313507987886
                    ],
                    [
                        -119.2015514182281,
                        40.77009227151565
                    ],
                    [
                        -119.20231480889807,
                        40.769896061674395
                    ],
                    [
                        -119.20308876972507,
                        40.76972525173747
                    ],
                    [
                        -119.20387182824764,
                        40.769580166654315
                    ],
                    [
                        -119.20466249472867,
                        40.76946108243332
                    ],
                    [
                        -119.20545926498446,
                        40.76936822561774
                    ],
                    [
                        -119.2062606232413,
                        40.76930177285558
                    ],
                    [
                        -119.20706504501392,
                        40.76926185056407
                    ],
                    [
                        -119.207871,
                        40.76924853468973
                    ],
                    [
                        -119.20867695498606,
                        40.76926185056407
                    ],
                    [
                        -119.20948137675869,
                        40.76930177285558
                    ],
                    [
                        -119.21028273501554,
                        40.76936822561774
                    ],
                    [
                        -119.21107950527131,
                        40.76946108243332
                    ],
                    [
                        -119.21187017175234,
                        40.769580166654315
                    ],
                    [
                        -119.21265323027494,
                        40.76972525173747
                    ],
                    [
                        -119.21342719110191,
                        40.769896061674395
                    ],
                    [
                        -119.21419058177189,
                        40.77009227151565
                    ],
                    [
                        -119.21494194989594,
                        40.770313507987886
                    ],
                    [
                        -119.21567986591646,
                        40.7705593502026
                    ],
                    [
                        -119.21640292582292,
                        40.770829330455534
                    ],
                    [
                        -119.2171097538197,
                        40.77112293511484
                    ],
                    [
                        -119.21779900494029,
                        40.771439605596626
                    ],
                    [
                        -119.21846936760357,
                        40.77177873942595
                    ],
                    [
                        -119.21911956610722,
                        40.77213969138108
                    ],
                    [
                        -119.21974836305316,
                        40.77252177471923
                    ],
                    [
                        -119.22035456170076,
                        40.77292426248113
                    ],
                    [
                        -119.22093700824335,
                        40.773346388872106
                    ],
                    [
                        -119.22149459400364,
                        40.77378735071703
                    ],
                    [
                        -119.22202625754366,
                        40.77424630898641
                    ],
                    [
                        -119.22253098668577,
                        40.77472239039085
                    ],
                    [
                        -119.22300782044015,
                        40.77521468904048
                    ],
                    [
                        -119.22345585083595,
                        40.77572226816678
                    ],
                    [
                        -119.22387422465154,
                        40.776244161902994
                    ],
                    [
                        -119.22426214504178,
                        40.77677937712025
                    ],
                    [
                        -119.22461887305809,
                        40.777326895315454
                    ],
                    [
                        -119.22494372905904,
                        40.777885674547825
                    ],
                    [
                        -119.22523609400857,
                        40.77845465141993
                    ],
                    [
                        -119.22549541065945,
                        40.77903274309998
                    ],
                    [
                        -119.22572118461926,
                        40.779618849381144
                    ],
                    [
                        -119.22591298529748,
                        40.780211854774116
                    ],
                    [
                        -119.22607044673131,
                        40.78081063062903
                    ],
                    [
                        -119.2261932682889,
                        40.78141403728265
                    ],
                    [
                        -119.22628121524828,
                        40.78202092622666
                    ],
                    [
                        -119.22633411925129,
                        40.7826301422931
                    ],
                    [
                        -119.22635187863135,
                        40.78324052585269
                    ],
                    [
                        -119.22633445861408,
                        40.78385091502186
                    ],
                    [
                        -119.22628189139107,
                        40.78446014787433
                    ],
                    [
                        -119.22619427606588,
                        40.78506706465308
                    ],
                    [
                        -119.22607177847269,
                        40.7856705099783
                    ],
                    [
                        -119.22591463086788,
                        40.786269335047386
                    ],
                    [
                        -119.22572313149489,
                        40.78686239982251
                    ],
                    [
                        -119.22549764402343,
                        40.7874485752019
                    ],
                    [
                        -119.2252385968637,
                        40.788026745170384
                    ],
                    [
                        -119.22494648235703,
                        40.78859580892527
                    ],
                    [
                        -119.22462185584472,
                        40.78915468297357
                    ],
                    [
                        -119.22426533461622,
                        40.78970230319623
                    ],
                    [
                        -119.22387759673917,
                        40.79023762687599
                    ],
                    [
                        -119.2234593797732,
                        40.790759634684285
                    ],
                    [
                        -119.22301147936967,
                        40.79126733262407
                    ],
                    [
                        -119.22253474776089,
                        40.791759753924374
                    ],
                    [
                        -119.22203009214033,
                        40.79223596088321
                    ],
                    [
                        -119.22149847293828,
                        40.79269504665519
                    ],
                    [
                        -119.22094090199492,
                        40.79313613698051
                    ],
                    [
                        -119.22035844063545,
                        40.79355839185188
                    ],
                    [
                        -119.21975219764992,
                        40.79396100711639
                    ],
                    [
                        -119.21912332718249,
                        40.79434321600894
                    ],
                    [
                        -119.21847302653326,
                        40.79470429061475
                    ],
                    [
                        -119.21780253387773,
                        40.79504354325758
                    ],
                    [
                        -119.2171131259076,
                        40.795360327811466
                    ],
                    [
                        -119.2164061153976,
                        40.79565404093328
                    ],
                    [
                        -119.21568284870332,
                        40.79592412321367
                    ],
                    [
                        -119.21494470319423,
                        40.796170060244336
                    ],
                    [
                        -119.21419308462728,
                        40.796391383599364
                    ],
                    [
                        -119.2134294244662,
                        40.796587671729064
                    ],
                    [
                        -119.21265517715084,
                        40.79675855076422
                    ]
                ]
            }
        },
        {
            "type": "Feature",
            "properties": {
                "ref": "i",
                "name": "Iroko",
                "type": "arc"
            },
            "geometry": {
                "type": "LineString",
                "coordinates": [
                    [
                        -119.18904182143787,
                        40.77942004657183
                    ],
                    [
                        -119.18927998697374,
                        40.778801795423746
                    ],
                    [
                        -119.18955353446438,
                        40.778191998728786
                    ],
                    [
                        -119.18986194234161,
                        40.77759181702089
                    ],
                    [
                        -119.1902046227391,
                        40.77700239250407
                    ],
                    [
                        -119.19058092261736,
                        40.77642484688025
                    ],
                    [
                        -119.19099012501248,
                        40.77586027921638
                    ],
                    [
                        -119.19143145040576,
                        40.77530976385466
                    ],
                    [
                        -119.19190405821207,
                        40.774774348370215
                    ],
                    [
                        -119.19240704838371,
                        40.77425505157965
                    ],
                    [
                        -119.19293946312676,
                        40.77375286160457
                    ],
                    [
                        -119.19350028872682,
                        40.7732687339936
                    ],
                    [
                        -119.19408845748042,
                        40.77280358990648
                    ],
                    [
                        -119.1947028497285,
                        40.77235831436363
                    ],
                    [
                        -119.19534229598811,
                        40.771933754564635
                    ],
                    [
                        -119.19600557917818,
                        40.77153071827856
                    ],
                    [
                        -119.19669143693532,
                        40.77114997230948
                    ],
                    [
                        -119.19739856401488,
                        40.7707922410398
                    ],
                    [
                        -119.19812561477316,
                        40.770458205054325
                    ],
                    [
                        -119.19887120572584,
                        40.77014849984762
                    ],
                    [
                        -119.19963391817757,
                        40.769863714617046
                    ],
                    [
                        -119.20041230091829,
                        40.76960439114373
                    ],
                    [
                        -119.20120487298057,
                        40.76937102276388
                    ],
                    [
                        -119.20201012645326,
                        40.76916405343183
                    ],
                    [
                        -119.20282652934581,
                        40.76898387687711
                    ],
                    [
                        -119.20365252849801,
                        40.768830835856825
                    ],
                    [
                        -119.20448655252954,
                        40.7687052215049
                    ],
                    [
                        -119.20532701482396,
                        40.76860727277927
                    ],
                    [
                        -119.20617231654145,
                        40.76853717600822
                    ],
                    [
                        -119.20702084965431,
                        40.76849506453666
                    ],
                    [
                        -119.207871,
                        40.768481018472905
                    ],
                    [
                        -119.20872115034567,
                        40.76849506453666
                    ],
                    [
                        -119.20956968345853,
                        40.76853717600822
                    ],
                    [
                        -119.21041498517603,
                        40.76860727277927
                    ],
                    [
                        -119.21125544747044,
                        40.7687052215049
                    ],
                    [
                        -119.21208947150197,
                        40.768830835856825
                    ],
                    [
                        -119.21291547065417,
                        40.76898387687711
                    ],
                    [
                        -119.21373187354673,
                        40.76916405343183
                    ],
                    [
                        -119.21453712701941,
                        40.76937102276388
                    ],
                    [
                        -119.21532969908172,
                        40.76960439114373
                    ],
                    [
                        -119.21610808182241,
                        40.769863714617046
                    ],
                    [
                        -119.21687079427416,
                        40.77014849984762
                    ],
                    [
                        -119.21761638522683,
                        40.770458205054325
                    ],
                    [
                        -119.21834343598512,
                        40.7707922410398
                    ],
                    [
                        -119.21905056306467,
                        40.77114997230948
                    ],
                    [
                        -119.2197364208218,
                        40.77153071827856
                    ],
                    [
                        -119.22039970401188,
                        40.771933754564635
                    ],
                    [
                        -119.2210391502715,
                        40.77235831436363
                    ],
                    [
                        -119.22165354251956,
                        40.77280358990648
                    ],
                    [
                        -119.22224171127316,
                        40.7732687339936
                    ],
                    [
                        -119.22280253687322,
                        40.77375286160457
                    ],
                    [
                        -119.22333495161627,
                        40.77425505157965
                    ],
                    [
                        -119.22383794178792,
                        40.774774348370215
                    ],
                    [
                        -119.22431054959422,
                        40.77530976385466
                    ],
                    [
                        -119.22475187498752,
                        40.77586027921638
                    ],
                    [
                        -119.22516107738262,
                        40.77642484688025
                    ],
                    [
                        -119.22553737726088,
                        40.77700239250407
                    ],
                    [
                        -119.22588005765837,
                        40.77759181702089
                    ],
                    [
                        -119.22618846553561,
                        40.778191998728786
                    ],
                    [
                        -119.22646201302625,
                        40.778801795423746
                    ],
                    [
                        -119.22670017856211,
                        40.77942004657183
                    ],
                    [
                        -119.22690250787261,
                        40.7800455755164
                    ],
                    [
                        -119.22706861485625,
                        40.7806771917163
                    ],
                    [
                        -119.22719818232302,
                        40.781313693010695
                    ],
                    [
                        -119.22729096260554,
                        40.78195386790618
                    ],
                    [
                        -119.22734677803867,
                        40.78259649788212
                    ],
                    [
                        -119.22736552130533,
                        40.78324035970937
                    ],
                    [
                        -119.22734715564923,
                        40.78388422777841
                    ],
                    [
                        -119.22729171495284,
                        40.78452687643223
                    ],
                    [
                        -119.2271993036812,
                        40.78516708229958
                    ],
                    [
                        -119.22707009669112,
                        40.78580362662404
                    ],
                    [
                        -119.22690433890651,
                        40.78643529758477
                    ],
                    [
                        -119.22670234485979,
                        40.78706089260415
                    ],
                    [
                        -119.22646449810084,
                        40.787679220638154
                    ],
                    [
                        -119.22619125047424,
                        40.78828910444501
                    ],
                    [
                        -119.22588312126597,
                        40.788889382827804
                    ],
                    [
                        -119.22554069622154,
                        40.78947891284675
                    ],
                    [
                        -119.22516462643705,
                        40.790056571996985
                    ],
                    [
                        -119.22475562712526,
                        40.79062126034759
                    ],
                    [
                        -119.22431447625928,
                        40.79117190263785
                    ],
                    [
                        -119.22384201309596,
                        40.791707450326626
                    ],
                    [
                        -119.22333913658221,
                        40.79222688359117
                    ],
                    [
                        -119.22280680364695,
                        40.79272921327123
                    ],
                    [
                        -119.22224602738197,
                        40.79321348275493
                    ],
                    [
                        -119.22165787511523,
                        40.793678769802796
                    ],
                    [
                        -119.22104346638034,
                        40.79412418830639
                    ],
                    [
                        -119.22040397078575,
                        40.794548889978124
                    ],
                    [
                        -119.21974060578795,
                        40.794952065969184
                    ],
                    [
                        -119.21905463437297,
                        40.79533294841225
                    ],
                    [
                        -119.21834736265045,
                        40.795690811886274
                    ],
                    [
                        -119.21762013736489,
                        40.79602497480028
                    ],
                    [
                        -119.21687434332893,
                        40.79633480069374
                    ],
                    [
                        -119.21611140078343,
                        40.79661969945078
                    ],
                    [
                        -119.21533276268967,
                        40.79687912842622
                    ],
                    [
                        -119.21453991195841,
                        40.79711259348098
                    ],
                    [
                        -119.21373435862168,
                        40.797319649924944
                    ],
                    [
                        -119.21291763695216,
                        40.7974999033656
                    ]
                ]
            }
        },
        {
            "type": "Feature",
            "properties": {
                "ref": "j",
                "name": "Jiba",
                "type": "arc"
            },
            "geometry": {
                "type": "LineString",
                "coordinates": [
                    [
                        -119.18841247128334,
                        40.77929224039708
                    ],
                    [
                        -119.18865860328718,
                        40.7786533248016
                    ],
                    [
                        -119.18894129960252,
                        40.77802314643583
                    ],
                    [
                        -119.18926002118785,
                        40.77740290461448
                    ],
                    [
                        -119.1896141604901,
                        40.77679377970836
                    ],
                    [
                        -119.19000304260769,
                        40.776196930899765
                    ],
                    [
                        -119.19042592658111,
                        40.775613493978256
                    ],
                    [
                        -119.19088200680875,
                        40.7750445791814
                    ],
                    [
                        -119.19137041458507,
                        40.774491269084024
                    ],
                    [
                        -119.19189021975818,
                        40.773954616540564
                    ],
                    [
                        -119.19244043250393,
                        40.773435642683765
                    ],
                    [
                        -119.19302000521265,
                        40.7729353349843
                    ],
                    [
                        -119.19362783448516,
                        40.772454645374076
                    ],
                    [
                        -119.19426276323436,
                        40.77199448843762
                    ],
                    [
                        -119.19492358288817,
                        40.771555739674376
                    ],
                    [
                        -119.19560903568966,
                        40.77113923383543
                    ],
                    [
                        -119.1963178170902,
                        40.770745763337814
                    ],
                    [
                        -119.19704857823079,
                        40.77037607675938
                    ],
                    [
                        -119.19779992850702,
                        40.770030877416936
                    ],
                    [
                        -119.19857043821288,
                        40.76971082203051
                    ],
                    [
                        -119.19935864125819,
                        40.76941651947623
                    ],
                    [
                        -119.20016303795468,
                        40.76914852963006
                    ],
                    [
                        -119.20098209786536,
                        40.76890736230464
                    ],
                    [
                        -119.20181426271202,
                        40.76869347628135
                    ],
                    [
                        -119.20265794933485,
                        40.76850727843913
                    ],
                    [
                        -119.20351155269924,
                        40.7683491229821
                    ],
                    [
                        -119.20437344894367,
                        40.76821931076698
                    ],
                    [
                        -119.2052419984631,
                        40.76811808873196
                    ],
                    [
                        -119.2061155490218,
                        40.76804564942795
                    ],
                    [
                        -119.2069924388903,
                        40.76800213065298
                    ],
                    [
                        -119.207871,
                        40.76798761519066
                    ],
                    [
                        -119.2087495611097,
                        40.76800213065298
                    ],
                    [
                        -119.20962645097818,
                        40.76804564942795
                    ],
                    [
                        -119.21050000153691,
                        40.76811808873196
                    ],
                    [
                        -119.21136855105631,
                        40.76821931076698
                    ],
                    [
                        -119.21223044730074,
                        40.7683491229821
                    ],
                    [
                        -119.21308405066515,
                        40.76850727843913
                    ],
                    [
                        -119.21392773728797,
                        40.76869347628135
                    ],
                    [
                        -119.21475990213462,
                        40.76890736230464
                    ],
                    [
                        -119.21557896204531,
                        40.76914852963006
                    ],
                    [
                        -119.2163833587418,
                        40.76941651947623
                    ],
                    [
                        -119.21717156178708,
                        40.76971082203051
                    ],
                    [
                        -119.21794207149296,
                        40.770030877416936
                    ],
                    [
                        -119.2186934217692,
                        40.77037607675938
                    ],
                    [
                        -119.21942418290978,
                        40.770745763337814
                    ],
                    [
                        -119.22013296431034,
                        40.77113923383543
                    ],
                    [
                        -119.22081841711183,
                        40.771555739674376
                    ],
                    [
                        -119.22147923676562,
                        40.77199448843762
                    ],
                    [
                        -119.22211416551482,
                        40.772454645374076
                    ],
                    [
                        -119.22272199478734,
                        40.7729353349843
                    ],
                    [
                        -119.22330156749605,
                        40.773435642683765
                    ],
                    [
                        -119.22385178024182,
                        40.773954616540564
                    ],
                    [
                        -119.22437158541493,
                        40.774491269084024
                    ],
                    [
                        -119.22485999319125,
                        40.7750445791814
                    ],
                    [
                        -119.22531607341887,
                        40.775613493978256
                    ],
                    [
                        -119.2257389573923,
                        40.776196930899765
                    ],
                    [
                        -119.22612783950989,
                        40.77679377970836
                    ],
                    [
                        -119.22648197881213,
                        40.77740290461448
                    ],
                    [
                        -119.22680070039746,
                        40.77802314643583
                    ],
                    [
                        -119.22708339671281,
                        40.7786533248016
                    ],
                    [
                        -119.22732952871664,
                        40.77929224039708
                    ],
                    [
                        -119.22753862691194,
                        40.77993867724462
                    ],
                    [
                        -119.22771029224732,
                        40.78059140501652
                    ],
                    [
                        -119.22784419688439,
                        40.78124918137549
                    ],
                    [
                        -119.22794008482995,
                        40.781910754338256
                    ],
                    [
                        -119.2279977724316,
                        40.78257486465771
                    ],
                    [
                        -119.2280171487359,
                        40.783240248219336
                    ],
                    [
                        -119.22799817570824,
                        40.78390563844702
                    ],
                    [
                        -119.22794088831405,
                        40.784569768713915
                    ],
                    [
                        -119.22784539446094,
                        40.78523137475366
                    ],
                    [
                        -119.22771187480203,
                        40.78588919706744
                    ],
                    [
                        -119.22754058240065,
                        40.786541983322245
                    ],
                    [
                        -119.22733184225686,
                        40.78718849073569
                    ],
                    [
                        -119.22708605069714,
                        40.78782748844299
                    ],
                    [
                        -119.22680367462748,
                        40.78845775984163
                    ],
                    [
                        -119.22648525065215,
                        40.789078104908825
                    ],
                    [
                        -119.22613138405924,
                        40.78968734248801
                    ],
                    [
                        -119.22574274767481,
                        40.790284312539406
                    ],
                    [
                        -119.22532008058822,
                        40.79086787835068
                    ],
                    [
                        -119.22486418675042,
                        40.79143692870336
                    ],
                    [
                        -119.22437593344848,
                        40.79199037999094
                    ],
                    [
                        -119.22385624965855,
                        40.79252717828449
                    ],
                    [
                        -119.22330612428104,
                        40.79304630134197
                    ],
                    [
                        -119.22272660426066,
                        40.7935467605572
                    ],
                    [
                        -119.22211879259562,
                        40.79402760284517
                    ],
                    [
                        -119.22148384623901,
                        40.79448791245937
                    ],
                    [
                        -119.22082297389692,
                        40.79492681273838
                    ],
                    [
                        -119.22013743372727,
                        40.795343467778025
                    ],
                    [
                        -119.2194285309436,
                        40.79573708402572
                    ],
                    [
                        -119.21869761532872,
                        40.796106911794375
                    ],
                    [
                        -119.21794607866265,
                        40.79645224669267
                    ],
                    [
                        -119.21717535207,
                        40.79677243096887
                    ],
                    [
                        -119.21638690329154,
                        40.79706685476596
                    ],
                    [
                        -119.21558223388574,
                        40.797334957285216
                    ],
                    [
                        -119.214762876365,
                        40.797576227856496
                    ],
                    [
                        -119.21393039127265,
                        40.79779020691267
                    ],
                    [
                        -119.21308636420572,
                        40.797976486866744
                    ]
                ]
            }
        },
        {
            "type": "Feature",
            "properties": {
                "ref": "k",
                "name": "Kundalini",
                "type": "arc"
            },
            "geometry": {
                "type": "LineString",
                "coordinates": [
                    [
                        -119.18774815985869,
                        40.77915733017008
                    ],
                    [
                        -119.18800270129815,
                        40.778496602195666
                    ],
                    [
                        -119.18829505506939,
                        40.77784490994977
                    ],
                    [
                        -119.188624663684,
                        40.777203493681505
                    ],
                    [
                        -119.18899089880595,
                        40.77657357404798
                    ],
                    [
                        -119.18939306245464,
                        40.77595634979309
                    ],
                    [
                        -119.18983038833986,
                        40.77535299546821
                    ],
                    [
                        -119.19030204332604,
                        40.77476465919924
                    ],
                    [
                        -119.19080712902338,
                        40.77419246050407
                    ],
                    [
                        -119.1913446835021,
                        40.7736374881646
                    ],
                    [
                        -119.19191368312734,
                        40.773100798157564
                    ],
                    [
                        -119.1925130445102,
                        40.772583411647695
                    ],
                    [
                        -119.19314162657238,
                        40.77208631304744
                    ],
                    [
                        -119.19379823271919,
                        40.77161044814652
                    ],
                    [
                        -119.19448161311797,
                        40.771156722315126
                    ],
                    [
                        -119.19519046707661,
                        40.77072599878405
                    ],
                    [
                        -119.19592344551845,
                        40.77031909700499
                    ],
                    [
                        -119.19667915354806,
                        40.76993679109414
                    ],
                    [
                        -119.19745615310391,
                        40.769579808361954
                    ],
                    [
                        -119.19825296569206,
                        40.769248827932
                    ],
                    [
                        -119.19906807519625,
                        40.76894447945135
                    ],
                    [
                        -119.19989993075889,
                        40.76866734189492
                    ],
                    [
                        -119.20074694972759,
                        40.76841794246628
                    ],
                    [
                        -119.2016075206613,
                        40.7681967555966
                    ],
                    [
                        -119.20248000639106,
                        40.76800420204405
                    ],
                    [
                        -119.20336274712896,
                        40.7678406480949
                    ],
                    [
                        -119.20425406361974,
                        40.767706404868264
                    ],
                    [
                        -119.20515226032896,
                        40.76760172772545
                    ],
                    [
                        -119.20605562866207,
                        40.76752681578527
                    ],
                    [
                        -119.20696245020775,
                        40.767481811546
                    ],
                    [
                        -119.207871,
                        40.767466800614955
                    ],
                    [
                        -119.20877954979223,
                        40.767481811546
                    ],
                    [
                        -119.20968637133792,
                        40.76752681578527
                    ],
                    [
                        -119.21058973967102,
                        40.76760172772545
                    ],
                    [
                        -119.21148793638025,
                        40.767706404868264
                    ],
                    [
                        -119.21237925287102,
                        40.7678406480949
                    ],
                    [
                        -119.21326199360892,
                        40.76800420204405
                    ],
                    [
                        -119.21413447933871,
                        40.7681967555966
                    ],
                    [
                        -119.2149950502724,
                        40.76841794246628
                    ],
                    [
                        -119.21584206924109,
                        40.76866734189492
                    ],
                    [
                        -119.21667392480373,
                        40.76894447945135
                    ],
                    [
                        -119.21748903430792,
                        40.769248827932
                    ],
                    [
                        -119.21828584689607,
                        40.769579808361954
                    ],
                    [
                        -119.21906284645193,
                        40.76993679109414
                    ],
                    [
                        -119.21981855448155,
                        40.77031909700499
                    ],
                    [
                        -119.2202123780934,
                        40.77053772216387
                    ],
                    [
                        -119.22055153292337,
                        40.77072599878405
                    ],
                    [
                        -119.22126038688202,
                        40.771156722315126
                    ],
                    [
                        -119.22194376728079,
                        40.77161044814652
                    ],
                    [
                        -119.2226003734276,
                        40.77208631304744
                    ],
                    [
                        -119.22322895548976,
                        40.772583411647695
                    ],
                    [
                        -119.22382831687264,
                        40.773100798157564
                    ],
                    [
                        -119.22439731649789,
                        40.7736374881646
                    ],
                    [
                        -119.22462780682139,
                        40.77387544684436
                    ],
                    [
                        -119.22493487097663,
                        40.77419246050407
                    ],
                    [
                        -119.22543995667395,
                        40.77476465919924
                    ],
                    [
                        -119.22591161166012,
                        40.77535299546821
                    ],
                    [
                        -119.22634893754532,
                        40.77595634979309
                    ],
                    [
                        -119.22675110119403,
                        40.77657357404798
                    ],
                    [
                        -119.22711733631598,
                        40.777203493681505
                    ],
                    [
                        -119.2274469449306,
                        40.77784490994977
                    ],
                    [
                        -119.22773929870185,
                        40.778496602195666
                    ],
                    [
                        -119.2279938401413,
                        40.77915733017008
                    ],
                    [
                        -119.22821008367666,
                        40.77982583639052
                    ],
                    [
                        -119.22838761658413,
                        40.78050084853301
                    ],
                    [
                        -119.22852609978221,
                        40.78118108185229
                    ],
                    [
                        -119.22862526848591,
                        40.78186524162611
                    ],
                    [
                        -119.22868493271959,
                        40.7825520256187
                    ],
                    [
                        -119.22870497768795,
                        40.783240126558894
                    ],
                    [
                        -119.22868536400362,
                        40.78392823462809
                    ],
                    [
                        -119.2286261277716,
                        40.78461503995345
                    ],
                    [
                        -119.22852738052993,
                        40.78529923510145
                    ],
                    [
                        -119.22838930904659,
                        40.78597951756709
                    ],
                    [
                        -119.22821217497322,
                        40.78665459225408
                    ],
                    [
                        -119.22799631435593,
                        40.78732317394119
                    ],
                    [
                        -119.22774213700428,
                        40.787983989730066
                    ],
                    [
                        -119.22745012571966,
                        40.78863578146993
                    ],
                    [
                        -119.22712083538394,
                        40.789277308154425
                    ],
                    [
                        -119.22675489191083,
                        40.789907348286114
                    ],
                    [
                        -119.2263529910614,
                        40.79052470220405
                    ],
                    [
                        -119.22591589712572,
                        40.79112819437004
                    ],
                    [
                        -119.22544444147411,
                        40.79171667560912
                    ],
                    [
                        -119.2249395209793,
                        40.79228902530013
                    ],
                    [
                        -119.22440209631378,
                        40.79284415351194
                    ],
                    [
                        -119.22383319012448,
                        40.793381003081585
                    ],
                    [
                        -119.22323388508913,
                        40.79389855162992
                    ],
                    [
                        -119.22260532185726,
                        40.794395813511336
                    ],
                    [
                        -119.22194869688022,
                        40.794871841693414
                    ],
                    [
                        -119.22126526013402,
                        40.79532572956329
                    ],
                    [
                        -119.22055631273949,
                        40.795756612656966
                    ],
                    [
                        -119.21982320448453,
                        40.796163670308395
                    ],
                    [
                        -119.21906733125243,
                        40.79654612721508
                    ],
                    [
                        -119.21829013236207,
                        40.796903254917396
                    ],
                    [
                        -119.21749308782444,
                        40.79723437318848
                    ],
                    [
                        -119.21667771552102,
                        40.797538851332206
                    ],
                    [
                        -119.2158455683095,
                        40.79781610938683
                    ],
                    [
                        -119.21499823106191,
                        40.79806561923173
                    ],
                    [
                        -119.21413731764157,
                        40.798286905595376
                    ],
                    [
                        -119.21326446782398,
                        40.79847954696241
                    ]
                ]
            }
        },
        {
            "type": "Feature",
            "properties": {
                "type": "radial",
                "name": "12:00"
            },
            "geometry": {
                "type": "LineString",
                "coordinates": [
                    [
                        -119.207871,
                        40.783242
                    ],
                    [
                        -119.2014709469689,
                        40.788087501086345
                    ]
                ]
            }
        },
        {
            "type": "Feature",
            "properties": {
                "type": "radial",
                "name": "6:00"
            },
            "geometry": {
                "type": "MultiLineString",
                "coordinates": [
                    [
                        [
                            -119.207871,
                            40.783242
                        ],
                        [
                            -119.21499700011343,
                            40.77784563393957
                        ]
                    ],
                    [
                        [
                            -119.21609753627581,
                            40.7770121044148
                        ],
                        [
                            -119.21610009563007,
                            40.777010165961855
                        ],
                        [
                            -119.21681670894031,
                            40.77646739691422
                        ],
                        [
                            -119.21753331054092,
                            40.77592462343384
                        ],
                        [
                            -119.2182626965738,
                            40.77537215301784
                        ],
                        [
                            -119.21950390456718,
                            40.7744319735077
                        ],
                        [
                            -119.22022046225935,
                            40.773889183405906
                        ],
                        [
                            -119.22093700824335,
                            40.773346388872106
                        ],
                        [
                            -119.22165354251956,
                            40.77280358990648
                        ],
                        [
                            -119.22211416551482,
                            40.772454645374076
                        ],
                        [
                            -119.2226003734276,
                            40.77208631304744
                        ]
                    ]
                ]
            }
        },
        {
            "type": "Feature",
            "properties": {
                "type": "radial",
                "name": "3:00"
            },
            "geometry": {
                "type": "LineString",
                "coordinates": [
                    [
                        -119.207871,
                        40.783242
                    ],
                    [
                        -119.20147188077509,
                        40.7783961453811
                    ],
                    [
                        -119.2003585293902,
                        40.7775529305766
                    ],
                    [
                        -119.19964190436993,
                        40.777010165961855
                    ],
                    [
                        -119.19892529105968,
                        40.77646739691422
                    ],
                    [
                        -119.19820868945907,
                        40.77592462343384
                    ],
                    [
                        -119.19747930342619,
                        40.77537215301784
                    ],
                    [
                        -119.19623809543282,
                        40.7744319735077
                    ],
                    [
                        -119.19552153774065,
                        40.773889183405906
                    ],
                    [
                        -119.19480499175663,
                        40.773346388872106
                    ],
                    [
                        -119.19408845748042,
                        40.77280358990648
                    ],
                    [
                        -119.19362783448516,
                        40.772454645374076
                    ],
                    [
                        -119.19314162657238,
                        40.77208631304744
                    ]
                ]
            }
        },
        {
            "type": "Feature",
            "properties": {
                "type": "radial",
                "name": "9:00"
            },
            "geometry": {
                "type": "LineString",
                "coordinates": [
                    [
                        -119.207871,
                        40.783242
                    ],
                    [
                        -119.21538475765249,
                        40.78893058215797
                    ],
                    [
                        -119.21610163995503,
                        40.789473249367404
                    ],
                    [
                        -119.2168185339749,
                        40.79001591214033
                    ],
                    [
                        -119.21753543971246,
                        40.79055857047658
                    ],
                    [
                        -119.2182651593719,
                        40.791110914583875
                    ],
                    [
                        -119.21950699091249,
                        40.79205085802334
                    ],
                    [
                        -119.22022394059412,
                        40.79259349972064
                    ],
                    [
                        -119.22094090199492,
                        40.79313613698051
                    ],
                    [
                        -119.22165787511523,
                        40.793678769802796
                    ],
                    [
                        -119.22211879259562,
                        40.79402760284517
                    ],
                    [
                        -119.22260532185726,
                        40.794395813511336
                    ]
                ]
            }
        },
        {
            "type": "Feature",
            "properties": {
                "type": "radial",
                "name": "2:00"
            },
            "geometry": {
                "type": "LineString",
                "coordinates": [
                    [
                        -119.19912923629876,
                        40.781468028962934
                    ],
                    [
                        -119.19760821711213,
                        40.781159290627635
                    ],
                    [
                        -119.19662917775949,
                        40.780960551939415
                    ],
                    [
                        -119.1956501442656,
                        40.78076180497714
                    ],
                    [
                        -119.19467111663064,
                        40.78056304974093
                    ],
                    [
                        -119.19367461237633,
                        40.78036073680728
                    ],
                    [
                        -119.19197882084597,
                        40.78001643017968
                    ],
                    [
                        -119.19099981518349,
                        40.77981764391712
                    ],
                    [
                        -119.19002081538073,
                        40.779618849381144
                    ],
                    [
                        -119.18904182143787,
                        40.77942004657183
                    ],
                    [
                        -119.18841247128334,
                        40.77929224039708
                    ],
                    [
                        -119.18774815985869,
                        40.77915733017008
                    ]
                ]
            }
        },
        {
            "type": "Feature",
            "properties": {
                "type": "radial",
                "name": "2:30"
            },
            "geometry": {
                "type": "LineString",
                "coordinates": [
                    [
                        -119.20003354409779,
                        40.779815323188146
                    ],
                    [
                        -119.19866990936565,
                        40.77921902726803
                    ],
                    [
                        -119.1977921804202,
                        40.7788351961157
                    ],
                    [
                        -119.19691446161816,
                        40.77845135831327
                    ],
                    [
                        -119.19603675295949,
                        40.77806751386082
                    ],
                    [
                        -119.19514338134847,
                        40.77767680821416
                    ],
                    [
                        -119.19362310644911,
                        40.77701190732898
                    ],
                    [
                        -119.19274543582729,
                        40.77662803794059
                    ],
                    [
                        -119.19186777534844,
                        40.776244161902994
                    ],
                    [
                        -119.19099012501248,
                        40.77586027921638
                    ],
                    [
                        -119.19042592658111,
                        40.775613493978256
                    ],
                    [
                        -119.18983038833986,
                        40.77535299546821
                    ]
                ]
            }
        },
        {
            "type": "Feature",
            "properties": {
                "type": "radial",
                "name": "3:30"
            },
            "geometry": {
                "type": "LineString",
                "coordinates": [
                    [
                        -119.20334621358059,
                        40.777307192507
                    ],
                    [
                        -119.20255898332115,
                        40.77627451795376
                    ],
                    [
                        -119.20205227334232,
                        40.77560980506666
                    ],
                    [
                        -119.20154557350317,
                        40.77494508996332
                    ],
                    [
                        -119.20103888380324,
                        40.77428037264383
                    ],
                    [
                        -119.20052315648502,
                        40.77360378309643
                    ],
                    [
                        -119.19964553940568,
                        40.77245238858896
                    ],
                    [
                        -119.1991388877243,
                        40.77178766295974
                    ],
                    [
                        -119.19863224618028,
                        40.77112293511484
                    ],
                    [
                        -119.19812561477316,
                        40.770458205054325
                    ],
                    [
                        -119.19779992850702,
                        40.770030877416936
                    ],
                    [
                        -119.19745615310391,
                        40.769579808361954
                    ]
                ]
            }
        },
        {
            "type": "Feature",
            "properties": {
                "type": "radial",
                "name": "4:00"
            },
            "geometry": {
                "type": "LineString",
                "coordinates": [
                    [
                        -119.20552882233576,
                        40.77662265725048
                    ],
                    [
                        -119.20512133109601,
                        40.775470886775885
                    ],
                    [
                        -119.20485904535849,
                        40.77472951651677
                    ],
                    [
                        -119.20459676547458,
                        40.77398814566387
                    ],
                    [
                        -119.20433449144403,
                        40.77324677421717
                    ],
                    [
                        -119.20406753995941,
                        40.772492163384904
                    ],
                    [
                        -119.203613268039,
                        40.77120799967733
                    ],
                    [
                        -119.203351015956,
                        40.77046662600422
                    ],
                    [
                        -119.20308876972507,
                        40.76972525173747
                    ],
                    [
                        -119.20282652934581,
                        40.76898387687711
                    ],
                    [
                        -119.20265794933485,
                        40.76850727843913
                    ],
                    [
                        -119.20248000639106,
                        40.76800420204405
                    ]
                ]
            }
        },
        {
            "type": "Feature",
            "properties": {
                "type": "radial",
                "name": "4:30"
            },
            "geometry": {
                "type": "LineString",
                "coordinates": [
                    [
                        -119.207871,
                        40.776389176635526
                    ],
                    [
                        -119.207871,
                        40.775196785370106
                    ],
                    [
                        -119.207871,
                        40.77442926915328
                    ],
                    [
                        -119.207871,
                        40.773661752936455
                    ],
                    [
                        -119.207871,
                        40.772894236719644
                    ],
                    [
                        -119.207871,
                        40.77211301485609
                    ],
                    [
                        -119.207871,
                        40.77078356712337
                    ],
                    [
                        -119.207871,
                        40.77001605090655
                    ],
                    [
                        -119.207871,
                        40.76924853468973
                    ],
                    [
                        -119.207871,
                        40.768481018472905
                    ],
                    [
                        -119.207871,
                        40.76798761519066
                    ],
                    [
                        -119.207871,
                        40.767466800614955
                    ]
                ]
            }
        },
        {
            "type": "Feature",
            "properties": {
                "type": "radial",
                "name": "5:00"
            },
            "geometry": {
                "type": "LineString",
                "coordinates": [
                    [
                        -119.21021317766423,
                        40.77662265725048
                    ],
                    [
                        -119.21062066890397,
                        40.775470886775885
                    ],
                    [
                        -119.21088295464149,
                        40.77472951651677
                    ],
                    [
                        -119.2111452345254,
                        40.77398814566387
                    ],
                    [
                        -119.21140750855596,
                        40.77324677421717
                    ],
                    [
                        -119.2116744600406,
                        40.772492163384904
                    ],
                    [
                        -119.21212873196097,
                        40.77120799967733
                    ],
                    [
                        -119.21239098404396,
                        40.77046662600422
                    ],
                    [
                        -119.21265323027494,
                        40.76972525173747
                    ],
                    [
                        -119.21291547065417,
                        40.76898387687711
                    ],
                    [
                        -119.21308405066515,
                        40.76850727843913
                    ],
                    [
                        -119.21326199360892,
                        40.76800420204405
                    ]
                ]
            }
        },
        {
            "type": "Feature",
            "properties": {
                "type": "radial",
                "name": "7:00"
            },
            "geometry": {
                "type": "LineString",
                "coordinates": [
                    [
                        -119.21661276370124,
                        40.781468028962934
                    ],
                    [
                        -119.21813378288785,
                        40.781159290627635
                    ],
                    [
                        -119.2191128222405,
                        40.780960551939415
                    ],
                    [
                        -119.22009185573438,
                        40.78076180497714
                    ],
                    [
                        -119.22107088336934,
                        40.78056304974093
                    ],
                    [
                        -119.22206738762367,
                        40.78036073680728
                    ],
                    [
                        -119.22376317915402,
                        40.78001643017968
                    ],
                    [
                        -119.22474218481649,
                        40.77981764391712
                    ],
                    [
                        -119.22572118461926,
                        40.779618849381144
                    ],
                    [
                        -119.22670017856211,
                        40.77942004657183
                    ],
                    [
                        -119.22732952871664,
                        40.77929224039708
                    ],
                    [
                        -119.2279938401413,
                        40.77915733017008
                    ]
                ]
            }
        },
        {
            "type": "Feature",
            "properties": {
                "type": "radial",
                "name": "7:30"
            },
            "geometry": {
                "type": "LineString",
                "coordinates": [
                    [
                        -119.21692138140999,
                        40.783241646467445
                    ],
                    [
                        -119.21849614776107,
                        40.78324151273458
                    ],
                    [
                        -119.21950979046623,
                        40.78324141532927
                    ],
                    [
                        -119.22052343316831,
                        40.78324130905456
                    ],
                    [
                        -119.221537075867,
                        40.78324119391043
                    ],
                    [
                        -119.22256881932444,
                        40.78324106760173
                    ],
                    [
                        -119.22432459326879,
                        40.783240831531074
                    ],
                    [
                        -119.2253382359524,
                        40.78324068312659
                    ],
                    [
                        -119.22635187863135,
                        40.78324052585269
                    ],
                    [
                        -119.22736552130533,
                        40.78324035970937
                    ],
                    [
                        -119.2280171487359,
                        40.783240248219336
                    ],
                    [
                        -119.22870497768795,
                        40.783240126558894
                    ]
                ]
            }
        },
        {
            "type": "Feature",
            "properties": {
                "type": "radial",
                "name": "8:00"
            },
            "geometry": {
                "type": "LineString",
                "coordinates": [
                    [
                        -119.21661323060434,
                        40.78501531133634
                    ],
                    [
                        -119.2181344264092,
                        40.78532380012269
                    ],
                    [
                        -119.21911359440296,
                        40.78552235705016
                    ],
                    [
                        -119.22009276825165,
                        40.78572090570111
                    ],
                    [
                        -119.22107194795508,
                        40.785919446075454
                    ],
                    [
                        -119.22206861902265,
                        40.78612152331386
                    ],
                    [
                        -119.2237647223266,
                        40.78646538942761
                    ],
                    [
                        -119.22474392398377,
                        40.78666389876364
                    ],
                    [
                        -119.22572313149489,
                        40.78686239982251
                    ],
                    [
                        -119.22670234485979,
                        40.78706089260415
                    ],
                    [
                        -119.22733184225686,
                        40.78718849073569
                    ],
                    [
                        -119.22799631435593,
                        40.78732317394119
                    ]
                ]
            }
        },
        {
            "type": "Feature",
            "properties": {
                "type": "radial",
                "name": "8:30"
            },
            "geometry": {
                "type": "LineString",
                "coordinates": [
                    [
                        -119.21570926460208,
                        40.786668146513016
                    ],
                    [
                        -119.21707320524598,
                        40.78726424183383
                    ],
                    [
                        -119.21795115700445,
                        40.78764792687819
                    ],
                    [
                        -119.21882911890813,
                        40.78803160526858
                    ],
                    [
                        -119.21970709095712,
                        40.788415277004816
                    ],
                    [
                        -119.22060075149717,
                        40.788805793188416
                    ],
                    [
                        -119.22212156640428,
                        40.78947033996759
                    ],
                    [
                        -119.22299957649889,
                        40.789853986749264
                    ],
                    [
                        -119.22387759673917,
                        40.79023762687599
                    ],
                    [
                        -119.22475562712526,
                        40.79062126034759
                    ],
                    [
                        -119.22532008058822,
                        40.79086787835068
                    ],
                    [
                        -119.22591589712572,
                        40.79112819437004
                    ]
                ]
            }
        },
        {
            "type": "Feature",
            "properties": {
                "type": "radial",
                "name": "9:30"
            },
            "geometry": {
                "type": "LineString",
                "coordinates": [
                    [
                        -119.21239659511932,
                        40.789176630726715
                    ],
                    [
                        -119.21318413129052,
                        40.79020923841354
                    ],
                    [
                        -119.21369106408234,
                        40.790873902597966
                    ],
                    [
                        -119.21419800702319,
                        40.79153856456397
                    ],
                    [
                        -119.21470496011342,
                        40.792203224311386
                    ],
                    [
                        -119.21522097636074,
                        40.79287975070443
                    ],
                    [
                        -119.21609913344786,
                        40.79403102717655
                    ],
                    [
                        -119.21660612460205,
                        40.79469567860352
                    ],
                    [
                        -119.2171131259076,
                        40.795360327811466
                    ],
                    [
                        -119.21762013736489,
                        40.79602497480028
                    ],
                    [
                        -119.21794607866265,
                        40.79645224669267
                    ],
                    [
                        -119.21829013236207,
                        40.796903254917396
                    ]
                ]
            }
        },
        {
            "type": "Feature",
            "properties": {
                "type": "radial",
                "name": "10:00"
            },
            "geometry": {
                "type": "LineString",
                "coordinates": [
                    [
                        -119.21021364456733,
                        40.789861295385144
                    ],
                    [
                        -119.21062131242533,
                        40.79101304794295
                    ],
                    [
                        -119.21088372680403,
                        40.791754405152204
                    ],
                    [
                        -119.21114614704273,
                        40.79249576176701
                    ],
                    [
                        -119.21140857314178,
                        40.79323711778732
                    ],
                    [
                        -119.2116756914397,
                        40.79399171169743
                    ],
                    [
                        -119.21213027513372,
                        40.79527584377752
                    ],
                    [
                        -119.21239272321145,
                        40.79601719756818
                    ],
                    [
                        -119.21265517715084,
                        40.79675855076422
                    ],
                    [
                        -119.21291763695216,
                        40.7974999033656
                    ],
                    [
                        -119.21308636420572,
                        40.797976486866744
                    ],
                    [
                        -119.21326446782398,
                        40.79847954696241
                    ]
                ]
            }
        },
        {
            "type": "Feature",
            "properties": {
                "type": "radial",
                "name": "5:30"
            },
            "geometry": {
                "type": "LineString",
                "coordinates": [
                    [
                        -119.21239578641939,
                        40.777307192507
                    ],
                    [
                        -119.21318301667883,
                        40.77627451795376
                    ],
                    [
                        -119.21368972665766,
                        40.77560980506666
                    ],
                    [
                        -119.21419642649684,
                        40.77494508996332
                    ],
                    [
                        -119.21470311619674,
                        40.77428037264383
                    ],
                    [
                        -119.21521884351498,
                        40.77360378309643
                    ],
                    [
                        -119.2160964605943,
                        40.77245238858896
                    ],
                    [
                        -119.21660311227569,
                        40.77178766295974
                    ],
                    [
                        -119.2171097538197,
                        40.77112293511484
                    ],
                    [
                        -119.21761638522683,
                        40.770458205054325
                    ],
                    [
                        -119.21794207149296,
                        40.770030877416936
                    ],
                    [
                        -119.21828584689607,
                        40.769579808361954
                    ],
                    [
                        -119.21932619139233,
                        40.768214724744034
                    ]
                ]
            }
        },
        {
            "type": "Feature",
            "properties": {
                "type": "radial",
                "name": "6:30"
            },
            "geometry": {
                "type": "LineString",
                "coordinates": [
                    [
                        -119.21570845590219,
                        40.779815323188146
                    ],
                    [
                        -119.21707209063435,
                        40.77921902726803
                    ],
                    [
                        -119.2179498195798,
                        40.7788351961157
                    ],
                    [
                        -119.21882753838182,
                        40.77845135831327
                    ],
                    [
                        -119.2197052470405,
                        40.77806751386082
                    ],
                    [
                        -119.22059861865151,
                        40.77767680821416
                    ],
                    [
                        -119.22211889355088,
                        40.77701190732898
                    ],
                    [
                        -119.22299656417269,
                        40.77662803794059
                    ],
                    [
                        -119.22387422465154,
                        40.776244161902994
                    ],
                    [
                        -119.22475187498752,
                        40.77586027921638
                    ],
                    [
                        -119.22531607341887,
                        40.775613493978256
                    ],
                    [
                        -119.22591161166012,
                        40.77535299546821
                    ],
                    [
                        -119.22771386998934,
                        40.77456462606276
                    ]
                ]
            }
        },
        {
            "type": "Feature",
            "properties": {
                "type": "radial",
                "name": "2:45",
                "width": 20
            },
            "geometry": {
                "type": "LineString",
                "coordinates": [
                    [
                        -119.19481897710752,
                        40.775657051274926
                    ],
                    [
                        -119.19401498955543,
                        40.77518972362267
                    ],
                    [
                        -119.19321101331423,
                        40.77472239039085
                    ],
                    [
                        -119.19240704838371,
                        40.77425505157965
                    ],
                    [
                        -119.19189021975818,
                        40.773954616540564
                    ],
                    [
                        -119.1913446835021,
                        40.7736374881646
                    ]
                ]
            }
        },
        {
            "type": "Feature",
            "properties": {
                "type": "radial",
                "name": "3:15",
                "width": 20
            },
            "geometry": {
                "type": "LineString",
                "coordinates": [
                    [
                        -119.19785617724457,
                        40.773357627732366
                    ],
                    [
                        -119.19723929991476,
                        40.772748661199046
                    ],
                    [
                        -119.19662243389277,
                        40.77213969138108
                    ],
                    [
                        -119.19600557917818,
                        40.77153071827856
                    ],
                    [
                        -119.19560903568966,
                        40.77113923383543
                    ],
                    [
                        -119.19519046707661,
                        40.77072599878405
                    ]
                ]
            }
        },
        {
            "type": "Feature",
            "properties": {
                "type": "radial",
                "name": "3:45",
                "width": 20
            },
            "geometry": {
                "type": "LineString",
                "coordinates": [
                    [
                        -119.20157557330423,
                        40.77173173778273
                    ],
                    [
                        -119.20118780756592,
                        40.77102262353423
                    ],
                    [
                        -119.20080005010404,
                        40.770313507987886
                    ],
                    [
                        -119.20041230091829,
                        40.76960439114373
                    ],
                    [
                        -119.20016303795468,
                        40.76914852963006
                    ],
                    [
                        -119.19989993075889,
                        40.76866734189492
                    ]
                ]
            }
        },
        {
            "type": "Feature",
            "properties": {
                "type": "radial",
                "name": "4:15",
                "width": 20
            },
            "geometry": {
                "type": "LineString",
                "coordinates": [
                    [
                        -119.20572377439247,
                        40.77089013084176
                    ],
                    [
                        -119.2055915181739,
                        40.77012917830523
                    ],
                    [
                        -119.20545926498446,
                        40.76936822561774
                    ],
                    [
                        -119.20532701482396,
                        40.76860727277927
                    ],
                    [
                        -119.2052419984631,
                        40.76811808873196
                    ],
                    [
                        -119.20515226032896,
                        40.76760172772545
                    ]
                ]
            }
        },
        {
            "type": "Feature",
            "properties": {
                "type": "radial",
                "name": "4:45",
                "width": 20
            },
            "geometry": {
                "type": "LineString",
                "coordinates": [
                    [
                        -119.21001822560751,
                        40.77089013084176
                    ],
                    [
                        -119.21015048182609,
                        40.77012917830523
                    ],
                    [
                        -119.21028273501554,
                        40.76936822561774
                    ],
                    [
                        -119.21041498517603,
                        40.76860727277927
                    ],
                    [
                        -119.21050000153691,
                        40.76811808873196
                    ],
                    [
                        -119.21058973967102,
                        40.76760172772545
                    ]
                ]
            }
        },
        {
            "type": "Feature",
            "properties": {
                "type": "radial",
                "name": "5:15",
                "width": 20
            },
            "geometry": {
                "type": "LineString",
                "coordinates": [
                    [
                        -119.21416642669575,
                        40.77173173778273
                    ],
                    [
                        -119.21455419243406,
                        40.77102262353423
                    ],
                    [
                        -119.21494194989594,
                        40.770313507987886
                    ],
                    [
                        -119.21532969908172,
                        40.76960439114373
                    ],
                    [
                        -119.21557896204531,
                        40.76914852963006
                    ],
                    [
                        -119.21584206924109,
                        40.76866734189492
                    ]
                ]
            }
        },
        {
            "type": "Feature",
            "properties": {
                "type": "radial",
                "name": "5:45",
                "width": 20
            },
            "geometry": {
                "type": "LineString",
                "coordinates": [
                    [
                        -119.2178858227554,
                        40.773357627732366
                    ],
                    [
                        -119.21850270008522,
                        40.772748661199046
                    ],
                    [
                        -119.21911956610722,
                        40.77213969138108
                    ],
                    [
                        -119.2197364208218,
                        40.77153071827856
                    ],
                    [
                        -119.22013296431034,
                        40.77113923383543
                    ],
                    [
                        -119.22055153292337,
                        40.77072599878405
                    ]
                ]
            }
        },
        {
            "type": "Feature",
            "properties": {
                "type": "radial",
                "name": "6:15",
                "width": 20
            },
            "geometry": {
                "type": "LineString",
                "coordinates": [
                    [
                        -119.22092302289246,
                        40.775657051274926
                    ],
                    [
                        -119.22172701044457,
                        40.77518972362267
                    ],
                    [
                        -119.22253098668577,
                        40.77472239039085
                    ],
                    [
                        -119.22333495161627,
                        40.77425505157965
                    ],
                    [
                        -119.22385178024182,
                        40.773954616540564
                    ],
                    [
                        -119.22439731649789,
                        40.7736374881646
                    ]
                ]
            }
        },
        {
            "type": "Feature",
            "properties": {
                "type": "radial",
                "name": "6:45",
                "width": 20
            },
            "geometry": {
                "type": "LineString",
                "coordinates": [
                    [
                        -119.22307104700901,
                        40.77847336689791
                    ],
                    [
                        -119.22400739217589,
                        40.77817952450688
                    ],
                    [
                        -119.22494372905904,
                        40.777885674547825
                    ],
                    [
                        -119.22588005765837,
                        40.77759181702089
                    ],
                    [
                        -119.22648197881213,
                        40.77740290461448
                    ],
                    [
                        -119.22711733631598,
                        40.777203493681505
                    ]
                ]
            }
        },
        {
            "type": "Feature",
            "properties": {
                "type": "radial",
                "name": "7:15",
                "width": 20
            },
            "geometry": {
                "type": "LineString",
                "coordinates": [
                    [
                        -119.22418343111245,
                        40.781614699674684
                    ],
                    [
                        -119.22518835121862,
                        40.78151437283733
                    ],
                    [
                        -119.2261932682889,
                        40.78141403728265
                    ],
                    [
                        -119.22719818232302,
                        40.781313693010695
                    ],
                    [
                        -119.22784419688439,
                        40.78124918137549
                    ],
                    [
                        -119.22852609978221,
                        40.78118108185229
                    ]
                ]
            }
        },
        {
            "type": "Feature",
            "properties": {
                "type": "radial",
                "name": "7:45",
                "width": 20
            },
            "geometry": {
                "type": "LineString",
                "coordinates": [
                    [
                        -119.22418422991736,
                        40.78486700320208
                    ],
                    [
                        -119.22518925147786,
                        40.78496703828723
                    ],
                    [
                        -119.22619427606588,
                        40.78506706465308
                    ],
                    [
                        -119.2271993036812,
                        40.78516708229958
                    ],
                    [
                        -119.22784539446094,
                        40.78523137475366
                    ],
                    [
                        -119.22852738052993,
                        40.78529923510145
                    ]
                ]
            }
        },
        {
            "type": "Feature",
            "properties": {
                "type": "radial",
                "name": "8:15",
                "width": 20
            },
            "geometry": {
                "type": "LineString",
                "coordinates": [
                    [
                        -119.22307322938464,
                        40.78800863840085
                    ],
                    [
                        -119.22400985172989,
                        40.78830222744957
                    ],
                    [
                        -119.22494648235703,
                        40.78859580892527
                    ],
                    [
                        -119.22588312126597,
                        40.788889382827804
                    ],
                    [
                        -119.22648525065215,
                        40.789078104908825
                    ],
                    [
                        -119.22712083538394,
                        40.789277308154425
                    ]
                ]
            }
        },
        {
            "type": "Feature",
            "properties": {
                "type": "radial",
                "name": "8:45",
                "width": 20
            },
            "geometry": {
                "type": "LineString",
                "coordinates": [
                    [
                        -119.22092600407308,
                        40.790825477834105
                    ],
                    [
                        -119.22173037025789,
                        40.79129261867195
                    ],
                    [
                        -119.22253474776089,
                        40.791759753924374
                    ],
                    [
                        -119.22333913658221,
                        40.79222688359117
                    ],
                    [
                        -119.22385624965855,
                        40.79252717828449
                    ],
                    [
                        -119.22440209631378,
                        40.79284415351194
                    ]
                ]
            }
        },
        {
            "type": "Feature",
            "properties": {
                "type": "radial",
                "name": "9:15",
                "width": 20
            },
            "geometry": {
                "type": "LineString",
                "coordinates": [
                    [
                        -119.21788880393612,
                        40.79312550622069
                    ],
                    [
                        -119.21850605989869,
                        40.793734362759416
                    ],
                    [
                        -119.21912332718249,
                        40.79434321600894
                    ],
                    [
                        -119.21974060578795,
                        40.794952065969184
                    ],
                    [
                        -119.22013743372727,
                        40.795343467778025
                    ],
                    [
                        -119.22055631273949,
                        40.795756612656966
                    ]
                ]
            }
        },
        {
            "type": "Feature",
            "properties": {
                "type": "radial",
                "name": "2:15",
                "width": 20
            },
            "geometry": {
                "type": "LineString",
                "coordinates": [
                    [
                        -119.192670952991,
                        40.77847336689791
                    ],
                    [
                        -119.19173460782409,
                        40.77817952450688
                    ],
                    [
                        -119.19079827094097,
                        40.777885674547825
                    ],
                    [
                        -119.18986194234161,
                        40.77759181702089
                    ]
                ]
            }
        },
        {
            "type": "Feature",
            "properties": {
                "type": "radial",
                "name": "9:45",
                "width": 20
            },
            "geometry": {
                "type": "LineString",
                "coordinates": [
                    [
                        -119.21416860907158,
                        40.794751919980634
                    ],
                    [
                        -119.2145566519883,
                        40.79546099076245
                    ],
                    [
                        -119.21494470319423,
                        40.796170060244336
                    ],
                    [
                        -119.21533276268967,
                        40.79687912842622
                    ]
                ]
            }
        },
        {
            "type": "Feature",
            "properties": {
                "ref": "centerCampPlazaRoad",
                "name": "Inner Circle"
            },
            "geometry": {
                "type": "LineString",
                "coordinates": [
                    [
                        -119.21554727164684,
                        40.77801821329339
                    ],
                    [
                        -119.21551332391694,
                        40.77801765236465
                    ],
                    [
                        -119.2154794408102,
                        40.77801597064622
                    ],
                    [
                        -119.2154456868267,
                        40.778013171339424
                    ],
                    [
                        -119.2154121262208,
                        40.77800925977304
                    ],
                    [
                        -119.21537882287866,
                        40.77800424339317
                    ],
                    [
                        -119.21534584019663,
                        40.77799813174901
                    ],
                    [
                        -119.21531324096067,
                        40.77799093647474
                    ],
                    [
                        -119.21528108722673,
                        40.777982671267296
                    ],
                    [
                        -119.21524944020261,
                        40.777973351860396
                    ],
                    [
                        -119.21521836013153,
                        40.77796299599448
                    ],
                    [
                        -119.21518790617728,
                        40.77795162338302
                    ],
                    [
                        -119.21515813631176,
                        40.77793925567492
                    ],
                    [
                        -119.21512910720456,
                        40.7779259164134
                    ],
                    [
                        -119.21510087411497,
                        40.77791163099106
                    ],
                    [
                        -119.21507349078699,
                        40.777896426601615
                    ],
                    [
                        -119.21504700934683,
                        40.77788033218811
                    ],
                    [
                        -119.21502148020379,
                        40.777863378387806
                    ],
                    [
                        -119.21499695195426,
                        40.77784559747388
                    ],
                    [
                        -119.21497347128927,
                        40.77782702329394
                    ],
                    [
                        -119.21495108290547,
                        40.777807691205666
                    ],
                    [
                        -119.21492982942026,
                        40.77778763800943
                    ],
                    [
                        -119.21490975129043,
                        40.777766901878266
                    ],
                    [
                        -119.21489088673538,
                        40.77774552228517
                    ],
                    [
                        -119.21487327166412,
                        40.77772353992807
                    ],
                    [
                        -119.21485693960723,
                        40.777700996652165
                    ],
                    [
                        -119.21484192165276,
                        40.777677935370406
                    ],
                    [
                        -119.21482824638716,
                        40.777654399981806
                    ],
                    [
                        -119.21481593984096,
                        40.77763043528777
                    ],
                    [
                        -119.21480502543908,
                        40.7776060869069
                    ],
                    [
                        -119.21479552395633,
                        40.77758140118812
                    ],
                    [
                        -119.21478745347788,
                        40.77755642512245
                    ],
                    [
                        -119.21478082936484,
                        40.77753120625355
                    ],
                    [
                        -119.21477566422499,
                        40.777505792587206
                    ],
                    [
                        -119.21477196788882,
                        40.77748023249999
                    ],
                    [
                        -119.21476974739083,
                        40.77745457464712
                    ],
                    [
                        -119.21476900695617,
                        40.777428867869865
                    ],
                    [
                        -119.21476974799259,
                        40.77740316110254
                    ],
                    [
                        -119.21477196908776,
                        40.77737750327943
                    ],
                    [
                        -119.21477566601199,
                        40.77735194324159
                    ],
                    [
                        -119.21478083172629,
                        40.77732652964382
                    ],
                    [
                        -119.21478745639581,
                        40.7773013108622
                    ],
                    [
                        -119.21479552740853,
                        40.77727633490183
                    ],
                    [
                        -119.21480502939927,
                        40.77725164930558
                    ],
                    [
                        -119.21481594427902,
                        40.77722730106355
                    ],
                    [
                        -119.21482825126932,
                        40.77720333652359
                    ],
                    [
                        -119.21484192694184,
                        40.77717980130313
                    ],
                    [
                        -119.21485694526298,
                        40.77715674020231
                    ],
                    [
                        -119.21487327764352,
                        40.777134197118755
                    ],
                    [
                        -119.21489089299287,
                        40.77711221496392
                    ],
                    [
                        -119.21490975777847,
                        40.77709083558155
                    ],
                    [
                        -119.21492983608938,
                        40.77707009966787
                    ],
                    [
                        -119.21495108970501,
                        40.77705004669429
                    ],
                    [
                        -119.2149734781674,
                        40.77703071483212
                    ],
                    [
                        -119.21499695885866,
                        40.77701214088004
                    ],
                    [
                        -119.21502148708191,
                        40.776994360193946
                    ],
                    [
                        -119.21504701614633,
                        40.77697740661974
                    ],
                    [
                        -119.21507349745612,
                        40.776961312428895
                    ],
                    [
                        -119.215100880603,
                        40.77694610825695
                    ],
                    [
                        -119.21512911346208,
                        40.77693182304532
                    ],
                    [
                        -119.21515814229114,
                        40.77691848398608
                    ],
                    [
                        -119.21518791183304,
                        40.77690611647033
                    ],
                    [
                        -119.21521836542061,
                        40.7768947440398
                    ],
                    [
                        -119.21524944508477,
                        40.776884388342026
                    ],
                    [
                        -119.21528109166479,
                        40.7768750690892
                    ],
                    [
                        -119.21531324492088,
                        40.77686680402059
                    ],
                    [
                        -119.21534584364886,
                        40.776859608868854
                    ],
                    [
                        -119.21537882579658,
                        40.776853497329995
                    ],
                    [
                        -119.21541212858226,
                        40.7768484810374
                    ],
                    [
                        -119.21544568861371,
                        40.776844569539605
                    ],
                    [
                        -119.21547944200914,
                        40.77684177028216
                    ],
                    [
                        -119.21551332451868,
                        40.776840088593495
                    ],
                    [
                        -119.21554727164684,
                        40.7768395276747
                    ],
                    [
                        -119.215581218775,
                        40.776840088593495
                    ],
                    [
                        -119.21561510128454,
                        40.77684177028216
                    ],
                    [
                        -119.21564885467996,
                        40.776844569539605
                    ],
                    [
                        -119.21568241471141,
                        40.7768484810374
                    ],
                    [
                        -119.2157157174971,
                        40.776853497329995
                    ],
                    [
                        -119.21574869964482,
                        40.776859608868854
                    ],
                    [
                        -119.2157812983728,
                        40.77686680402059
                    ],
                    [
                        -119.21581345162889,
                        40.7768750690892
                    ],
                    [
                        -119.21584509820892,
                        40.776884388342026
                    ],
                    [
                        -119.21587617787307,
                        40.7768947440398
                    ],
                    [
                        -119.21590663146064,
                        40.77690611647033
                    ],
                    [
                        -119.21593640100252,
                        40.77691848398608
                    ],
                    [
                        -119.2159654298316,
                        40.77693182304532
                    ],
                    [
                        -119.21599366269068,
                        40.77694610825695
                    ],
                    [
                        -119.21602104583754,
                        40.776961312428895
                    ],
                    [
                        -119.21604752714735,
                        40.77697740661974
                    ],
                    [
                        -119.21607305621177,
                        40.776994360193946
                    ],
                    [
                        -119.21609758443502,
                        40.77701214088004
                    ],
                    [
                        -119.21612106512629,
                        40.77703071483212
                    ],
                    [
                        -119.21614345358867,
                        40.77705004669429
                    ],
                    [
                        -119.21616470720427,
                        40.77707009966787
                    ],
                    [
                        -119.21618478551521,
                        40.77709083558155
                    ],
                    [
                        -119.2162036503008,
                        40.77711221496392
                    ],
                    [
                        -119.21622126565016,
                        40.777134197118755
                    ],
                    [
                        -119.21623759803067,
                        40.77715674020231
                    ],
                    [
                        -119.21625261635184,
                        40.77717980130313
                    ],
                    [
                        -119.21626629202436,
                        40.77720333652359
                    ],
                    [
                        -119.21627859901466,
                        40.77722730106355
                    ],
                    [
                        -119.21628951389441,
                        40.77725164930558
                    ],
                    [
                        -119.21629901588516,
                        40.77727633490183
                    ],
                    [
                        -119.21630708689787,
                        40.7773013108622
                    ],
                    [
                        -119.2163137115674,
                        40.77732652964382
                    ],
                    [
                        -119.2163188772817,
                        40.77735194324159
                    ],
                    [
                        -119.21632257420592,
                        40.77737750327943
                    ],
                    [
                        -119.21632479530109,
                        40.77740316110254
                    ],
                    [
                        -119.21632553633751,
                        40.777428867869865
                    ],
                    [
                        -119.21632479590285,
                        40.77745457464712
                    ],
                    [
                        -119.21632257540486,
                        40.77748023249999
                    ],
                    [
                        -119.2163188790687,
                        40.777505792587206
                    ],
                    [
                        -119.21631371392884,
                        40.77753120625355
                    ],
                    [
                        -119.2163070898158,
                        40.77755642512245
                    ],
                    [
                        -119.21629901933736,
                        40.77758140118812
                    ],
                    [
                        -119.2162895178546,
                        40.7776060869069
                    ],
                    [
                        -119.21627860345272,
                        40.77763043528777
                    ],
                    [
                        -119.21626629690651,
                        40.777654399981806
                    ],
                    [
                        -119.21625262164092,
                        40.777677935370406
                    ],
                    [
                        -119.21623760368644,
                        40.777700996652165
                    ],
                    [
                        -119.21622127162956,
                        40.77772353992807
                    ],
                    [
                        -119.2162036565583,
                        40.77774552228517
                    ],
                    [
                        -119.21618479200323,
                        40.777766901878266
                    ],
                    [
                        -119.21616471387343,
                        40.77778763800943
                    ],
                    [
                        -119.21614346038818,
                        40.777807691205666
                    ],
                    [
                        -119.21612107200441,
                        40.77782702329394
                    ],
                    [
                        -119.2160975913394,
                        40.77784559747388
                    ],
                    [
                        -119.2160730630899,
                        40.777863378387806
                    ],
                    [
                        -119.21604753394685,
                        40.77788033218811
                    ],
                    [
                        -119.21602105250669,
                        40.777896426601615
                    ],
                    [
                        -119.2159936691787,
                        40.77791163099106
                    ],
                    [
                        -119.21596543608912,
                        40.7779259164134
                    ],
                    [
                        -119.21593640698191,
                        40.77793925567492
                    ],
                    [
                        -119.2159066371164,
                        40.77795162338302
                    ],
                    [
                        -119.21587618316215,
                        40.77796299599448
                    ],
                    [
                        -119.21584510309107,
                        40.777973351860396
                    ],
                    [
                        -119.21581345606695,
                        40.777982671267296
                    ],
                    [
                        -119.21578130233301,
                        40.77799093647474
                    ],
                    [
                        -119.21574870309705,
                        40.77799813174901
                    ],
                    [
                        -119.21571572041502,
                        40.77800424339317
                    ],
                    [
                        -119.21568241707286,
                        40.77800925977304
                    ],
                    [
                        -119.21564885646698,
                        40.778013171339424
                    ],
                    [
                        -119.21561510248348,
                        40.77801597064622
                    ],
                    [
                        -119.21558121937674,
                        40.77801765236465
                    ],
                    [
                        -119.21554727164684,
                        40.77801821329339
                    ]
                ]
            }
        },
        {
            "type": "Feature",
            "properties": {
                "ref": "frontage_arc"
            },
            "geometry": {
                "type": "LineString",
                "coordinates": [
                    [
                        -119.21700710066818,
                        40.77926860313059
                    ],
                    [
                        -119.2168997361096,
                        40.77931507151777
                    ],
                    [
                        -119.2167897968389,
                        40.7793579493272
                    ],
                    [
                        -119.21667749214491,
                        40.77939715493149
                    ],
                    [
                        -119.21656303582085,
                        40.77943261369399
                    ],
                    [
                        -119.21644664575709,
                        40.77946425811088
                    ],
                    [
                        -119.21632854352632,
                        40.7794920279397
                    ],
                    [
                        -119.21620895396161,
                        40.77951587031414
                    ],
                    [
                        -119.21608810472839,
                        40.77953573984464
                    ],
                    [
                        -119.21596622589074,
                        40.77955159870481
                    ],
                    [
                        -119.21584354947349,
                        40.779563416703546
                    ],
                    [
                        -119.21572030902018,
                        40.77957117134246
                    ],
                    [
                        -119.21567090743724,
                        40.77957313188974
                    ],
                    [
                        -119.21554727164684,
                        40.77957517476181
                    ],
                    [
                        -119.21542363585641,
                        40.77957313188974
                    ],
                    [
                        -119.21530023543653,
                        40.77956700716266
                    ],
                    [
                        -119.2151773053095,
                        40.779556812240436
                    ],
                    [
                        -119.21505507950204,
                        40.77954256653156
                    ],
                    [
                        -119.21493379069967,
                        40.779524297156144
                    ],
                    [
                        -119.21481366980363,
                        40.7795020388943
                    ],
                    [
                        -119.21469494549108,
                        40.77947583411986
                    ],
                    [
                        -119.21457784377967,
                        40.779445732719736
                    ],
                    [
                        -119.2144625875973,
                        40.77941179199894
                    ],
                    [
                        -119.21434939635745,
                        40.779374076571365
                    ],
                    [
                        -119.2142384855415,
                        40.779332658236854
                    ],
                    [
                        -119.21413006628835,
                        40.779287615844396
                    ],
                    [
                        -119.21402434499248,
                        40.77923903514203
                    ],
                    [
                        -119.2139215229109,
                        40.779187008613526
                    ],
                    [
                        -119.21382179578,
                        40.77913163530236
                    ],
                    [
                        -119.21372535344292,
                        40.77907302062296
                    ],
                    [
                        -119.21363237948803,
                        40.77901127616014
                    ],
                    [
                        -119.21354305089953,
                        40.778946519456575
                    ],
                    [
                        -119.21345753772047,
                        40.778878873788926
                    ],
                    [
                        -119.21337600272904,
                        40.77880846793321
                    ],
                    [
                        -119.21329860112877,
                        40.77873543591951
                    ],
                    [
                        -119.21322548025302,
                        40.778659916776874
                    ],
                    [
                        -119.21315677928472,
                        40.77858205426848
                    ],
                    [
                        -119.21309262899133,
                        40.77850199661802
                    ],
                    [
                        -119.21303315147603,
                        40.778419896227476
                    ],
                    [
                        -119.21297845994542,
                        40.778335909386826
                    ],
                    [
                        -119.21292865849406,
                        40.77825019597669
                    ],
                    [
                        -119.21288384190645,
                        40.77816291916376
                    ],
                    [
                        -119.21284409547667,
                        40.77807424509025
                    ],
                    [
                        -119.21280949484625,
                        40.777984342557545
                    ],
                    [
                        -119.21278010586019,
                        40.77789338270486
                    ],
                    [
                        -119.21275598444191,
                        40.777801538683434
                    ],
                    [
                        -119.21273717648684,
                        40.77770898532689
                    ],
                    [
                        -119.21272371777523,
                        40.77761589881838
                    ],
                    [
                        -119.21271563390427,
                        40.77752245635525
                    ],
                    [
                        -119.21271294023938,
                        40.777428835811655
                    ],
                    [
                        -119.21271564188547,
                        40.7773352154
                    ],
                    [
                        -119.21272373367691,
                        40.77724177333169
                    ],
                    [
                        -119.212737200188,
                        40.77714868747786
                    ],
                    [
                        -119.21275601576214,
                        40.77705613503088
                    ],
                    [
                        -119.21278014456114,
                        40.776964292166994
                    ],
                    [
                        -119.21280954063333,
                        40.776873333710995
                    ],
                    [
                        -119.21284414800148,
                        40.7767834328035
                    ],
                    [
                        -119.2128839007692,
                        40.77669476057135
                    ],
                    [
                        -119.2129287232468,
                        40.77660748580193
                    ],
                    [
                        -119.21297853009536,
                        40.7765217746219
                    ],
                    [
                        -119.21303322648923,
                        40.77643779018097
                    ],
                    [
                        -119.2130927082969,
                        40.77635569234149
                    ],
                    [
                        -119.21311781587146,
                        40.77632341658622
                    ]
                ]
            }
        },
        {
            "type": "Feature",
            "properties": {
                "ref": "entrance",
                "name": "Entrance Road"
            },
            "geometry": {
                "type": "MultiLineString",
                "coordinates": [
                    [
                        [
                            -119.22502353845707,
                            40.7702393289584
                        ],
                        [
                            -119.22402538705498,
                            40.770995250406436
                        ]
                    ],
                    [
                        [
                            -119.22402538705498,
                            40.770995250406436
                        ],
                        [
                            -119.2202123780934,
                            40.77053772216387
                        ]
                    ],
                    [
                        [
                            -119.22402538705498,
                            40.770995250406436
                        ],
                        [
                            -119.22462780682139,
                            40.77387544684436
                        ]
                    ]
                ]
            }
        },
        {
            "type": "Feature",
            "properties": {
                "ref": "airport",
                "name": "Airport Road"
            },
            "geometry": {
                "type": "LineString",
                "coordinates": [
                    [
                        -119.213262,
                        40.768004
                    ],
                    [
                        -119.21256248135269,
                        40.76080583453578
                    ]
                ]
            }
        }
    ]
}